Commence .bash_profile.ext
 ****************************************************************************
 SFINCS: Stellarator Fokker-Plank Iterative Neoclassical Conservative Solver
 Version 3
 Using double precision.
 Parallel job ( 128 processes) detected.
 Successfully read parameters from general namelist in input.namelist.
 Successfully read parameters from geometryParameters namelist in input.namelist.
 Successfully read parameters from speciesParameters namelist in input.namelist.
 Successfully read parameters from physicsParameters namelist in input.namelist.
 Successfully read parameters from resolutionParameters namelist in input.namelist.
 Successfully read parameters from otherNumericalParameters namelist in input.namelist.
 Successfully read parameters from preconditionerOptions namelist in input.namelist.
 Successfully read parameters from export_f namelist in input.namelist.
 mumps detected
 superlu_dist not detected
 ---- Physics parameters: ----
 Number of particle species =            1
 Delta (rho* at reference parameters)          =    4.5694000000000004E-003
 alpha (e Phi / T at reference parameters)     =    1.0000000000000000
 nu_n (collisionality at reference parameters) =    8.3300000000000006E-003
 Linear run
 ---- Numerical parameters: ----
 Ntheta             =           25
 Nzeta              =           81
 Nxi                =          140
 NL                 =            4
 Nx                 =            7
 solverTolerance    =    9.9999999999999995E-008
 Theta derivative: centered finite differences, 5-point stencil
 Zeta derivative: centered finite differences, 5-point stencil
 For solving large linear systems, an iterative Krylov solver will be used.
 Processor    0 owns theta indices   1 to  25 and zeta indices   1 to   1
 Processor    1 owns theta indices   1 to  25 and zeta indices   2 to   2
 Processor    2 owns theta indices   1 to  25 and zeta indices   3 to   3
 Processor    3 owns theta indices   1 to  25 and zeta indices   4 to   4
 Processor    4 owns theta indices   1 to  25 and zeta indices   5 to   5
 Processor    5 owns theta indices   1 to  25 and zeta indices   6 to   6
 Processor    6 owns theta indices   1 to  25 and zeta indices   7 to   7
 Processor    7 owns theta indices   1 to  25 and zeta indices   8 to   8
 Processor    8 owns theta indices   1 to  25 and zeta indices   9 to   9
 Processor    9 owns theta indices   1 to  25 and zeta indices  10 to  10
 Processor   10 owns theta indices   1 to  25 and zeta indices  11 to  11
 Processor   11 owns theta indices   1 to  25 and zeta indices  12 to  12
 Processor   12 owns theta indices   1 to  25 and zeta indices  13 to  13
 Processor   13 owns theta indices   1 to  25 and zeta indices  14 to  14
 Processor   14 owns theta indices   1 to  25 and zeta indices  15 to  15
 Processor   15 owns theta indices   1 to  25 and zeta indices  16 to  16
 Processor   16 owns theta indices   1 to  25 and zeta indices  17 to  17
 Processor   17 owns theta indices   1 to  25 and zeta indices  18 to  18
 Processor   18 owns theta indices   1 to  25 and zeta indices  19 to  19
 Processor   19 owns theta indices   1 to  25 and zeta indices  20 to  20
 Processor   20 owns theta indices   1 to  25 and zeta indices  21 to  21
 Processor   21 owns theta indices   1 to  25 and zeta indices  22 to  22
 Processor   22 owns theta indices   1 to  25 and zeta indices  23 to  23
 Processor   23 owns theta indices   1 to  25 and zeta indices  24 to  24
 Processor   24 owns theta indices   1 to  25 and zeta indices  25 to  25
 Processor   25 owns theta indices   1 to  25 and zeta indices  26 to  26
 Processor   26 owns theta indices   1 to  25 and zeta indices  27 to  27
 Processor   27 owns theta indices   1 to  25 and zeta indices  28 to  28
 Processor   28 owns theta indices   1 to  25 and zeta indices  29 to  29
 Processor   29 owns theta indices   1 to  25 and zeta indices  30 to  30
 Processor   30 owns theta indices   1 to  25 and zeta indices  31 to  31
 Processor   31 owns theta indices   1 to  25 and zeta indices  32 to  32
 Processor   32 owns theta indices   1 to  25 and zeta indices  33 to  33
 Processor   33 owns theta indices   1 to  25 and zeta indices  34 to  34
 Processor   34 owns theta indices   1 to  25 and zeta indices  35 to  35
 Processor   35 owns theta indices   1 to  25 and zeta indices  36 to  36
 Processor   36 owns theta indices   1 to  25 and zeta indices  37 to  37
 Processor   37 owns theta indices   1 to  25 and zeta indices  38 to  38
 Processor   38 owns theta indices   1 to  25 and zeta indices  39 to  39
 Processor   39 owns theta indices   1 to  25 and zeta indices  40 to  40
 Processor   40 owns theta indices   1 to  25 and zeta indices  41 to  41
 Processor   41 owns theta indices   1 to  25 and zeta indices  42 to  42
 Processor   42 owns theta indices   1 to  25 and zeta indices  43 to  43
 Processor   43 owns theta indices   1 to  25 and zeta indices  44 to  44
 Processor   44 owns theta indices   1 to  25 and zeta indices  45 to  45
 Processor   45 owns theta indices   1 to  25 and zeta indices  46 to  46
 Processor   46 owns theta indices   1 to  25 and zeta indices  47 to  47
 Processor   47 owns theta indices   1 to  25 and zeta indices  48 to  48
 Processor   48 owns theta indices   1 to  25 and zeta indices  49 to  49
 Processor   49 owns theta indices   1 to  25 and zeta indices  50 to  50
 Processor   50 owns theta indices   1 to  25 and zeta indices  51 to  51
 Processor   51 owns theta indices   1 to  25 and zeta indices  52 to  52
 Processor   52 owns theta indices   1 to  25 and zeta indices  53 to  53
 Processor   53 owns theta indices   1 to  25 and zeta indices  54 to  54
 Processor   54 owns theta indices   1 to  25 and zeta indices  55 to  55
 Processor   55 owns theta indices   1 to  25 and zeta indices  56 to  56
 Processor   56 owns theta indices   1 to  25 and zeta indices  57 to  57
 Processor   57 owns theta indices   1 to  25 and zeta indices  58 to  58
 Processor   58 owns theta indices   1 to  25 and zeta indices  59 to  59
 Processor   59 owns theta indices   1 to  25 and zeta indices  60 to  60
 Processor   60 owns theta indices   1 to  25 and zeta indices  61 to  61
 Processor   61 owns theta indices   1 to  25 and zeta indices  62 to  62
 Processor   62 owns theta indices   1 to  25 and zeta indices  63 to  63
 Processor   63 owns theta indices   1 to  25 and zeta indices  64 to  64
 Processor   64 owns theta indices   1 to  25 and zeta indices  65 to  65
 Processor   65 owns theta indices   1 to  25 and zeta indices  66 to  66
 Processor   66 owns theta indices   1 to  25 and zeta indices  67 to  67
 Processor   67 owns theta indices   1 to  25 and zeta indices  68 to  68
 Processor   68 owns theta indices   1 to  25 and zeta indices  69 to  69
 Processor   69 owns theta indices   1 to  25 and zeta indices  70 to  70
 Processor   70 owns theta indices   1 to  25 and zeta indices  71 to  71
 Processor   71 owns theta indices   1 to  25 and zeta indices  72 to  72
 Processor   72 owns theta indices   1 to  25 and zeta indices  73 to  73
 Processor   73 owns theta indices   1 to  25 and zeta indices  74 to  74
 Processor   74 owns theta indices   1 to  25 and zeta indices  75 to  75
 Processor   75 owns theta indices   1 to  25 and zeta indices  76 to  76
 Processor   76 owns theta indices   1 to  25 and zeta indices  77 to  77
 Processor   77 owns theta indices   1 to  25 and zeta indices  78 to  78
 Processor   78 owns theta indices   1 to  25 and zeta indices  79 to  79
 Processor   79 owns theta indices   1 to  25 and zeta indices  80 to  80
 Processor   80 owns theta indices   1 to  25 and zeta indices  81 to  81
 Processor   81 owns theta indices   1 to  25 and zeta indices  82 to  81
 Processor   82 owns theta indices   1 to  25 and zeta indices  82 to  81
 Processor   83 owns theta indices   1 to  25 and zeta indices  82 to  81
 Processor   84 owns theta indices   1 to  25 and zeta indices  82 to  81
 Processor   85 owns theta indices   1 to  25 and zeta indices  82 to  81
 Processor   86 owns theta indices   1 to  25 and zeta indices  82 to  81
 Processor   87 owns theta indices   1 to  25 and zeta indices  82 to  81
 Processor   88 owns theta indices   1 to  25 and zeta indices  82 to  81
 Processor   89 owns theta indices   1 to  25 and zeta indices  82 to  81
 Processor   90 owns theta indices   1 to  25 and zeta indices  82 to  81
 Processor   91 owns theta indices   1 to  25 and zeta indices  82 to  81
 Processor   92 owns theta indices   1 to  25 and zeta indices  82 to  81
 Processor   93 owns theta indices   1 to  25 and zeta indices  82 to  81
 Processor   94 owns theta indices   1 to  25 and zeta indices  82 to  81
 Processor   95 owns theta indices   1 to  25 and zeta indices  82 to  81
 Processor   96 owns theta indices   1 to  25 and zeta indices  82 to  81
 Processor   97 owns theta indices   1 to  25 and zeta indices  82 to  81
 Processor   98 owns theta indices   1 to  25 and zeta indices  82 to  81
 Processor   99 owns theta indices   1 to  25 and zeta indices  82 to  81
 Processor  100 owns theta indices   1 to  25 and zeta indices  82 to  81
 Processor  101 owns theta indices   1 to  25 and zeta indices  82 to  81
 Processor  102 owns theta indices   1 to  25 and zeta indices  82 to  81
 Processor  103 owns theta indices   1 to  25 and zeta indices  82 to  81
 Processor  104 owns theta indices   1 to  25 and zeta indices  82 to  81
 Processor  105 owns theta indices   1 to  25 and zeta indices  82 to  81
 Processor  106 owns theta indices   1 to  25 and zeta indices  82 to  81
 Processor  107 owns theta indices   1 to  25 and zeta indices  82 to  81
 Processor  108 owns theta indices   1 to  25 and zeta indices  82 to  81
 Processor  109 owns theta indices   1 to  25 and zeta indices  82 to  81
 Processor  110 owns theta indices   1 to  25 and zeta indices  82 to  81
 Processor  111 owns theta indices   1 to  25 and zeta indices  82 to  81
 Processor  112 owns theta indices   1 to  25 and zeta indices  82 to  81
 Processor  113 owns theta indices   1 to  25 and zeta indices  82 to  81
 Processor  114 owns theta indices   1 to  25 and zeta indices  82 to  81
 Processor  115 owns theta indices   1 to  25 and zeta indices  82 to  81
 Processor  116 owns theta indices   1 to  25 and zeta indices  82 to  81
 Processor  117 owns theta indices   1 to  25 and zeta indices  82 to  81
 Processor  118 owns theta indices   1 to  25 and zeta indices  82 to  81
 Processor  119 owns theta indices   1 to  25 and zeta indices  82 to  81
 Processor  120 owns theta indices   1 to  25 and zeta indices  82 to  81
 Processor  121 owns theta indices   1 to  25 and zeta indices  82 to  81
 Processor  122 owns theta indices   1 to  25 and zeta indices  82 to  81
 Processor  123 owns theta indices   1 to  25 and zeta indices  82 to  81
 Processor  124 owns theta indices   1 to  25 and zeta indices  82 to  81
 Processor  125 owns theta indices   1 to  25 and zeta indices  82 to  81
 Processor  126 owns theta indices   1 to  25 and zeta indices  82 to  81
 Processor  127 owns theta indices   1 to  25 and zeta indices  82 to  81
 Nxi_for_x_option:           1
 x:   6.3716484606701013E-002  0.31819201888861848       0.72419898925837300        1.2380355992150891        1.8385282202709461        2.5314881513276766        3.3734564301245800
 Nxi for each x:          18          34          59          91         129         140         140
 min_x_for_L:           1           1           1           1           1           1           1           1           1           1           1           1           1           1           1           1           1           1           2           2           2           2           2           2           2           2           2           2           2           2           2           2           2           2           3           3           3           3           3           3           3           3           3           3           3           3           3           3           3           3           3           3           3           3           3           3           3           3           3           4           4           4           4           4           4           4           4           4           4           4           4           4           4           4           4           4           4           4           4           4           4           4           4           4           4           4           4           4           4           4           4           5           5           5           5           5           5           5           5           5           5           5           5           5           5           5           5           5           5           5           5           5           5           5           5           5           5           5           5           5           5           5           5           5           5           5           5           5           5           6           6           6           6           6           6           6           6           6           6           6
 The matrix is      1237277 x     1237277  elements.
 Selecting the flux surface to use based on rN_wish =   0.50000000000000000
 Reading VMEC geometry from file /pscratch/sd/l/landrema/20251212-01-sfincs_for_yancc_benchmarks//wout_NCSX.nc
 Using radial index  33 of 128 from vmec's half mesh.
 Including  213 of  221 stellarator-symmetric modes from the VMEC file.
 Equilibrium is stellarator-symmetric.
 Successfully read VMEC geometry file /pscratch/sd/l/landrema/20251212-01-sfincs_for_yancc_benchmarks//wout_NCSX.nc
 ---- Geometry parameters: ----
 Geometry scheme =            5
 psiAHat (Normalized toroidal flux at the last closed flux surface) =    7.9111180348606772E-002
 aHat (Radius of the last closed flux surface in units of RHat) =   0.32263403817640657
 GHat (Boozer component multiplying grad zeta) =    2.3203011774859217
 IHat (Boozer component multiplying grad theta) =    3.3412089914728804E-003
 iota (Rotational transform) =   0.46825939689977847
 ---- Geometry parameters: ----
 Geometry scheme =            5
 psiAHat (Normalized toroidal flux at the last closed flux surface) =    7.9111180348606772E-002
 aHat (Radius of the last closed flux surface in units of RHat) =   0.32263403817640657
 GHat (Boozer component multiplying grad zeta) =    2.3203011774859217
 IHat (Boozer component multiplying grad theta) =    3.3412089914728804E-003
 iota (Rotational transform) =   0.46825939689977847
 ------------------------------------------------------
 Done creating grids.
 Requested/actual flux surface for this calculation, in various radial coordinates:
   psiHat =    1.9777795087151693E-002 /   1.9622064417174120E-002
   psiN   =   0.25000000000000000      /  0.24803149606299213
   rHat   =   0.16131701908820328      /  0.16068065755800051
   rN     =   0.50000000000000000      /  0.49802760572381138
 Selecting the input gradients of n & T from the specified ddrHat values.
 Selecting the input gradient of Phi from the specified Er.
 Entering main solver loop.
 Initializing f0
 Beginning preallocation for whichMatrix =            1
 Beginning preallocation for whichMatrix =            0
 Since this is a linear run, we will only take a single step, and not iterate Newton's method.
 Solver package which will be used: mumps
 ------------------------------------------------------
 Finished initialization.
 Beginning the main solve.  This could take a while ...
 evaluateResidual called.
 State vector is 0 so I will skip building the first matrix when evaluating the residual.
--------- Residual function norm:  2.4238091E-01 -----------------------------
 evaluateJacobian called.
 Running populateMatrix with whichMatrix =            0
 Time to pre-assemble Jacobian preconditioner matrix:   0.34817420099989249       seconds.
 Time to assemble Jacobian preconditioner matrix:   0.15308104199993977       seconds.
 # of nonzeros in Jacobian preconditioner matrix:    33192601 , allocated:   175740734 , mallocs:           0  (should be 0)
 Running populateMatrix with whichMatrix =            1
 Time to pre-assemble Jacobian matrix:   0.35274544999992941       seconds.
 Time to assemble Jacobian matrix:   0.22612623900022299       seconds.
 # of nonzeros in Jacobian matrix:    49824155 , allocated:   175740734 , mallocs:           0  (should be 0)

Entering DMUMPS 5.6.2 from C interface with JOB, N =   1     1237277
      executing #MPI =    128 and #OMP =      2

 =================================================
 MUMPS compiled with option -Dmetis
 MUMPS compiled with option -Dparmetis
 MUMPS compiled with option -Dpord
 MUMPS compiled with option -Dptscotch
 MUMPS compiled with option -Dscotch
 =================================================
L U Solver for unsymmetric matrices
Type of parallelism: Working host

 ****** ANALYSIS STEP ********

 ** Maximum transversal (ICNTL(6)) not allowed because matrix is distributed
 Processing a graph of size:   1237277 with      31969492 edges
 Ordering based on SCOTCH
 ELAPSED TIME SPENT IN SCOTCH reordering =     42.2636
 A root of estimated size         2027  has been selected for Scalapack.

Leaving analysis phase with  ...
 INFOG(1)                                       =               0
 INFOG(2)                                       =               0
 -- (20) Number of entries in factors (estim.)  =      3159296877
 --  (3) Real space for factors    (estimated)  =      3186388580
 --  (4) Integer space for factors (estimated)  =        23449751
 --  (5) Maximum frontal size      (estimated)  =            6426
 --  (6) Number of nodes in the tree            =           15698
 -- (32) Type of analysis effectively used      =               1
 --  (7) Ordering option effectively used       =               3
 ICNTL (6) Maximum transversal option           =               0
 ICNTL (7) Pivot order option                   =               3
 ICNTL(13) Parallelism/splitting of root node   =               0
 ICNTL(14) Percentage of memory relaxation      =              50
 ICNTL(15) Analysis by block effectively used   =               0
 ICNTL(18) Distributed input matrix (on if >0)  =               3
 ICNTL(58) Symbolic factorization option        =               2
 Number of level 2 nodes                        =             513
 Number of split nodes                          =             326
 RINFOG(1) Operations during elimination (estim)= 8.450D+12
 Distributed matrix entry format (ICNTL(18))    =               3

 MEMORY ESTIMATIONS ...
 Estimations with standard Full-Rank (FR) factorization:
    Maximum estim. space in Mbytes, IC facto.    (INFOG(16)):         907
    Total space in MBytes, IC factorization      (INFOG(17)):       70170
    Maximum estim. space in Mbytes, OOC facto.   (INFOG(26)):         433
    Total space in MBytes,  OOC factorization    (INFOG(27)):       47591

 Elapsed time in analysis driver=      43.3223

Entering DMUMPS 5.6.2 from C interface with JOB, N =   2     1237277
      executing #MPI =    128 and #OMP =      2



****** FACTORIZATION STEP ********

 GLOBAL STATISTICS PRIOR NUMERICAL FACTORIZATION ...
 Number of working processes                =             128
 ICNTL(22) Out-of-core option               =               0
 ICNTL(35) BLR activation (eff. choice)     =               0
 ICNTL(37) BLR CB compression (eff. choice) =               0
 ICNTL(49) Compact workarray S (end facto.) =               0
 ICNTL(14) Memory relaxation                =              50
 INFOG(3) Real space for factors (estimated)=      3186388580
 INFOG(4) Integer space for factors (estim.)=        23449751
 Maximum frontal size (estimated)           =            6426
 Number of nodes in the tree                =           15698
 ICNTL(23) Memory allowed (value on host)   =               0
           Sum over all procs               =               0
 Memory provided by user, sum of LWK_USER   =               0
 Effective threshold for pivoting, CNTL(1)  =      0.1000D-02
 Max difference from 1 after scaling the entries for ONE-NORM (option 7/8)   = 0.49D+01
 Average Effective size of S     (based on INFO(39))=             44087374

 Redistrib: total data local/sent           =         1184210       180144493

 Elapsed time to reformat/distribute matrix =      0.1636
 ** Memory allocated, max in Mbytes             (INFOG(18)):         907

 ** Memory allocated, total in Mbytes           (INFOG(19)):       70170
 ** Memory effectively used, max in  Mbytes     (INFOG(21)):         664
 ** Memory effectively used, total in Mbytes    (INFOG(22)):       56915

 Elapsed time to process root node                  =      0.0427

 Elapsed time for factorization                     =     10.2720

Leaving factorization with ...
 RINFOG (2) Operations in node assembly             = 1.212D+10
 ------ (3) Operations in node elimination          = 8.450D+12
 ICNTL  (8) Scaling effectively used                =               7
 INFOG  (9) Real space for factors                  =      3159283565
 INFOG (10) Integer space for factors               =        22110753
 INFOG (11) Maximum front size                      =            6426
 INFOG (29) Number of entries in factors            =      3159283565
 INFOG (12) Number of off diagonal pivots           =              10
 INFOG (13) Number of delayed pivots                =               0
 INFOG (14) Number of memory compress               =             288

 Elapsed time in factorization driver               =     10.8892

Entering DMUMPS 5.6.2 from C interface with JOB, N =   3     1237277
      executing #MPI =    128 and #OMP =      2



 ****** SOLVE & CHECK STEP ********

 GLOBAL STATISTICS PRIOR SOLVE PHASE ...........
 Number of right-hand-sides                    =           1
 Blocking factor for multiple rhs              =           1
 ICNTL (9)                                     =           1
  --- (10)                                     =           0
  --- (11)                                     =           0
  --- (20)                                     =          10
  --- (21)                                     =           1
  --- (30)                                     =           0
  --- (35)                                     =           0
 WARNING: original distributed matrix is not allocated
 ** Rank of processor needing largest memory in solve     :       127
 ** Space in MBYTES used by this processor for solve      :       766
 ** Avg. Space in MBYTES per working proc during solve    :       410

 Leaving solve with ...
 Time to build/scatter RHS        =       0.003012
 Time in solution step (fwd/bwd)  =       0.161641
  .. Time in forward (fwd) step   =          0.083821
  .. Time in ScaLAPACK root       =          0.002499
  .. Time in backward (bwd) step  =          0.075276
 Time to gather solution(cent.sol)=       0.000000
 Time to copy/scale dist. solution=       0.000654

 Elapsed time in solve driver=       0.3470
    0 KSP Residual norm 3.184622753935e-01

Entering DMUMPS 5.6.2 from C interface with JOB, N =   3     1237277
      executing #MPI =    128 and #OMP =      2



 ****** SOLVE & CHECK STEP ********

 GLOBAL STATISTICS PRIOR SOLVE PHASE ...........
 Number of right-hand-sides                    =           1
 Blocking factor for multiple rhs              =           1
 ICNTL (9)                                     =           1
  --- (10)                                     =           0
  --- (11)                                     =           0
  --- (20)                                     =          10
  --- (21)                                     =           1
  --- (30)                                     =           0
  --- (35)                                     =           0
 WARNING: original distributed matrix is not allocated
 ** Rank of processor needing largest memory in solve     :       127
 ** Space in MBYTES used by this processor for solve      :       766
 ** Avg. Space in MBYTES per working proc during solve    :       410

 Leaving solve with ...
 Time to build/scatter RHS        =       0.002220
 Time in solution step (fwd/bwd)  =       0.153508
  .. Time in forward (fwd) step   =          0.082424
  .. Time in ScaLAPACK root       =          0.001560
  .. Time in backward (bwd) step  =          0.069491
 Time to gather solution(cent.sol)=       0.000000
 Time to copy/scale dist. solution=       0.000499

 Elapsed time in solve driver=       0.3084
    1 KSP Residual norm 3.115611124322e-01

Entering DMUMPS 5.6.2 from C interface with JOB, N =   3     1237277
      executing #MPI =    128 and #OMP =      2



 ****** SOLVE & CHECK STEP ********

 GLOBAL STATISTICS PRIOR SOLVE PHASE ...........
 Number of right-hand-sides                    =           1
 Blocking factor for multiple rhs              =           1
 ICNTL (9)                                     =           1
  --- (10)                                     =           0
  --- (11)                                     =           0
  --- (20)                                     =          10
  --- (21)                                     =           1
  --- (30)                                     =           0
  --- (35)                                     =           0
 WARNING: original distributed matrix is not allocated
 ** Rank of processor needing largest memory in solve     :       127
 ** Space in MBYTES used by this processor for solve      :       766
 ** Avg. Space in MBYTES per working proc during solve    :       410

 Leaving solve with ...
 Time to build/scatter RHS        =       0.002159
 Time in solution step (fwd/bwd)  =       0.143983
  .. Time in forward (fwd) step   =          0.080745
  .. Time in ScaLAPACK root       =          0.001516
  .. Time in backward (bwd) step  =          0.061700
 Time to gather solution(cent.sol)=       0.000000
 Time to copy/scale dist. solution=       0.000485

 Elapsed time in solve driver=       0.2979
    2 KSP Residual norm 3.024555134189e-01

Entering DMUMPS 5.6.2 from C interface with JOB, N =   3     1237277
      executing #MPI =    128 and #OMP =      2



 ****** SOLVE & CHECK STEP ********

 GLOBAL STATISTICS PRIOR SOLVE PHASE ...........
 Number of right-hand-sides                    =           1
 Blocking factor for multiple rhs              =           1
 ICNTL (9)                                     =           1
  --- (10)                                     =           0
  --- (11)                                     =           0
  --- (20)                                     =          10
  --- (21)                                     =           1
  --- (30)                                     =           0
  --- (35)                                     =           0
 WARNING: original distributed matrix is not allocated
 ** Rank of processor needing largest memory in solve     :       127
 ** Space in MBYTES used by this processor for solve      :       766
 ** Avg. Space in MBYTES per working proc during solve    :       410

 Leaving solve with ...
 Time to build/scatter RHS        =       0.002372
 Time in solution step (fwd/bwd)  =       0.145270
  .. Time in forward (fwd) step   =          0.079364
  .. Time in ScaLAPACK root       =          0.001465
  .. Time in backward (bwd) step  =          0.064421
 Time to gather solution(cent.sol)=       0.000000
 Time to copy/scale dist. solution=       0.000481

 Elapsed time in solve driver=       0.2980
    3 KSP Residual norm 2.958016944139e-01

Entering DMUMPS 5.6.2 from C interface with JOB, N =   3     1237277
      executing #MPI =    128 and #OMP =      2



 ****** SOLVE & CHECK STEP ********

 GLOBAL STATISTICS PRIOR SOLVE PHASE ...........
 Number of right-hand-sides                    =           1
 Blocking factor for multiple rhs              =           1
 ICNTL (9)                                     =           1
  --- (10)                                     =           0
  --- (11)                                     =           0
  --- (20)                                     =          10
  --- (21)                                     =           1
  --- (30)                                     =           0
  --- (35)                                     =           0
 WARNING: original distributed matrix is not allocated
 ** Rank of processor needing largest memory in solve     :       127
 ** Space in MBYTES used by this processor for solve      :       766
 ** Avg. Space in MBYTES per working proc during solve    :       410

 Leaving solve with ...
 Time to build/scatter RHS        =       0.002136
 Time in solution step (fwd/bwd)  =       0.146054
  .. Time in forward (fwd) step   =          0.080391
  .. Time in ScaLAPACK root       =          0.001473
  .. Time in backward (bwd) step  =          0.064171
 Time to gather solution(cent.sol)=       0.000000
 Time to copy/scale dist. solution=       0.000490

 Elapsed time in solve driver=       0.2992
    4 KSP Residual norm 2.902381803930e-01

Entering DMUMPS 5.6.2 from C interface with JOB, N =   3     1237277
      executing #MPI =    128 and #OMP =      2



 ****** SOLVE & CHECK STEP ********

 GLOBAL STATISTICS PRIOR SOLVE PHASE ...........
 Number of right-hand-sides                    =           1
 Blocking factor for multiple rhs              =           1
 ICNTL (9)                                     =           1
  --- (10)                                     =           0
  --- (11)                                     =           0
  --- (20)                                     =          10
  --- (21)                                     =           1
  --- (30)                                     =           0
  --- (35)                                     =           0
 WARNING: original distributed matrix is not allocated
 ** Rank of processor needing largest memory in solve     :       127
 ** Space in MBYTES used by this processor for solve      :       766
 ** Avg. Space in MBYTES per working proc during solve    :       410

 Leaving solve with ...
 Time to build/scatter RHS        =       0.002202
 Time in solution step (fwd/bwd)  =       0.145479
  .. Time in forward (fwd) step   =          0.080103
  .. Time in ScaLAPACK root       =          0.001466
  .. Time in backward (bwd) step  =          0.063890
 Time to gather solution(cent.sol)=       0.000000
 Time to copy/scale dist. solution=       0.000489

 Elapsed time in solve driver=       0.2942
    5 KSP Residual norm 2.845287259848e-01

Entering DMUMPS 5.6.2 from C interface with JOB, N =   3     1237277
      executing #MPI =    128 and #OMP =      2



 ****** SOLVE & CHECK STEP ********

 GLOBAL STATISTICS PRIOR SOLVE PHASE ...........
 Number of right-hand-sides                    =           1
 Blocking factor for multiple rhs              =           1
 ICNTL (9)                                     =           1
  --- (10)                                     =           0
  --- (11)                                     =           0
  --- (20)                                     =          10
  --- (21)                                     =           1
  --- (30)                                     =           0
  --- (35)                                     =           0
 WARNING: original distributed matrix is not allocated
 ** Rank of processor needing largest memory in solve     :       127
 ** Space in MBYTES used by this processor for solve      :       766
 ** Avg. Space in MBYTES per working proc during solve    :       410

 Leaving solve with ...
 Time to build/scatter RHS        =       0.002116
 Time in solution step (fwd/bwd)  =       0.144876
  .. Time in forward (fwd) step   =          0.079590
  .. Time in ScaLAPACK root       =          0.001462
  .. Time in backward (bwd) step  =          0.063804
 Time to gather solution(cent.sol)=       0.000000
 Time to copy/scale dist. solution=       0.000489

 Elapsed time in solve driver=       0.2941
    6 KSP Residual norm 2.836309638475e-01

Entering DMUMPS 5.6.2 from C interface with JOB, N =   3     1237277
      executing #MPI =    128 and #OMP =      2



 ****** SOLVE & CHECK STEP ********

 GLOBAL STATISTICS PRIOR SOLVE PHASE ...........
 Number of right-hand-sides                    =           1
 Blocking factor for multiple rhs              =           1
 ICNTL (9)                                     =           1
  --- (10)                                     =           0
  --- (11)                                     =           0
  --- (20)                                     =          10
  --- (21)                                     =           1
  --- (30)                                     =           0
  --- (35)                                     =           0
 WARNING: original distributed matrix is not allocated
 ** Rank of processor needing largest memory in solve     :       127
 ** Space in MBYTES used by this processor for solve      :       766
 ** Avg. Space in MBYTES per working proc during solve    :       410

 Leaving solve with ...
 Time to build/scatter RHS        =       0.002162
 Time in solution step (fwd/bwd)  =       0.146260
  .. Time in forward (fwd) step   =          0.080310
  .. Time in ScaLAPACK root       =          0.001462
  .. Time in backward (bwd) step  =          0.064470
 Time to gather solution(cent.sol)=       0.000000
 Time to copy/scale dist. solution=       0.000490

 Elapsed time in solve driver=       0.2985
    7 KSP Residual norm 2.832689181492e-01

Entering DMUMPS 5.6.2 from C interface with JOB, N =   3     1237277
      executing #MPI =    128 and #OMP =      2



 ****** SOLVE & CHECK STEP ********

 GLOBAL STATISTICS PRIOR SOLVE PHASE ...........
 Number of right-hand-sides                    =           1
 Blocking factor for multiple rhs              =           1
 ICNTL (9)                                     =           1
  --- (10)                                     =           0
  --- (11)                                     =           0
  --- (20)                                     =          10
  --- (21)                                     =           1
  --- (30)                                     =           0
  --- (35)                                     =           0
 WARNING: original distributed matrix is not allocated
 ** Rank of processor needing largest memory in solve     :       127
 ** Space in MBYTES used by this processor for solve      :       766
 ** Avg. Space in MBYTES per working proc during solve    :       410

 Leaving solve with ...
 Time to build/scatter RHS        =       0.002056
 Time in solution step (fwd/bwd)  =       0.145071
  .. Time in forward (fwd) step   =          0.079636
  .. Time in ScaLAPACK root       =          0.001490
  .. Time in backward (bwd) step  =          0.063905
 Time to gather solution(cent.sol)=       0.000000
 Time to copy/scale dist. solution=       0.000493

 Elapsed time in solve driver=       0.2952
    8 KSP Residual norm 2.814602343399e-01

Entering DMUMPS 5.6.2 from C interface with JOB, N =   3     1237277
      executing #MPI =    128 and #OMP =      2



 ****** SOLVE & CHECK STEP ********

 GLOBAL STATISTICS PRIOR SOLVE PHASE ...........
 Number of right-hand-sides                    =           1
 Blocking factor for multiple rhs              =           1
 ICNTL (9)                                     =           1
  --- (10)                                     =           0
  --- (11)                                     =           0
  --- (20)                                     =          10
  --- (21)                                     =           1
  --- (30)                                     =           0
  --- (35)                                     =           0
 WARNING: original distributed matrix is not allocated
 ** Rank of processor needing largest memory in solve     :       127
 ** Space in MBYTES used by this processor for solve      :       766
 ** Avg. Space in MBYTES per working proc during solve    :       410

 Leaving solve with ...
 Time to build/scatter RHS        =       0.003418
 Time in solution step (fwd/bwd)  =       0.144535
  .. Time in forward (fwd) step   =          0.079205
  .. Time in ScaLAPACK root       =          0.001471
  .. Time in backward (bwd) step  =          0.063839
 Time to gather solution(cent.sol)=       0.000000
 Time to copy/scale dist. solution=       0.000478

 Elapsed time in solve driver=       0.3019
    9 KSP Residual norm 2.757222064985e-01

Entering DMUMPS 5.6.2 from C interface with JOB, N =   3     1237277
      executing #MPI =    128 and #OMP =      2



 ****** SOLVE & CHECK STEP ********

 GLOBAL STATISTICS PRIOR SOLVE PHASE ...........
 Number of right-hand-sides                    =           1
 Blocking factor for multiple rhs              =           1
 ICNTL (9)                                     =           1
  --- (10)                                     =           0
  --- (11)                                     =           0
  --- (20)                                     =          10
  --- (21)                                     =           1
  --- (30)                                     =           0
  --- (35)                                     =           0
 WARNING: original distributed matrix is not allocated
 ** Rank of processor needing largest memory in solve     :       127
 ** Space in MBYTES used by this processor for solve      :       766
 ** Avg. Space in MBYTES per working proc during solve    :       410

 Leaving solve with ...
 Time to build/scatter RHS        =       0.002247
 Time in solution step (fwd/bwd)  =       0.157914
  .. Time in forward (fwd) step   =          0.094431
  .. Time in ScaLAPACK root       =          0.001498
  .. Time in backward (bwd) step  =          0.061962
 Time to gather solution(cent.sol)=       0.000000
 Time to copy/scale dist. solution=       0.000487

 Elapsed time in solve driver=       0.3043
   10 KSP Residual norm 2.435408568921e-01

Entering DMUMPS 5.6.2 from C interface with JOB, N =   3     1237277
      executing #MPI =    128 and #OMP =      2



 ****** SOLVE & CHECK STEP ********

 GLOBAL STATISTICS PRIOR SOLVE PHASE ...........
 Number of right-hand-sides                    =           1
 Blocking factor for multiple rhs              =           1
 ICNTL (9)                                     =           1
  --- (10)                                     =           0
  --- (11)                                     =           0
  --- (20)                                     =          10
  --- (21)                                     =           1
  --- (30)                                     =           0
  --- (35)                                     =           0
 WARNING: original distributed matrix is not allocated
 ** Rank of processor needing largest memory in solve     :       127
 ** Space in MBYTES used by this processor for solve      :       766
 ** Avg. Space in MBYTES per working proc during solve    :       410

 Leaving solve with ...
 Time to build/scatter RHS        =       0.002063
 Time in solution step (fwd/bwd)  =       0.141943
  .. Time in forward (fwd) step   =          0.079844
  .. Time in ScaLAPACK root       =          0.001454
  .. Time in backward (bwd) step  =          0.060625
 Time to gather solution(cent.sol)=       0.000000
 Time to copy/scale dist. solution=       0.000494

 Elapsed time in solve driver=       0.2947
   11 KSP Residual norm 2.021071092040e-01

Entering DMUMPS 5.6.2 from C interface with JOB, N =   3     1237277
      executing #MPI =    128 and #OMP =      2



 ****** SOLVE & CHECK STEP ********

 GLOBAL STATISTICS PRIOR SOLVE PHASE ...........
 Number of right-hand-sides                    =           1
 Blocking factor for multiple rhs              =           1
 ICNTL (9)                                     =           1
  --- (10)                                     =           0
  --- (11)                                     =           0
  --- (20)                                     =          10
  --- (21)                                     =           1
  --- (30)                                     =           0
  --- (35)                                     =           0
 WARNING: original distributed matrix is not allocated
 ** Rank of processor needing largest memory in solve     :       127
 ** Space in MBYTES used by this processor for solve      :       766
 ** Avg. Space in MBYTES per working proc during solve    :       410

 Leaving solve with ...
 Time to build/scatter RHS        =       0.002059
 Time in solution step (fwd/bwd)  =       0.147612
  .. Time in forward (fwd) step   =          0.082529
  .. Time in ScaLAPACK root       =          0.001469
  .. Time in backward (bwd) step  =          0.063590
 Time to gather solution(cent.sol)=       0.000000
 Time to copy/scale dist. solution=       0.000474

 Elapsed time in solve driver=       0.2952
   12 KSP Residual norm 8.870286781339e-02

Entering DMUMPS 5.6.2 from C interface with JOB, N =   3     1237277
      executing #MPI =    128 and #OMP =      2



 ****** SOLVE & CHECK STEP ********

 GLOBAL STATISTICS PRIOR SOLVE PHASE ...........
 Number of right-hand-sides                    =           1
 Blocking factor for multiple rhs              =           1
 ICNTL (9)                                     =           1
  --- (10)                                     =           0
  --- (11)                                     =           0
  --- (20)                                     =          10
  --- (21)                                     =           1
  --- (30)                                     =           0
  --- (35)                                     =           0
 WARNING: original distributed matrix is not allocated
 ** Rank of processor needing largest memory in solve     :       127
 ** Space in MBYTES used by this processor for solve      :       766
 ** Avg. Space in MBYTES per working proc during solve    :       410

 Leaving solve with ...
 Time to build/scatter RHS        =       0.039574
 Time in solution step (fwd/bwd)  =       0.142176
  .. Time in forward (fwd) step   =          0.081564
  .. Time in ScaLAPACK root       =          0.001462
  .. Time in backward (bwd) step  =          0.059127
 Time to gather solution(cent.sol)=       0.000000
 Time to copy/scale dist. solution=       0.000500

 Elapsed time in solve driver=       0.3318
   13 KSP Residual norm 7.058289870787e-02

Entering DMUMPS 5.6.2 from C interface with JOB, N =   3     1237277
      executing #MPI =    128 and #OMP =      2



 ****** SOLVE & CHECK STEP ********

 GLOBAL STATISTICS PRIOR SOLVE PHASE ...........
 Number of right-hand-sides                    =           1
 Blocking factor for multiple rhs              =           1
 ICNTL (9)                                     =           1
  --- (10)                                     =           0
  --- (11)                                     =           0
  --- (20)                                     =          10
  --- (21)                                     =           1
  --- (30)                                     =           0
  --- (35)                                     =           0
 WARNING: original distributed matrix is not allocated
 ** Rank of processor needing largest memory in solve     :       127
 ** Space in MBYTES used by this processor for solve      :       766
 ** Avg. Space in MBYTES per working proc during solve    :       410

 Leaving solve with ...
 Time to build/scatter RHS        =       0.002140
 Time in solution step (fwd/bwd)  =       0.143705
  .. Time in forward (fwd) step   =          0.081213
  .. Time in ScaLAPACK root       =          0.001435
  .. Time in backward (bwd) step  =          0.061036
 Time to gather solution(cent.sol)=       0.000000
 Time to copy/scale dist. solution=       0.000506

 Elapsed time in solve driver=       0.2857
   14 KSP Residual norm 6.317444371247e-02

Entering DMUMPS 5.6.2 from C interface with JOB, N =   3     1237277
      executing #MPI =    128 and #OMP =      2



 ****** SOLVE & CHECK STEP ********

 GLOBAL STATISTICS PRIOR SOLVE PHASE ...........
 Number of right-hand-sides                    =           1
 Blocking factor for multiple rhs              =           1
 ICNTL (9)                                     =           1
  --- (10)                                     =           0
  --- (11)                                     =           0
  --- (20)                                     =          10
  --- (21)                                     =           1
  --- (30)                                     =           0
  --- (35)                                     =           0
 WARNING: original distributed matrix is not allocated
 ** Rank of processor needing largest memory in solve     :       127
 ** Space in MBYTES used by this processor for solve      :       766
 ** Avg. Space in MBYTES per working proc during solve    :       410

 Leaving solve with ...
 Time to build/scatter RHS        =       0.002095
 Time in solution step (fwd/bwd)  =       0.144284
  .. Time in forward (fwd) step   =          0.079179
  .. Time in ScaLAPACK root       =          0.001439
  .. Time in backward (bwd) step  =          0.063636
 Time to gather solution(cent.sol)=       0.000000
 Time to copy/scale dist. solution=       0.000650

 Elapsed time in solve driver=       0.2876
   15 KSP Residual norm 5.906876226529e-02

Entering DMUMPS 5.6.2 from C interface with JOB, N =   3     1237277
      executing #MPI =    128 and #OMP =      2



 ****** SOLVE & CHECK STEP ********

 GLOBAL STATISTICS PRIOR SOLVE PHASE ...........
 Number of right-hand-sides                    =           1
 Blocking factor for multiple rhs              =           1
 ICNTL (9)                                     =           1
  --- (10)                                     =           0
  --- (11)                                     =           0
  --- (20)                                     =          10
  --- (21)                                     =           1
  --- (30)                                     =           0
  --- (35)                                     =           0
 WARNING: original distributed matrix is not allocated
 ** Rank of processor needing largest memory in solve     :       127
 ** Space in MBYTES used by this processor for solve      :       766
 ** Avg. Space in MBYTES per working proc during solve    :       410

 Leaving solve with ...
 Time to build/scatter RHS        =       0.002085
 Time in solution step (fwd/bwd)  =       0.142463
  .. Time in forward (fwd) step   =          0.079968
  .. Time in ScaLAPACK root       =          0.001445
  .. Time in backward (bwd) step  =          0.061029
 Time to gather solution(cent.sol)=       0.000000
 Time to copy/scale dist. solution=       0.000481

 Elapsed time in solve driver=       0.2857
   16 KSP Residual norm 5.568654820566e-02

Entering DMUMPS 5.6.2 from C interface with JOB, N =   3     1237277
      executing #MPI =    128 and #OMP =      2



 ****** SOLVE & CHECK STEP ********

 GLOBAL STATISTICS PRIOR SOLVE PHASE ...........
 Number of right-hand-sides                    =           1
 Blocking factor for multiple rhs              =           1
 ICNTL (9)                                     =           1
  --- (10)                                     =           0
  --- (11)                                     =           0
  --- (20)                                     =          10
  --- (21)                                     =           1
  --- (30)                                     =           0
  --- (35)                                     =           0
 WARNING: original distributed matrix is not allocated
 ** Rank of processor needing largest memory in solve     :       127
 ** Space in MBYTES used by this processor for solve      :       766
 ** Avg. Space in MBYTES per working proc during solve    :       410

 Leaving solve with ...
 Time to build/scatter RHS        =       0.002038
 Time in solution step (fwd/bwd)  =       0.144175
  .. Time in forward (fwd) step   =          0.079201
  .. Time in ScaLAPACK root       =          0.001455
  .. Time in backward (bwd) step  =          0.063501
 Time to gather solution(cent.sol)=       0.000000
 Time to copy/scale dist. solution=       0.000466

 Elapsed time in solve driver=       0.2855
   17 KSP Residual norm 5.093166591143e-02

Entering DMUMPS 5.6.2 from C interface with JOB, N =   3     1237277
      executing #MPI =    128 and #OMP =      2



 ****** SOLVE & CHECK STEP ********

 GLOBAL STATISTICS PRIOR SOLVE PHASE ...........
 Number of right-hand-sides                    =           1
 Blocking factor for multiple rhs              =           1
 ICNTL (9)                                     =           1
  --- (10)                                     =           0
  --- (11)                                     =           0
  --- (20)                                     =          10
  --- (21)                                     =           1
  --- (30)                                     =           0
  --- (35)                                     =           0
 WARNING: original distributed matrix is not allocated
 ** Rank of processor needing largest memory in solve     :       127
 ** Space in MBYTES used by this processor for solve      :       766
 ** Avg. Space in MBYTES per working proc during solve    :       410

 Leaving solve with ...
 Time to build/scatter RHS        =       0.002144
 Time in solution step (fwd/bwd)  =       0.141660
  .. Time in forward (fwd) step   =          0.079775
  .. Time in ScaLAPACK root       =          0.001433
  .. Time in backward (bwd) step  =          0.060431
 Time to gather solution(cent.sol)=       0.000000
 Time to copy/scale dist. solution=       0.000488

 Elapsed time in solve driver=       0.2860
   18 KSP Residual norm 4.759230709041e-02

Entering DMUMPS 5.6.2 from C interface with JOB, N =   3     1237277
      executing #MPI =    128 and #OMP =      2



 ****** SOLVE & CHECK STEP ********

 GLOBAL STATISTICS PRIOR SOLVE PHASE ...........
 Number of right-hand-sides                    =           1
 Blocking factor for multiple rhs              =           1
 ICNTL (9)                                     =           1
  --- (10)                                     =           0
  --- (11)                                     =           0
  --- (20)                                     =          10
  --- (21)                                     =           1
  --- (30)                                     =           0
  --- (35)                                     =           0
 WARNING: original distributed matrix is not allocated
 ** Rank of processor needing largest memory in solve     :       127
 ** Space in MBYTES used by this processor for solve      :       766
 ** Avg. Space in MBYTES per working proc during solve    :       410

 Leaving solve with ...
 Time to build/scatter RHS        =       0.001993
 Time in solution step (fwd/bwd)  =       0.142337
  .. Time in forward (fwd) step   =          0.079991
  .. Time in ScaLAPACK root       =          0.001426
  .. Time in backward (bwd) step  =          0.060896
 Time to gather solution(cent.sol)=       0.000000
 Time to copy/scale dist. solution=       0.000483

 Elapsed time in solve driver=       0.2833
   19 KSP Residual norm 4.676282427442e-02

Entering DMUMPS 5.6.2 from C interface with JOB, N =   3     1237277
      executing #MPI =    128 and #OMP =      2



 ****** SOLVE & CHECK STEP ********

 GLOBAL STATISTICS PRIOR SOLVE PHASE ...........
 Number of right-hand-sides                    =           1
 Blocking factor for multiple rhs              =           1
 ICNTL (9)                                     =           1
  --- (10)                                     =           0
  --- (11)                                     =           0
  --- (20)                                     =          10
  --- (21)                                     =           1
  --- (30)                                     =           0
  --- (35)                                     =           0
 WARNING: original distributed matrix is not allocated
 ** Rank of processor needing largest memory in solve     :       127
 ** Space in MBYTES used by this processor for solve      :       766
 ** Avg. Space in MBYTES per working proc during solve    :       410

 Leaving solve with ...
 Time to build/scatter RHS        =       0.002063
 Time in solution step (fwd/bwd)  =       0.143313
  .. Time in forward (fwd) step   =          0.079194
  .. Time in ScaLAPACK root       =          0.001461
  .. Time in backward (bwd) step  =          0.062640
 Time to gather solution(cent.sol)=       0.000000
 Time to copy/scale dist. solution=       0.000479

 Elapsed time in solve driver=       0.2841
   20 KSP Residual norm 4.558936038068e-02

Entering DMUMPS 5.6.2 from C interface with JOB, N =   3     1237277
      executing #MPI =    128 and #OMP =      2



 ****** SOLVE & CHECK STEP ********

 GLOBAL STATISTICS PRIOR SOLVE PHASE ...........
 Number of right-hand-sides                    =           1
 Blocking factor for multiple rhs              =           1
 ICNTL (9)                                     =           1
  --- (10)                                     =           0
  --- (11)                                     =           0
  --- (20)                                     =          10
  --- (21)                                     =           1
  --- (30)                                     =           0
  --- (35)                                     =           0
 WARNING: original distributed matrix is not allocated
 ** Rank of processor needing largest memory in solve     :       127
 ** Space in MBYTES used by this processor for solve      :       766
 ** Avg. Space in MBYTES per working proc during solve    :       410

 Leaving solve with ...
 Time to build/scatter RHS        =       0.001971
 Time in solution step (fwd/bwd)  =       0.141390
  .. Time in forward (fwd) step   =          0.080505
  .. Time in ScaLAPACK root       =          0.001456
  .. Time in backward (bwd) step  =          0.059407
 Time to gather solution(cent.sol)=       0.000000
 Time to copy/scale dist. solution=       0.000488

 Elapsed time in solve driver=       0.2831
   21 KSP Residual norm 4.311532389897e-02

Entering DMUMPS 5.6.2 from C interface with JOB, N =   3     1237277
      executing #MPI =    128 and #OMP =      2



 ****** SOLVE & CHECK STEP ********

 GLOBAL STATISTICS PRIOR SOLVE PHASE ...........
 Number of right-hand-sides                    =           1
 Blocking factor for multiple rhs              =           1
 ICNTL (9)                                     =           1
  --- (10)                                     =           0
  --- (11)                                     =           0
  --- (20)                                     =          10
  --- (21)                                     =           1
  --- (30)                                     =           0
  --- (35)                                     =           0
 WARNING: original distributed matrix is not allocated
 ** Rank of processor needing largest memory in solve     :       127
 ** Space in MBYTES used by this processor for solve      :       766
 ** Avg. Space in MBYTES per working proc during solve    :       410

 Leaving solve with ...
 Time to build/scatter RHS        =       0.002087
 Time in solution step (fwd/bwd)  =       0.144421
  .. Time in forward (fwd) step   =          0.079718
  .. Time in ScaLAPACK root       =          0.001434
  .. Time in backward (bwd) step  =          0.063239
 Time to gather solution(cent.sol)=       0.000000
 Time to copy/scale dist. solution=       0.000475

 Elapsed time in solve driver=       0.2876
   22 KSP Residual norm 3.869766964513e-02

Entering DMUMPS 5.6.2 from C interface with JOB, N =   3     1237277
      executing #MPI =    128 and #OMP =      2



 ****** SOLVE & CHECK STEP ********

 GLOBAL STATISTICS PRIOR SOLVE PHASE ...........
 Number of right-hand-sides                    =           1
 Blocking factor for multiple rhs              =           1
 ICNTL (9)                                     =           1
  --- (10)                                     =           0
  --- (11)                                     =           0
  --- (20)                                     =          10
  --- (21)                                     =           1
  --- (30)                                     =           0
  --- (35)                                     =           0
 WARNING: original distributed matrix is not allocated
 ** Rank of processor needing largest memory in solve     :       127
 ** Space in MBYTES used by this processor for solve      :       766
 ** Avg. Space in MBYTES per working proc during solve    :       410

 Leaving solve with ...
 Time to build/scatter RHS        =       0.002279
 Time in solution step (fwd/bwd)  =       0.139161
  .. Time in forward (fwd) step   =          0.079165
  .. Time in ScaLAPACK root       =          0.001432
  .. Time in backward (bwd) step  =          0.058546
 Time to gather solution(cent.sol)=       0.000000
 Time to copy/scale dist. solution=       0.000488

 Elapsed time in solve driver=       0.2820
   23 KSP Residual norm 3.710838138116e-02

Entering DMUMPS 5.6.2 from C interface with JOB, N =   3     1237277
      executing #MPI =    128 and #OMP =      2



 ****** SOLVE & CHECK STEP ********

 GLOBAL STATISTICS PRIOR SOLVE PHASE ...........
 Number of right-hand-sides                    =           1
 Blocking factor for multiple rhs              =           1
 ICNTL (9)                                     =           1
  --- (10)                                     =           0
  --- (11)                                     =           0
  --- (20)                                     =          10
  --- (21)                                     =           1
  --- (30)                                     =           0
  --- (35)                                     =           0
 WARNING: original distributed matrix is not allocated
 ** Rank of processor needing largest memory in solve     :       127
 ** Space in MBYTES used by this processor for solve      :       766
 ** Avg. Space in MBYTES per working proc during solve    :       410

 Leaving solve with ...
 Time to build/scatter RHS        =       0.002013
 Time in solution step (fwd/bwd)  =       0.139422
  .. Time in forward (fwd) step   =          0.079539
  .. Time in ScaLAPACK root       =          0.001440
  .. Time in backward (bwd) step  =          0.058426
 Time to gather solution(cent.sol)=       0.000000
 Time to copy/scale dist. solution=       0.000482

 Elapsed time in solve driver=       0.2800
   24 KSP Residual norm 3.648852021233e-02

Entering DMUMPS 5.6.2 from C interface with JOB, N =   3     1237277
      executing #MPI =    128 and #OMP =      2



 ****** SOLVE & CHECK STEP ********

 GLOBAL STATISTICS PRIOR SOLVE PHASE ...........
 Number of right-hand-sides                    =           1
 Blocking factor for multiple rhs              =           1
 ICNTL (9)                                     =           1
  --- (10)                                     =           0
  --- (11)                                     =           0
  --- (20)                                     =          10
  --- (21)                                     =           1
  --- (30)                                     =           0
  --- (35)                                     =           0
 WARNING: original distributed matrix is not allocated
 ** Rank of processor needing largest memory in solve     :       127
 ** Space in MBYTES used by this processor for solve      :       766
 ** Avg. Space in MBYTES per working proc during solve    :       410

 Leaving solve with ...
 Time to build/scatter RHS        =       0.002067
 Time in solution step (fwd/bwd)  =       0.144196
  .. Time in forward (fwd) step   =          0.079780
  .. Time in ScaLAPACK root       =          0.001459
  .. Time in backward (bwd) step  =          0.062935
 Time to gather solution(cent.sol)=       0.000000
 Time to copy/scale dist. solution=       0.000474

 Elapsed time in solve driver=       0.2877
   25 KSP Residual norm 3.625875134221e-02

Entering DMUMPS 5.6.2 from C interface with JOB, N =   3     1237277
      executing #MPI =    128 and #OMP =      2



 ****** SOLVE & CHECK STEP ********

 GLOBAL STATISTICS PRIOR SOLVE PHASE ...........
 Number of right-hand-sides                    =           1
 Blocking factor for multiple rhs              =           1
 ICNTL (9)                                     =           1
  --- (10)                                     =           0
  --- (11)                                     =           0
  --- (20)                                     =          10
  --- (21)                                     =           1
  --- (30)                                     =           0
  --- (35)                                     =           0
 WARNING: original distributed matrix is not allocated
 ** Rank of processor needing largest memory in solve     :       127
 ** Space in MBYTES used by this processor for solve      :       766
 ** Avg. Space in MBYTES per working proc during solve    :       410

 Leaving solve with ...
 Time to build/scatter RHS        =       0.002245
 Time in solution step (fwd/bwd)  =       0.140985
  .. Time in forward (fwd) step   =          0.079805
  .. Time in ScaLAPACK root       =          0.001436
  .. Time in backward (bwd) step  =          0.059725
 Time to gather solution(cent.sol)=       0.000000
 Time to copy/scale dist. solution=       0.000483

 Elapsed time in solve driver=       0.2836
   26 KSP Residual norm 3.612079727622e-02

Entering DMUMPS 5.6.2 from C interface with JOB, N =   3     1237277
      executing #MPI =    128 and #OMP =      2



 ****** SOLVE & CHECK STEP ********

 GLOBAL STATISTICS PRIOR SOLVE PHASE ...........
 Number of right-hand-sides                    =           1
 Blocking factor for multiple rhs              =           1
 ICNTL (9)                                     =           1
  --- (10)                                     =           0
  --- (11)                                     =           0
  --- (20)                                     =          10
  --- (21)                                     =           1
  --- (30)                                     =           0
  --- (35)                                     =           0
 WARNING: original distributed matrix is not allocated
 ** Rank of processor needing largest memory in solve     :       127
 ** Space in MBYTES used by this processor for solve      :       766
 ** Avg. Space in MBYTES per working proc during solve    :       410

 Leaving solve with ...
 Time to build/scatter RHS        =       0.002119
 Time in solution step (fwd/bwd)  =       0.141440
  .. Time in forward (fwd) step   =          0.079848
  .. Time in ScaLAPACK root       =          0.001448
  .. Time in backward (bwd) step  =          0.060124
 Time to gather solution(cent.sol)=       0.000000
 Time to copy/scale dist. solution=       0.000485

 Elapsed time in solve driver=       0.2842
   27 KSP Residual norm 3.581768765359e-02

Entering DMUMPS 5.6.2 from C interface with JOB, N =   3     1237277
      executing #MPI =    128 and #OMP =      2



 ****** SOLVE & CHECK STEP ********

 GLOBAL STATISTICS PRIOR SOLVE PHASE ...........
 Number of right-hand-sides                    =           1
 Blocking factor for multiple rhs              =           1
 ICNTL (9)                                     =           1
  --- (10)                                     =           0
  --- (11)                                     =           0
  --- (20)                                     =          10
  --- (21)                                     =           1
  --- (30)                                     =           0
  --- (35)                                     =           0
 WARNING: original distributed matrix is not allocated
 ** Rank of processor needing largest memory in solve     :       127
 ** Space in MBYTES used by this processor for solve      :       766
 ** Avg. Space in MBYTES per working proc during solve    :       410

 Leaving solve with ...
 Time to build/scatter RHS        =       0.002006
 Time in solution step (fwd/bwd)  =       0.145248
  .. Time in forward (fwd) step   =          0.079989
  .. Time in ScaLAPACK root       =          0.001440
  .. Time in backward (bwd) step  =          0.063798
 Time to gather solution(cent.sol)=       0.000000
 Time to copy/scale dist. solution=       0.000478

 Elapsed time in solve driver=       0.2877
   28 KSP Residual norm 3.516738616505e-02

Entering DMUMPS 5.6.2 from C interface with JOB, N =   3     1237277
      executing #MPI =    128 and #OMP =      2



 ****** SOLVE & CHECK STEP ********

 GLOBAL STATISTICS PRIOR SOLVE PHASE ...........
 Number of right-hand-sides                    =           1
 Blocking factor for multiple rhs              =           1
 ICNTL (9)                                     =           1
  --- (10)                                     =           0
  --- (11)                                     =           0
  --- (20)                                     =          10
  --- (21)                                     =           1
  --- (30)                                     =           0
  --- (35)                                     =           0
 WARNING: original distributed matrix is not allocated
 ** Rank of processor needing largest memory in solve     :       127
 ** Space in MBYTES used by this processor for solve      :       766
 ** Avg. Space in MBYTES per working proc during solve    :       410

 Leaving solve with ...
 Time to build/scatter RHS        =       0.002031
 Time in solution step (fwd/bwd)  =       0.141442
  .. Time in forward (fwd) step   =          0.079390
  .. Time in ScaLAPACK root       =          0.001440
  .. Time in backward (bwd) step  =          0.060580
 Time to gather solution(cent.sol)=       0.000000
 Time to copy/scale dist. solution=       0.000486

 Elapsed time in solve driver=       0.2843
   29 KSP Residual norm 3.449481653495e-02

Entering DMUMPS 5.6.2 from C interface with JOB, N =   3     1237277
      executing #MPI =    128 and #OMP =      2



 ****** SOLVE & CHECK STEP ********

 GLOBAL STATISTICS PRIOR SOLVE PHASE ...........
 Number of right-hand-sides                    =           1
 Blocking factor for multiple rhs              =           1
 ICNTL (9)                                     =           1
  --- (10)                                     =           0
  --- (11)                                     =           0
  --- (20)                                     =          10
  --- (21)                                     =           1
  --- (30)                                     =           0
  --- (35)                                     =           0
 WARNING: original distributed matrix is not allocated
 ** Rank of processor needing largest memory in solve     :       127
 ** Space in MBYTES used by this processor for solve      :       766
 ** Avg. Space in MBYTES per working proc during solve    :       410

 Leaving solve with ...
 Time to build/scatter RHS        =       0.002052
 Time in solution step (fwd/bwd)  =       0.139872
  .. Time in forward (fwd) step   =          0.080160
  .. Time in ScaLAPACK root       =          0.001421
  .. Time in backward (bwd) step  =          0.058269
 Time to gather solution(cent.sol)=       0.000000
 Time to copy/scale dist. solution=       0.000487

 Elapsed time in solve driver=       0.2824
   30 KSP Residual norm 3.391671567696e-02

Entering DMUMPS 5.6.2 from C interface with JOB, N =   3     1237277
      executing #MPI =    128 and #OMP =      2



 ****** SOLVE & CHECK STEP ********

 GLOBAL STATISTICS PRIOR SOLVE PHASE ...........
 Number of right-hand-sides                    =           1
 Blocking factor for multiple rhs              =           1
 ICNTL (9)                                     =           1
  --- (10)                                     =           0
  --- (11)                                     =           0
  --- (20)                                     =          10
  --- (21)                                     =           1
  --- (30)                                     =           0
  --- (35)                                     =           0
 WARNING: original distributed matrix is not allocated
 ** Rank of processor needing largest memory in solve     :       127
 ** Space in MBYTES used by this processor for solve      :       766
 ** Avg. Space in MBYTES per working proc during solve    :       410

 Leaving solve with ...
 Time to build/scatter RHS        =       0.001974
 Time in solution step (fwd/bwd)  =       0.144656
  .. Time in forward (fwd) step   =          0.079860
  .. Time in ScaLAPACK root       =          0.001448
  .. Time in backward (bwd) step  =          0.063328
 Time to gather solution(cent.sol)=       0.000000
 Time to copy/scale dist. solution=       0.000500

 Elapsed time in solve driver=       0.2881
   31 KSP Residual norm 3.332635459962e-02

Entering DMUMPS 5.6.2 from C interface with JOB, N =   3     1237277
      executing #MPI =    128 and #OMP =      2



 ****** SOLVE & CHECK STEP ********

 GLOBAL STATISTICS PRIOR SOLVE PHASE ...........
 Number of right-hand-sides                    =           1
 Blocking factor for multiple rhs              =           1
 ICNTL (9)                                     =           1
  --- (10)                                     =           0
  --- (11)                                     =           0
  --- (20)                                     =          10
  --- (21)                                     =           1
  --- (30)                                     =           0
  --- (35)                                     =           0
 WARNING: original distributed matrix is not allocated
 ** Rank of processor needing largest memory in solve     :       127
 ** Space in MBYTES used by this processor for solve      :       766
 ** Avg. Space in MBYTES per working proc during solve    :       410

 Leaving solve with ...
 Time to build/scatter RHS        =       0.002098
 Time in solution step (fwd/bwd)  =       0.142297
  .. Time in forward (fwd) step   =          0.079502
  .. Time in ScaLAPACK root       =          0.001441
  .. Time in backward (bwd) step  =          0.061332
 Time to gather solution(cent.sol)=       0.000000
 Time to copy/scale dist. solution=       0.000497

 Elapsed time in solve driver=       0.2887
   32 KSP Residual norm 3.282603809118e-02

Entering DMUMPS 5.6.2 from C interface with JOB, N =   3     1237277
      executing #MPI =    128 and #OMP =      2



 ****** SOLVE & CHECK STEP ********

 GLOBAL STATISTICS PRIOR SOLVE PHASE ...........
 Number of right-hand-sides                    =           1
 Blocking factor for multiple rhs              =           1
 ICNTL (9)                                     =           1
  --- (10)                                     =           0
  --- (11)                                     =           0
  --- (20)                                     =          10
  --- (21)                                     =           1
  --- (30)                                     =           0
  --- (35)                                     =           0
 WARNING: original distributed matrix is not allocated
 ** Rank of processor needing largest memory in solve     :       127
 ** Space in MBYTES used by this processor for solve      :       766
 ** Avg. Space in MBYTES per working proc during solve    :       410

 Leaving solve with ...
 Time to build/scatter RHS        =       0.002261
 Time in solution step (fwd/bwd)  =       0.143401
  .. Time in forward (fwd) step   =          0.078871
  .. Time in ScaLAPACK root       =          0.001439
  .. Time in backward (bwd) step  =          0.063068
 Time to gather solution(cent.sol)=       0.000000
 Time to copy/scale dist. solution=       0.000472

 Elapsed time in solve driver=       0.2868
   33 KSP Residual norm 3.209354824402e-02

Entering DMUMPS 5.6.2 from C interface with JOB, N =   3     1237277
      executing #MPI =    128 and #OMP =      2



 ****** SOLVE & CHECK STEP ********

 GLOBAL STATISTICS PRIOR SOLVE PHASE ...........
 Number of right-hand-sides                    =           1
 Blocking factor for multiple rhs              =           1
 ICNTL (9)                                     =           1
  --- (10)                                     =           0
  --- (11)                                     =           0
  --- (20)                                     =          10
  --- (21)                                     =           1
  --- (30)                                     =           0
  --- (35)                                     =           0
 WARNING: original distributed matrix is not allocated
 ** Rank of processor needing largest memory in solve     :       127
 ** Space in MBYTES used by this processor for solve      :       766
 ** Avg. Space in MBYTES per working proc during solve    :       410

 Leaving solve with ...
 Time to build/scatter RHS        =       0.002097
 Time in solution step (fwd/bwd)  =       0.142292
  .. Time in forward (fwd) step   =          0.079426
  .. Time in ScaLAPACK root       =          0.001472
  .. Time in backward (bwd) step  =          0.061374
 Time to gather solution(cent.sol)=       0.000000
 Time to copy/scale dist. solution=       0.000479

 Elapsed time in solve driver=       0.2841
   34 KSP Residual norm 3.112253111639e-02

Entering DMUMPS 5.6.2 from C interface with JOB, N =   3     1237277
      executing #MPI =    128 and #OMP =      2



 ****** SOLVE & CHECK STEP ********

 GLOBAL STATISTICS PRIOR SOLVE PHASE ...........
 Number of right-hand-sides                    =           1
 Blocking factor for multiple rhs              =           1
 ICNTL (9)                                     =           1
  --- (10)                                     =           0
  --- (11)                                     =           0
  --- (20)                                     =          10
  --- (21)                                     =           1
  --- (30)                                     =           0
  --- (35)                                     =           0
 WARNING: original distributed matrix is not allocated
 ** Rank of processor needing largest memory in solve     :       127
 ** Space in MBYTES used by this processor for solve      :       766
 ** Avg. Space in MBYTES per working proc during solve    :       410

 Leaving solve with ...
 Time to build/scatter RHS        =       0.002111
 Time in solution step (fwd/bwd)  =       0.139483
  .. Time in forward (fwd) step   =          0.079945
  .. Time in ScaLAPACK root       =          0.001439
  .. Time in backward (bwd) step  =          0.058079
 Time to gather solution(cent.sol)=       0.000000
 Time to copy/scale dist. solution=       0.000490

 Elapsed time in solve driver=       0.2803
   35 KSP Residual norm 2.963288361386e-02

Entering DMUMPS 5.6.2 from C interface with JOB, N =   3     1237277
      executing #MPI =    128 and #OMP =      2



 ****** SOLVE & CHECK STEP ********

 GLOBAL STATISTICS PRIOR SOLVE PHASE ...........
 Number of right-hand-sides                    =           1
 Blocking factor for multiple rhs              =           1
 ICNTL (9)                                     =           1
  --- (10)                                     =           0
  --- (11)                                     =           0
  --- (20)                                     =          10
  --- (21)                                     =           1
  --- (30)                                     =           0
  --- (35)                                     =           0
 WARNING: original distributed matrix is not allocated
 ** Rank of processor needing largest memory in solve     :       127
 ** Space in MBYTES used by this processor for solve      :       766
 ** Avg. Space in MBYTES per working proc during solve    :       410

 Leaving solve with ...
 Time to build/scatter RHS        =       0.002124
 Time in solution step (fwd/bwd)  =       0.144848
  .. Time in forward (fwd) step   =          0.080343
  .. Time in ScaLAPACK root       =          0.001427
  .. Time in backward (bwd) step  =          0.063048
 Time to gather solution(cent.sol)=       0.000000
 Time to copy/scale dist. solution=       0.000483

 Elapsed time in solve driver=       0.2855
   36 KSP Residual norm 2.695480857995e-02

Entering DMUMPS 5.6.2 from C interface with JOB, N =   3     1237277
      executing #MPI =    128 and #OMP =      2



 ****** SOLVE & CHECK STEP ********

 GLOBAL STATISTICS PRIOR SOLVE PHASE ...........
 Number of right-hand-sides                    =           1
 Blocking factor for multiple rhs              =           1
 ICNTL (9)                                     =           1
  --- (10)                                     =           0
  --- (11)                                     =           0
  --- (20)                                     =          10
  --- (21)                                     =           1
  --- (30)                                     =           0
  --- (35)                                     =           0
 WARNING: original distributed matrix is not allocated
 ** Rank of processor needing largest memory in solve     :       127
 ** Space in MBYTES used by this processor for solve      :       766
 ** Avg. Space in MBYTES per working proc during solve    :       410

 Leaving solve with ...
 Time to build/scatter RHS        =       0.002064
 Time in solution step (fwd/bwd)  =       0.139945
  .. Time in forward (fwd) step   =          0.079838
  .. Time in ScaLAPACK root       =          0.001438
  .. Time in backward (bwd) step  =          0.058649
 Time to gather solution(cent.sol)=       0.000000
 Time to copy/scale dist. solution=       0.000489

 Elapsed time in solve driver=       0.2801
   37 KSP Residual norm 2.311728653746e-02

Entering DMUMPS 5.6.2 from C interface with JOB, N =   3     1237277
      executing #MPI =    128 and #OMP =      2



 ****** SOLVE & CHECK STEP ********

 GLOBAL STATISTICS PRIOR SOLVE PHASE ...........
 Number of right-hand-sides                    =           1
 Blocking factor for multiple rhs              =           1
 ICNTL (9)                                     =           1
  --- (10)                                     =           0
  --- (11)                                     =           0
  --- (20)                                     =          10
  --- (21)                                     =           1
  --- (30)                                     =           0
  --- (35)                                     =           0
 WARNING: original distributed matrix is not allocated
 ** Rank of processor needing largest memory in solve     :       127
 ** Space in MBYTES used by this processor for solve      :       766
 ** Avg. Space in MBYTES per working proc during solve    :       410

 Leaving solve with ...
 Time to build/scatter RHS        =       0.002139
 Time in solution step (fwd/bwd)  =       0.143582
  .. Time in forward (fwd) step   =          0.079147
  .. Time in ScaLAPACK root       =          0.001454
  .. Time in backward (bwd) step  =          0.062960
 Time to gather solution(cent.sol)=       0.000000
 Time to copy/scale dist. solution=       0.000475

 Elapsed time in solve driver=       0.2875
   38 KSP Residual norm 1.746166168488e-02

Entering DMUMPS 5.6.2 from C interface with JOB, N =   3     1237277
      executing #MPI =    128 and #OMP =      2



 ****** SOLVE & CHECK STEP ********

 GLOBAL STATISTICS PRIOR SOLVE PHASE ...........
 Number of right-hand-sides                    =           1
 Blocking factor for multiple rhs              =           1
 ICNTL (9)                                     =           1
  --- (10)                                     =           0
  --- (11)                                     =           0
  --- (20)                                     =          10
  --- (21)                                     =           1
  --- (30)                                     =           0
  --- (35)                                     =           0
 WARNING: original distributed matrix is not allocated
 ** Rank of processor needing largest memory in solve     :       127
 ** Space in MBYTES used by this processor for solve      :       766
 ** Avg. Space in MBYTES per working proc during solve    :       410

 Leaving solve with ...
 Time to build/scatter RHS        =       0.002191
 Time in solution step (fwd/bwd)  =       0.142847
  .. Time in forward (fwd) step   =          0.079456
  .. Time in ScaLAPACK root       =          0.001435
  .. Time in backward (bwd) step  =          0.061937
 Time to gather solution(cent.sol)=       0.000000
 Time to copy/scale dist. solution=       0.000476

 Elapsed time in solve driver=       0.2855
   39 KSP Residual norm 1.497819787822e-02

Entering DMUMPS 5.6.2 from C interface with JOB, N =   3     1237277
      executing #MPI =    128 and #OMP =      2



 ****** SOLVE & CHECK STEP ********

 GLOBAL STATISTICS PRIOR SOLVE PHASE ...........
 Number of right-hand-sides                    =           1
 Blocking factor for multiple rhs              =           1
 ICNTL (9)                                     =           1
  --- (10)                                     =           0
  --- (11)                                     =           0
  --- (20)                                     =          10
  --- (21)                                     =           1
  --- (30)                                     =           0
  --- (35)                                     =           0
 WARNING: original distributed matrix is not allocated
 ** Rank of processor needing largest memory in solve     :       127
 ** Space in MBYTES used by this processor for solve      :       766
 ** Avg. Space in MBYTES per working proc during solve    :       410

 Leaving solve with ...
 Time to build/scatter RHS        =       0.002025
 Time in solution step (fwd/bwd)  =       0.144228
  .. Time in forward (fwd) step   =          0.080140
  .. Time in ScaLAPACK root       =          0.001450
  .. Time in backward (bwd) step  =          0.062619
 Time to gather solution(cent.sol)=       0.000000
 Time to copy/scale dist. solution=       0.000494

 Elapsed time in solve driver=       0.2877
   40 KSP Residual norm 1.222671228219e-02

Entering DMUMPS 5.6.2 from C interface with JOB, N =   3     1237277
      executing #MPI =    128 and #OMP =      2



 ****** SOLVE & CHECK STEP ********

 GLOBAL STATISTICS PRIOR SOLVE PHASE ...........
 Number of right-hand-sides                    =           1
 Blocking factor for multiple rhs              =           1
 ICNTL (9)                                     =           1
  --- (10)                                     =           0
  --- (11)                                     =           0
  --- (20)                                     =          10
  --- (21)                                     =           1
  --- (30)                                     =           0
  --- (35)                                     =           0
 WARNING: original distributed matrix is not allocated
 ** Rank of processor needing largest memory in solve     :       127
 ** Space in MBYTES used by this processor for solve      :       766
 ** Avg. Space in MBYTES per working proc during solve    :       410

 Leaving solve with ...
 Time to build/scatter RHS        =       0.001996
 Time in solution step (fwd/bwd)  =       0.140514
  .. Time in forward (fwd) step   =          0.080074
  .. Time in ScaLAPACK root       =          0.001435
  .. Time in backward (bwd) step  =          0.058986
 Time to gather solution(cent.sol)=       0.000000
 Time to copy/scale dist. solution=       0.000512

 Elapsed time in solve driver=       0.2847
   41 KSP Residual norm 8.824574070864e-03

Entering DMUMPS 5.6.2 from C interface with JOB, N =   3     1237277
      executing #MPI =    128 and #OMP =      2



 ****** SOLVE & CHECK STEP ********

 GLOBAL STATISTICS PRIOR SOLVE PHASE ...........
 Number of right-hand-sides                    =           1
 Blocking factor for multiple rhs              =           1
 ICNTL (9)                                     =           1
  --- (10)                                     =           0
  --- (11)                                     =           0
  --- (20)                                     =          10
  --- (21)                                     =           1
  --- (30)                                     =           0
  --- (35)                                     =           0
 WARNING: original distributed matrix is not allocated
 ** Rank of processor needing largest memory in solve     :       127
 ** Space in MBYTES used by this processor for solve      :       766
 ** Avg. Space in MBYTES per working proc during solve    :       410

 Leaving solve with ...
 Time to build/scatter RHS        =       0.002095
 Time in solution step (fwd/bwd)  =       0.144014
  .. Time in forward (fwd) step   =          0.079542
  .. Time in ScaLAPACK root       =          0.001439
  .. Time in backward (bwd) step  =          0.063011
 Time to gather solution(cent.sol)=       0.000000
 Time to copy/scale dist. solution=       0.000472

 Elapsed time in solve driver=       0.2889
   42 KSP Residual norm 6.660106905073e-03

Entering DMUMPS 5.6.2 from C interface with JOB, N =   3     1237277
      executing #MPI =    128 and #OMP =      2



 ****** SOLVE & CHECK STEP ********

 GLOBAL STATISTICS PRIOR SOLVE PHASE ...........
 Number of right-hand-sides                    =           1
 Blocking factor for multiple rhs              =           1
 ICNTL (9)                                     =           1
  --- (10)                                     =           0
  --- (11)                                     =           0
  --- (20)                                     =          10
  --- (21)                                     =           1
  --- (30)                                     =           0
  --- (35)                                     =           0
 WARNING: original distributed matrix is not allocated
 ** Rank of processor needing largest memory in solve     :       127
 ** Space in MBYTES used by this processor for solve      :       766
 ** Avg. Space in MBYTES per working proc during solve    :       410

 Leaving solve with ...
 Time to build/scatter RHS        =       0.002256
 Time in solution step (fwd/bwd)  =       0.138997
  .. Time in forward (fwd) step   =          0.079276
  .. Time in ScaLAPACK root       =          0.001466
  .. Time in backward (bwd) step  =          0.058225
 Time to gather solution(cent.sol)=       0.000000
 Time to copy/scale dist. solution=       0.000487

 Elapsed time in solve driver=       0.2865
   43 KSP Residual norm 4.541598966846e-03

Entering DMUMPS 5.6.2 from C interface with JOB, N =   3     1237277
      executing #MPI =    128 and #OMP =      2



 ****** SOLVE & CHECK STEP ********

 GLOBAL STATISTICS PRIOR SOLVE PHASE ...........
 Number of right-hand-sides                    =           1
 Blocking factor for multiple rhs              =           1
 ICNTL (9)                                     =           1
  --- (10)                                     =           0
  --- (11)                                     =           0
  --- (20)                                     =          10
  --- (21)                                     =           1
  --- (30)                                     =           0
  --- (35)                                     =           0
 WARNING: original distributed matrix is not allocated
 ** Rank of processor needing largest memory in solve     :       127
 ** Space in MBYTES used by this processor for solve      :       766
 ** Avg. Space in MBYTES per working proc during solve    :       410

 Leaving solve with ...
 Time to build/scatter RHS        =       0.002067
 Time in solution step (fwd/bwd)  =       0.141157
  .. Time in forward (fwd) step   =          0.079267
  .. Time in ScaLAPACK root       =          0.001425
  .. Time in backward (bwd) step  =          0.060446
 Time to gather solution(cent.sol)=       0.000000
 Time to copy/scale dist. solution=       0.000504

 Elapsed time in solve driver=       0.2850
   44 KSP Residual norm 3.111392657449e-03

Entering DMUMPS 5.6.2 from C interface with JOB, N =   3     1237277
      executing #MPI =    128 and #OMP =      2



 ****** SOLVE & CHECK STEP ********

 GLOBAL STATISTICS PRIOR SOLVE PHASE ...........
 Number of right-hand-sides                    =           1
 Blocking factor for multiple rhs              =           1
 ICNTL (9)                                     =           1
  --- (10)                                     =           0
  --- (11)                                     =           0
  --- (20)                                     =          10
  --- (21)                                     =           1
  --- (30)                                     =           0
  --- (35)                                     =           0
 WARNING: original distributed matrix is not allocated
 ** Rank of processor needing largest memory in solve     :       127
 ** Space in MBYTES used by this processor for solve      :       766
 ** Avg. Space in MBYTES per working proc during solve    :       410

 Leaving solve with ...
 Time to build/scatter RHS        =       0.002081
 Time in solution step (fwd/bwd)  =       0.141559
  .. Time in forward (fwd) step   =          0.079405
  .. Time in ScaLAPACK root       =          0.001445
  .. Time in backward (bwd) step  =          0.060688
 Time to gather solution(cent.sol)=       0.000000
 Time to copy/scale dist. solution=       0.000507

 Elapsed time in solve driver=       0.2866
   45 KSP Residual norm 2.459653942642e-03

Entering DMUMPS 5.6.2 from C interface with JOB, N =   3     1237277
      executing #MPI =    128 and #OMP =      2



 ****** SOLVE & CHECK STEP ********

 GLOBAL STATISTICS PRIOR SOLVE PHASE ...........
 Number of right-hand-sides                    =           1
 Blocking factor for multiple rhs              =           1
 ICNTL (9)                                     =           1
  --- (10)                                     =           0
  --- (11)                                     =           0
  --- (20)                                     =          10
  --- (21)                                     =           1
  --- (30)                                     =           0
  --- (35)                                     =           0
 WARNING: original distributed matrix is not allocated
 ** Rank of processor needing largest memory in solve     :       127
 ** Space in MBYTES used by this processor for solve      :       766
 ** Avg. Space in MBYTES per working proc during solve    :       410

 Leaving solve with ...
 Time to build/scatter RHS        =       0.002060
 Time in solution step (fwd/bwd)  =       0.140157
  .. Time in forward (fwd) step   =          0.080119
  .. Time in ScaLAPACK root       =          0.001423
  .. Time in backward (bwd) step  =          0.058590
 Time to gather solution(cent.sol)=       0.000000
 Time to copy/scale dist. solution=       0.000490

 Elapsed time in solve driver=       0.2840
   46 KSP Residual norm 1.907975595937e-03

Entering DMUMPS 5.6.2 from C interface with JOB, N =   3     1237277
      executing #MPI =    128 and #OMP =      2



 ****** SOLVE & CHECK STEP ********

 GLOBAL STATISTICS PRIOR SOLVE PHASE ...........
 Number of right-hand-sides                    =           1
 Blocking factor for multiple rhs              =           1
 ICNTL (9)                                     =           1
  --- (10)                                     =           0
  --- (11)                                     =           0
  --- (20)                                     =          10
  --- (21)                                     =           1
  --- (30)                                     =           0
  --- (35)                                     =           0
 WARNING: original distributed matrix is not allocated
 ** Rank of processor needing largest memory in solve     :       127
 ** Space in MBYTES used by this processor for solve      :       766
 ** Avg. Space in MBYTES per working proc during solve    :       410

 Leaving solve with ...
 Time to build/scatter RHS        =       0.008834
 Time in solution step (fwd/bwd)  =       0.305926
  .. Time in forward (fwd) step   =          0.243786
  .. Time in ScaLAPACK root       =          0.001482
  .. Time in backward (bwd) step  =          0.060631
 Time to gather solution(cent.sol)=       0.000000
 Time to copy/scale dist. solution=       0.000498

 Elapsed time in solve driver=       0.4577
   47 KSP Residual norm 1.591283590411e-03

Entering DMUMPS 5.6.2 from C interface with JOB, N =   3     1237277
      executing #MPI =    128 and #OMP =      2



 ****** SOLVE & CHECK STEP ********

 GLOBAL STATISTICS PRIOR SOLVE PHASE ...........
 Number of right-hand-sides                    =           1
 Blocking factor for multiple rhs              =           1
 ICNTL (9)                                     =           1
  --- (10)                                     =           0
  --- (11)                                     =           0
  --- (20)                                     =          10
  --- (21)                                     =           1
  --- (30)                                     =           0
  --- (35)                                     =           0
 WARNING: original distributed matrix is not allocated
 ** Rank of processor needing largest memory in solve     :       127
 ** Space in MBYTES used by this processor for solve      :       766
 ** Avg. Space in MBYTES per working proc during solve    :       410

 Leaving solve with ...
 Time to build/scatter RHS        =       0.024826
 Time in solution step (fwd/bwd)  =       0.200002
  .. Time in forward (fwd) step   =          0.135489
  .. Time in ScaLAPACK root       =          0.001464
  .. Time in backward (bwd) step  =          0.063025
 Time to gather solution(cent.sol)=       0.000000
 Time to copy/scale dist. solution=       0.000498

 Elapsed time in solve driver=       0.3694
   48 KSP Residual norm 1.446797595634e-03

Entering DMUMPS 5.6.2 from C interface with JOB, N =   3     1237277
      executing #MPI =    128 and #OMP =      2



 ****** SOLVE & CHECK STEP ********

 GLOBAL STATISTICS PRIOR SOLVE PHASE ...........
 Number of right-hand-sides                    =           1
 Blocking factor for multiple rhs              =           1
 ICNTL (9)                                     =           1
  --- (10)                                     =           0
  --- (11)                                     =           0
  --- (20)                                     =          10
  --- (21)                                     =           1
  --- (30)                                     =           0
  --- (35)                                     =           0
 WARNING: original distributed matrix is not allocated
 ** Rank of processor needing largest memory in solve     :       127
 ** Space in MBYTES used by this processor for solve      :       766
 ** Avg. Space in MBYTES per working proc during solve    :       410

 Leaving solve with ...
 Time to build/scatter RHS        =       0.022051
 Time in solution step (fwd/bwd)  =       0.144933
  .. Time in forward (fwd) step   =          0.079681
  .. Time in ScaLAPACK root       =          0.001441
  .. Time in backward (bwd) step  =          0.063791
 Time to gather solution(cent.sol)=       0.000000
 Time to copy/scale dist. solution=       0.000493

 Elapsed time in solve driver=       0.3129
   49 KSP Residual norm 1.328166957629e-03

Entering DMUMPS 5.6.2 from C interface with JOB, N =   3     1237277
      executing #MPI =    128 and #OMP =      2



 ****** SOLVE & CHECK STEP ********

 GLOBAL STATISTICS PRIOR SOLVE PHASE ...........
 Number of right-hand-sides                    =           1
 Blocking factor for multiple rhs              =           1
 ICNTL (9)                                     =           1
  --- (10)                                     =           0
  --- (11)                                     =           0
  --- (20)                                     =          10
  --- (21)                                     =           1
  --- (30)                                     =           0
  --- (35)                                     =           0
 WARNING: original distributed matrix is not allocated
 ** Rank of processor needing largest memory in solve     :       127
 ** Space in MBYTES used by this processor for solve      :       766
 ** Avg. Space in MBYTES per working proc during solve    :       410

 Leaving solve with ...
 Time to build/scatter RHS        =       0.002093
 Time in solution step (fwd/bwd)  =       0.142658
  .. Time in forward (fwd) step   =          0.080413
  .. Time in ScaLAPACK root       =          0.001456
  .. Time in backward (bwd) step  =          0.060758
 Time to gather solution(cent.sol)=       0.000000
 Time to copy/scale dist. solution=       0.000489

 Elapsed time in solve driver=       0.2877
   50 KSP Residual norm 1.208435579480e-03

Entering DMUMPS 5.6.2 from C interface with JOB, N =   3     1237277
      executing #MPI =    128 and #OMP =      2



 ****** SOLVE & CHECK STEP ********

 GLOBAL STATISTICS PRIOR SOLVE PHASE ...........
 Number of right-hand-sides                    =           1
 Blocking factor for multiple rhs              =           1
 ICNTL (9)                                     =           1
  --- (10)                                     =           0
  --- (11)                                     =           0
  --- (20)                                     =          10
  --- (21)                                     =           1
  --- (30)                                     =           0
  --- (35)                                     =           0
 WARNING: original distributed matrix is not allocated
 ** Rank of processor needing largest memory in solve     :       127
 ** Space in MBYTES used by this processor for solve      :       766
 ** Avg. Space in MBYTES per working proc during solve    :       410

 Leaving solve with ...
 Time to build/scatter RHS        =       0.002138
 Time in solution step (fwd/bwd)  =       0.143936
  .. Time in forward (fwd) step   =          0.080217
  .. Time in ScaLAPACK root       =          0.001437
  .. Time in backward (bwd) step  =          0.062260
 Time to gather solution(cent.sol)=       0.000000
 Time to copy/scale dist. solution=       0.000481

 Elapsed time in solve driver=       0.2919
   51 KSP Residual norm 9.389956064488e-04

Entering DMUMPS 5.6.2 from C interface with JOB, N =   3     1237277
      executing #MPI =    128 and #OMP =      2



 ****** SOLVE & CHECK STEP ********

 GLOBAL STATISTICS PRIOR SOLVE PHASE ...........
 Number of right-hand-sides                    =           1
 Blocking factor for multiple rhs              =           1
 ICNTL (9)                                     =           1
  --- (10)                                     =           0
  --- (11)                                     =           0
  --- (20)                                     =          10
  --- (21)                                     =           1
  --- (30)                                     =           0
  --- (35)                                     =           0
 WARNING: original distributed matrix is not allocated
 ** Rank of processor needing largest memory in solve     :       127
 ** Space in MBYTES used by this processor for solve      :       766
 ** Avg. Space in MBYTES per working proc during solve    :       410

 Leaving solve with ...
 Time to build/scatter RHS        =       0.002010
 Time in solution step (fwd/bwd)  =       0.143181
  .. Time in forward (fwd) step   =          0.079757
  .. Time in ScaLAPACK root       =          0.001456
  .. Time in backward (bwd) step  =          0.061950
 Time to gather solution(cent.sol)=       0.000000
 Time to copy/scale dist. solution=       0.000499

 Elapsed time in solve driver=       0.2878
   52 KSP Residual norm 6.758967549922e-04

Entering DMUMPS 5.6.2 from C interface with JOB, N =   3     1237277
      executing #MPI =    128 and #OMP =      2



 ****** SOLVE & CHECK STEP ********

 GLOBAL STATISTICS PRIOR SOLVE PHASE ...........
 Number of right-hand-sides                    =           1
 Blocking factor for multiple rhs              =           1
 ICNTL (9)                                     =           1
  --- (10)                                     =           0
  --- (11)                                     =           0
  --- (20)                                     =          10
  --- (21)                                     =           1
  --- (30)                                     =           0
  --- (35)                                     =           0
 WARNING: original distributed matrix is not allocated
 ** Rank of processor needing largest memory in solve     :       127
 ** Space in MBYTES used by this processor for solve      :       766
 ** Avg. Space in MBYTES per working proc during solve    :       410

 Leaving solve with ...
 Time to build/scatter RHS        =       0.002245
 Time in solution step (fwd/bwd)  =       0.144768
  .. Time in forward (fwd) step   =          0.079603
  .. Time in ScaLAPACK root       =          0.001484
  .. Time in backward (bwd) step  =          0.063660
 Time to gather solution(cent.sol)=       0.000000
 Time to copy/scale dist. solution=       0.000484

 Elapsed time in solve driver=       0.3008
   53 KSP Residual norm 5.553449500437e-04

Entering DMUMPS 5.6.2 from C interface with JOB, N =   3     1237277
      executing #MPI =    128 and #OMP =      2



 ****** SOLVE & CHECK STEP ********

 GLOBAL STATISTICS PRIOR SOLVE PHASE ...........
 Number of right-hand-sides                    =           1
 Blocking factor for multiple rhs              =           1
 ICNTL (9)                                     =           1
  --- (10)                                     =           0
  --- (11)                                     =           0
  --- (20)                                     =          10
  --- (21)                                     =           1
  --- (30)                                     =           0
  --- (35)                                     =           0
 WARNING: original distributed matrix is not allocated
 ** Rank of processor needing largest memory in solve     :       127
 ** Space in MBYTES used by this processor for solve      :       766
 ** Avg. Space in MBYTES per working proc during solve    :       410

 Leaving solve with ...
 Time to build/scatter RHS        =       0.010762
 Time in solution step (fwd/bwd)  =       0.190777
  .. Time in forward (fwd) step   =          0.129259
  .. Time in ScaLAPACK root       =          0.001470
  .. Time in backward (bwd) step  =          0.060026
 Time to gather solution(cent.sol)=       0.000000
 Time to copy/scale dist. solution=       0.000501

 Elapsed time in solve driver=       0.3497
   54 KSP Residual norm 4.694911984575e-04

Entering DMUMPS 5.6.2 from C interface with JOB, N =   3     1237277
      executing #MPI =    128 and #OMP =      2



 ****** SOLVE & CHECK STEP ********

 GLOBAL STATISTICS PRIOR SOLVE PHASE ...........
 Number of right-hand-sides                    =           1
 Blocking factor for multiple rhs              =           1
 ICNTL (9)                                     =           1
  --- (10)                                     =           0
  --- (11)                                     =           0
  --- (20)                                     =          10
  --- (21)                                     =           1
  --- (30)                                     =           0
  --- (35)                                     =           0
 WARNING: original distributed matrix is not allocated
 ** Rank of processor needing largest memory in solve     :       127
 ** Space in MBYTES used by this processor for solve      :       766
 ** Avg. Space in MBYTES per working proc during solve    :       410

 Leaving solve with ...
 Time to build/scatter RHS        =       0.002112
 Time in solution step (fwd/bwd)  =       0.141907
  .. Time in forward (fwd) step   =          0.080261
  .. Time in ScaLAPACK root       =          0.001444
  .. Time in backward (bwd) step  =          0.060179
 Time to gather solution(cent.sol)=       0.000000
 Time to copy/scale dist. solution=       0.000508

 Elapsed time in solve driver=       0.2918
   55 KSP Residual norm 4.085654693815e-04

Entering DMUMPS 5.6.2 from C interface with JOB, N =   3     1237277
      executing #MPI =    128 and #OMP =      2



 ****** SOLVE & CHECK STEP ********

 GLOBAL STATISTICS PRIOR SOLVE PHASE ...........
 Number of right-hand-sides                    =           1
 Blocking factor for multiple rhs              =           1
 ICNTL (9)                                     =           1
  --- (10)                                     =           0
  --- (11)                                     =           0
  --- (20)                                     =          10
  --- (21)                                     =           1
  --- (30)                                     =           0
  --- (35)                                     =           0
 WARNING: original distributed matrix is not allocated
 ** Rank of processor needing largest memory in solve     :       127
 ** Space in MBYTES used by this processor for solve      :       766
 ** Avg. Space in MBYTES per working proc during solve    :       410

 Leaving solve with ...
 Time to build/scatter RHS        =       0.002171
 Time in solution step (fwd/bwd)  =       0.145184
  .. Time in forward (fwd) step   =          0.080455
  .. Time in ScaLAPACK root       =          0.001420
  .. Time in backward (bwd) step  =          0.063287
 Time to gather solution(cent.sol)=       0.000000
 Time to copy/scale dist. solution=       0.000481

 Elapsed time in solve driver=       0.2974
   56 KSP Residual norm 3.519581909253e-04

Entering DMUMPS 5.6.2 from C interface with JOB, N =   3     1237277
      executing #MPI =    128 and #OMP =      2



 ****** SOLVE & CHECK STEP ********

 GLOBAL STATISTICS PRIOR SOLVE PHASE ...........
 Number of right-hand-sides                    =           1
 Blocking factor for multiple rhs              =           1
 ICNTL (9)                                     =           1
  --- (10)                                     =           0
  --- (11)                                     =           0
  --- (20)                                     =          10
  --- (21)                                     =           1
  --- (30)                                     =           0
  --- (35)                                     =           0
 WARNING: original distributed matrix is not allocated
 ** Rank of processor needing largest memory in solve     :       127
 ** Space in MBYTES used by this processor for solve      :       766
 ** Avg. Space in MBYTES per working proc during solve    :       410

 Leaving solve with ...
 Time to build/scatter RHS        =       0.075126
 Time in solution step (fwd/bwd)  =       0.142844
  .. Time in forward (fwd) step   =          0.080298
  .. Time in ScaLAPACK root       =          0.001483
  .. Time in backward (bwd) step  =          0.061036
 Time to gather solution(cent.sol)=       0.000000
 Time to copy/scale dist. solution=       0.000482

 Elapsed time in solve driver=       0.3647
   57 KSP Residual norm 2.844936886706e-04

Entering DMUMPS 5.6.2 from C interface with JOB, N =   3     1237277
      executing #MPI =    128 and #OMP =      2



 ****** SOLVE & CHECK STEP ********

 GLOBAL STATISTICS PRIOR SOLVE PHASE ...........
 Number of right-hand-sides                    =           1
 Blocking factor for multiple rhs              =           1
 ICNTL (9)                                     =           1
  --- (10)                                     =           0
  --- (11)                                     =           0
  --- (20)                                     =          10
  --- (21)                                     =           1
  --- (30)                                     =           0
  --- (35)                                     =           0
 WARNING: original distributed matrix is not allocated
 ** Rank of processor needing largest memory in solve     :       127
 ** Space in MBYTES used by this processor for solve      :       766
 ** Avg. Space in MBYTES per working proc during solve    :       410

 Leaving solve with ...
 Time to build/scatter RHS        =       0.066522
 Time in solution step (fwd/bwd)  =       0.152242
  .. Time in forward (fwd) step   =          0.091846
  .. Time in ScaLAPACK root       =          0.001428
  .. Time in backward (bwd) step  =          0.058946
 Time to gather solution(cent.sol)=       0.000000
 Time to copy/scale dist. solution=       0.000493

 Elapsed time in solve driver=       0.3667
   58 KSP Residual norm 2.479733517875e-04

Entering DMUMPS 5.6.2 from C interface with JOB, N =   3     1237277
      executing #MPI =    128 and #OMP =      2



 ****** SOLVE & CHECK STEP ********

 GLOBAL STATISTICS PRIOR SOLVE PHASE ...........
 Number of right-hand-sides                    =           1
 Blocking factor for multiple rhs              =           1
 ICNTL (9)                                     =           1
  --- (10)                                     =           0
  --- (11)                                     =           0
  --- (20)                                     =          10
  --- (21)                                     =           1
  --- (30)                                     =           0
  --- (35)                                     =           0
 WARNING: original distributed matrix is not allocated
 ** Rank of processor needing largest memory in solve     :       127
 ** Space in MBYTES used by this processor for solve      :       766
 ** Avg. Space in MBYTES per working proc during solve    :       410

 Leaving solve with ...
 Time to build/scatter RHS        =       0.004813
 Time in solution step (fwd/bwd)  =       0.171254
  .. Time in forward (fwd) step   =          0.105548
  .. Time in ScaLAPACK root       =          0.001500
  .. Time in backward (bwd) step  =          0.064184
 Time to gather solution(cent.sol)=       0.000000
 Time to copy/scale dist. solution=       0.000492

 Elapsed time in solve driver=       0.3243
   59 KSP Residual norm 2.353440659240e-04

Entering DMUMPS 5.6.2 from C interface with JOB, N =   3     1237277
      executing #MPI =    128 and #OMP =      2



 ****** SOLVE & CHECK STEP ********

 GLOBAL STATISTICS PRIOR SOLVE PHASE ...........
 Number of right-hand-sides                    =           1
 Blocking factor for multiple rhs              =           1
 ICNTL (9)                                     =           1
  --- (10)                                     =           0
  --- (11)                                     =           0
  --- (20)                                     =          10
  --- (21)                                     =           1
  --- (30)                                     =           0
  --- (35)                                     =           0
 WARNING: original distributed matrix is not allocated
 ** Rank of processor needing largest memory in solve     :       127
 ** Space in MBYTES used by this processor for solve      :       766
 ** Avg. Space in MBYTES per working proc during solve    :       410

 Leaving solve with ...
 Time to build/scatter RHS        =       0.008830
 Time in solution step (fwd/bwd)  =       0.145902
  .. Time in forward (fwd) step   =          0.080969
  .. Time in ScaLAPACK root       =          0.001450
  .. Time in backward (bwd) step  =          0.063461
 Time to gather solution(cent.sol)=       0.000000
 Time to copy/scale dist. solution=       0.000473

 Elapsed time in solve driver=       0.3047
   60 KSP Residual norm 2.305558529975e-04

Entering DMUMPS 5.6.2 from C interface with JOB, N =   3     1237277
      executing #MPI =    128 and #OMP =      2



 ****** SOLVE & CHECK STEP ********

 GLOBAL STATISTICS PRIOR SOLVE PHASE ...........
 Number of right-hand-sides                    =           1
 Blocking factor for multiple rhs              =           1
 ICNTL (9)                                     =           1
  --- (10)                                     =           0
  --- (11)                                     =           0
  --- (20)                                     =          10
  --- (21)                                     =           1
  --- (30)                                     =           0
  --- (35)                                     =           0
 WARNING: original distributed matrix is not allocated
 ** Rank of processor needing largest memory in solve     :       127
 ** Space in MBYTES used by this processor for solve      :       766
 ** Avg. Space in MBYTES per working proc during solve    :       410

 Leaving solve with ...
 Time to build/scatter RHS        =       0.016316
 Time in solution step (fwd/bwd)  =       0.159057
  .. Time in forward (fwd) step   =          0.097859
  .. Time in ScaLAPACK root       =          0.001420
  .. Time in backward (bwd) step  =          0.059756
 Time to gather solution(cent.sol)=       0.000000
 Time to copy/scale dist. solution=       0.000486

 Elapsed time in solve driver=       0.3245
   61 KSP Residual norm 2.251203276692e-04

Entering DMUMPS 5.6.2 from C interface with JOB, N =   3     1237277
      executing #MPI =    128 and #OMP =      2



 ****** SOLVE & CHECK STEP ********

 GLOBAL STATISTICS PRIOR SOLVE PHASE ...........
 Number of right-hand-sides                    =           1
 Blocking factor for multiple rhs              =           1
 ICNTL (9)                                     =           1
  --- (10)                                     =           0
  --- (11)                                     =           0
  --- (20)                                     =          10
  --- (21)                                     =           1
  --- (30)                                     =           0
  --- (35)                                     =           0
 WARNING: original distributed matrix is not allocated
 ** Rank of processor needing largest memory in solve     :       127
 ** Space in MBYTES used by this processor for solve      :       766
 ** Avg. Space in MBYTES per working proc during solve    :       410

 Leaving solve with ...
 Time to build/scatter RHS        =       0.002033
 Time in solution step (fwd/bwd)  =       0.143871
  .. Time in forward (fwd) step   =          0.079304
  .. Time in ScaLAPACK root       =          0.001439
  .. Time in backward (bwd) step  =          0.063106
 Time to gather solution(cent.sol)=       0.000000
 Time to copy/scale dist. solution=       0.000466

 Elapsed time in solve driver=       0.2923
   62 KSP Residual norm 2.043123951188e-04

Entering DMUMPS 5.6.2 from C interface with JOB, N =   3     1237277
      executing #MPI =    128 and #OMP =      2



 ****** SOLVE & CHECK STEP ********

 GLOBAL STATISTICS PRIOR SOLVE PHASE ...........
 Number of right-hand-sides                    =           1
 Blocking factor for multiple rhs              =           1
 ICNTL (9)                                     =           1
  --- (10)                                     =           0
  --- (11)                                     =           0
  --- (20)                                     =          10
  --- (21)                                     =           1
  --- (30)                                     =           0
  --- (35)                                     =           0
 WARNING: original distributed matrix is not allocated
 ** Rank of processor needing largest memory in solve     :       127
 ** Space in MBYTES used by this processor for solve      :       766
 ** Avg. Space in MBYTES per working proc during solve    :       410

 Leaving solve with ...
 Time to build/scatter RHS        =       0.003198
 Time in solution step (fwd/bwd)  =       0.143657
  .. Time in forward (fwd) step   =          0.079550
  .. Time in ScaLAPACK root       =          0.001485
  .. Time in backward (bwd) step  =          0.062597
 Time to gather solution(cent.sol)=       0.000000
 Time to copy/scale dist. solution=       0.000480

 Elapsed time in solve driver=       0.2951
   63 KSP Residual norm 1.738434041071e-04

Entering DMUMPS 5.6.2 from C interface with JOB, N =   3     1237277
      executing #MPI =    128 and #OMP =      2



 ****** SOLVE & CHECK STEP ********

 GLOBAL STATISTICS PRIOR SOLVE PHASE ...........
 Number of right-hand-sides                    =           1
 Blocking factor for multiple rhs              =           1
 ICNTL (9)                                     =           1
  --- (10)                                     =           0
  --- (11)                                     =           0
  --- (20)                                     =          10
  --- (21)                                     =           1
  --- (30)                                     =           0
  --- (35)                                     =           0
 WARNING: original distributed matrix is not allocated
 ** Rank of processor needing largest memory in solve     :       127
 ** Space in MBYTES used by this processor for solve      :       766
 ** Avg. Space in MBYTES per working proc during solve    :       410

 Leaving solve with ...
 Time to build/scatter RHS        =       0.004072
 Time in solution step (fwd/bwd)  =       0.140910
  .. Time in forward (fwd) step   =          0.080275
  .. Time in ScaLAPACK root       =          0.001450
  .. Time in backward (bwd) step  =          0.059151
 Time to gather solution(cent.sol)=       0.000000
 Time to copy/scale dist. solution=       0.000476

 Elapsed time in solve driver=       0.3308
   64 KSP Residual norm 1.462389665347e-04

Entering DMUMPS 5.6.2 from C interface with JOB, N =   3     1237277
      executing #MPI =    128 and #OMP =      2



 ****** SOLVE & CHECK STEP ********

 GLOBAL STATISTICS PRIOR SOLVE PHASE ...........
 Number of right-hand-sides                    =           1
 Blocking factor for multiple rhs              =           1
 ICNTL (9)                                     =           1
  --- (10)                                     =           0
  --- (11)                                     =           0
  --- (20)                                     =          10
  --- (21)                                     =           1
  --- (30)                                     =           0
  --- (35)                                     =           0
 WARNING: original distributed matrix is not allocated
 ** Rank of processor needing largest memory in solve     :       127
 ** Space in MBYTES used by this processor for solve      :       766
 ** Avg. Space in MBYTES per working proc during solve    :       410

 Leaving solve with ...
 Time to build/scatter RHS        =       0.002094
 Time in solution step (fwd/bwd)  =       0.143999
  .. Time in forward (fwd) step   =          0.079630
  .. Time in ScaLAPACK root       =          0.001429
  .. Time in backward (bwd) step  =          0.062921
 Time to gather solution(cent.sol)=       0.000000
 Time to copy/scale dist. solution=       0.000483

 Elapsed time in solve driver=       0.2926
   65 KSP Residual norm 1.199935863732e-04

Entering DMUMPS 5.6.2 from C interface with JOB, N =   3     1237277
      executing #MPI =    128 and #OMP =      2



 ****** SOLVE & CHECK STEP ********

 GLOBAL STATISTICS PRIOR SOLVE PHASE ...........
 Number of right-hand-sides                    =           1
 Blocking factor for multiple rhs              =           1
 ICNTL (9)                                     =           1
  --- (10)                                     =           0
  --- (11)                                     =           0
  --- (20)                                     =          10
  --- (21)                                     =           1
  --- (30)                                     =           0
  --- (35)                                     =           0
 WARNING: original distributed matrix is not allocated
 ** Rank of processor needing largest memory in solve     :       127
 ** Space in MBYTES used by this processor for solve      :       766
 ** Avg. Space in MBYTES per working proc during solve    :       410

 Leaving solve with ...
 Time to build/scatter RHS        =       0.002131
 Time in solution step (fwd/bwd)  =       0.142940
  .. Time in forward (fwd) step   =          0.079446
  .. Time in ScaLAPACK root       =          0.001442
  .. Time in backward (bwd) step  =          0.062029
 Time to gather solution(cent.sol)=       0.000000
 Time to copy/scale dist. solution=       0.000473

 Elapsed time in solve driver=       0.2901
   66 KSP Residual norm 1.043578909561e-04

Entering DMUMPS 5.6.2 from C interface with JOB, N =   3     1237277
      executing #MPI =    128 and #OMP =      2



 ****** SOLVE & CHECK STEP ********

 GLOBAL STATISTICS PRIOR SOLVE PHASE ...........
 Number of right-hand-sides                    =           1
 Blocking factor for multiple rhs              =           1
 ICNTL (9)                                     =           1
  --- (10)                                     =           0
  --- (11)                                     =           0
  --- (20)                                     =          10
  --- (21)                                     =           1
  --- (30)                                     =           0
  --- (35)                                     =           0
 WARNING: original distributed matrix is not allocated
 ** Rank of processor needing largest memory in solve     :       127
 ** Space in MBYTES used by this processor for solve      :       766
 ** Avg. Space in MBYTES per working proc during solve    :       410

 Leaving solve with ...
 Time to build/scatter RHS        =       0.002025
 Time in solution step (fwd/bwd)  =       0.143852
  .. Time in forward (fwd) step   =          0.079151
  .. Time in ScaLAPACK root       =          0.001414
  .. Time in backward (bwd) step  =          0.063266
 Time to gather solution(cent.sol)=       0.000000
 Time to copy/scale dist. solution=       0.000466

 Elapsed time in solve driver=       0.2941
   67 KSP Residual norm 9.038556782340e-05

Entering DMUMPS 5.6.2 from C interface with JOB, N =   3     1237277
      executing #MPI =    128 and #OMP =      2



 ****** SOLVE & CHECK STEP ********

 GLOBAL STATISTICS PRIOR SOLVE PHASE ...........
 Number of right-hand-sides                    =           1
 Blocking factor for multiple rhs              =           1
 ICNTL (9)                                     =           1
  --- (10)                                     =           0
  --- (11)                                     =           0
  --- (20)                                     =          10
  --- (21)                                     =           1
  --- (30)                                     =           0
  --- (35)                                     =           0
 WARNING: original distributed matrix is not allocated
 ** Rank of processor needing largest memory in solve     :       127
 ** Space in MBYTES used by this processor for solve      :       766
 ** Avg. Space in MBYTES per working proc during solve    :       410

 Leaving solve with ...
 Time to build/scatter RHS        =       0.002059
 Time in solution step (fwd/bwd)  =       0.144322
  .. Time in forward (fwd) step   =          0.079542
  .. Time in ScaLAPACK root       =          0.001459
  .. Time in backward (bwd) step  =          0.063299
 Time to gather solution(cent.sol)=       0.000000
 Time to copy/scale dist. solution=       0.000484

 Elapsed time in solve driver=       0.2964
   68 KSP Residual norm 7.255622616471e-05

Entering DMUMPS 5.6.2 from C interface with JOB, N =   3     1237277
      executing #MPI =    128 and #OMP =      2



 ****** SOLVE & CHECK STEP ********

 GLOBAL STATISTICS PRIOR SOLVE PHASE ...........
 Number of right-hand-sides                    =           1
 Blocking factor for multiple rhs              =           1
 ICNTL (9)                                     =           1
  --- (10)                                     =           0
  --- (11)                                     =           0
  --- (20)                                     =          10
  --- (21)                                     =           1
  --- (30)                                     =           0
  --- (35)                                     =           0
 WARNING: original distributed matrix is not allocated
 ** Rank of processor needing largest memory in solve     :       127
 ** Space in MBYTES used by this processor for solve      :       766
 ** Avg. Space in MBYTES per working proc during solve    :       410

 Leaving solve with ...
 Time to build/scatter RHS        =       0.002059
 Time in solution step (fwd/bwd)  =       0.145580
  .. Time in forward (fwd) step   =          0.080356
  .. Time in ScaLAPACK root       =          0.001449
  .. Time in backward (bwd) step  =          0.063748
 Time to gather solution(cent.sol)=       0.000000
 Time to copy/scale dist. solution=       0.000476

 Elapsed time in solve driver=       0.2965
   69 KSP Residual norm 6.071223382728e-05

Entering DMUMPS 5.6.2 from C interface with JOB, N =   3     1237277
      executing #MPI =    128 and #OMP =      2



 ****** SOLVE & CHECK STEP ********

 GLOBAL STATISTICS PRIOR SOLVE PHASE ...........
 Number of right-hand-sides                    =           1
 Blocking factor for multiple rhs              =           1
 ICNTL (9)                                     =           1
  --- (10)                                     =           0
  --- (11)                                     =           0
  --- (20)                                     =          10
  --- (21)                                     =           1
  --- (30)                                     =           0
  --- (35)                                     =           0
 WARNING: original distributed matrix is not allocated
 ** Rank of processor needing largest memory in solve     :       127
 ** Space in MBYTES used by this processor for solve      :       766
 ** Avg. Space in MBYTES per working proc during solve    :       410

 Leaving solve with ...
 Time to build/scatter RHS        =       0.002079
 Time in solution step (fwd/bwd)  =       0.143331
  .. Time in forward (fwd) step   =          0.078940
  .. Time in ScaLAPACK root       =          0.001429
  .. Time in backward (bwd) step  =          0.062942
 Time to gather solution(cent.sol)=       0.000000
 Time to copy/scale dist. solution=       0.000481

 Elapsed time in solve driver=       0.2935
   70 KSP Residual norm 5.629839162846e-05

Entering DMUMPS 5.6.2 from C interface with JOB, N =   3     1237277
      executing #MPI =    128 and #OMP =      2



 ****** SOLVE & CHECK STEP ********

 GLOBAL STATISTICS PRIOR SOLVE PHASE ...........
 Number of right-hand-sides                    =           1
 Blocking factor for multiple rhs              =           1
 ICNTL (9)                                     =           1
  --- (10)                                     =           0
  --- (11)                                     =           0
  --- (20)                                     =          10
  --- (21)                                     =           1
  --- (30)                                     =           0
  --- (35)                                     =           0
 WARNING: original distributed matrix is not allocated
 ** Rank of processor needing largest memory in solve     :       127
 ** Space in MBYTES used by this processor for solve      :       766
 ** Avg. Space in MBYTES per working proc during solve    :       410

 Leaving solve with ...
 Time to build/scatter RHS        =       0.002191
 Time in solution step (fwd/bwd)  =       0.142640
  .. Time in forward (fwd) step   =          0.078676
  .. Time in ScaLAPACK root       =          0.001428
  .. Time in backward (bwd) step  =          0.062507
 Time to gather solution(cent.sol)=       0.000000
 Time to copy/scale dist. solution=       0.000493

 Elapsed time in solve driver=       0.2921
   71 KSP Residual norm 5.345761320977e-05

Entering DMUMPS 5.6.2 from C interface with JOB, N =   3     1237277
      executing #MPI =    128 and #OMP =      2



 ****** SOLVE & CHECK STEP ********

 GLOBAL STATISTICS PRIOR SOLVE PHASE ...........
 Number of right-hand-sides                    =           1
 Blocking factor for multiple rhs              =           1
 ICNTL (9)                                     =           1
  --- (10)                                     =           0
  --- (11)                                     =           0
  --- (20)                                     =          10
  --- (21)                                     =           1
  --- (30)                                     =           0
  --- (35)                                     =           0
 WARNING: original distributed matrix is not allocated
 ** Rank of processor needing largest memory in solve     :       127
 ** Space in MBYTES used by this processor for solve      :       766
 ** Avg. Space in MBYTES per working proc during solve    :       410

 Leaving solve with ...
 Time to build/scatter RHS        =       0.002067
 Time in solution step (fwd/bwd)  =       0.143769
  .. Time in forward (fwd) step   =          0.079585
  .. Time in ScaLAPACK root       =          0.001415
  .. Time in backward (bwd) step  =          0.062751
 Time to gather solution(cent.sol)=       0.000000
 Time to copy/scale dist. solution=       0.000477

 Elapsed time in solve driver=       0.2949
   72 KSP Residual norm 4.755832206690e-05

Entering DMUMPS 5.6.2 from C interface with JOB, N =   3     1237277
      executing #MPI =    128 and #OMP =      2



 ****** SOLVE & CHECK STEP ********

 GLOBAL STATISTICS PRIOR SOLVE PHASE ...........
 Number of right-hand-sides                    =           1
 Blocking factor for multiple rhs              =           1
 ICNTL (9)                                     =           1
  --- (10)                                     =           0
  --- (11)                                     =           0
  --- (20)                                     =          10
  --- (21)                                     =           1
  --- (30)                                     =           0
  --- (35)                                     =           0
 WARNING: original distributed matrix is not allocated
 ** Rank of processor needing largest memory in solve     :       127
 ** Space in MBYTES used by this processor for solve      :       766
 ** Avg. Space in MBYTES per working proc during solve    :       410

 Leaving solve with ...
 Time to build/scatter RHS        =       0.002109
 Time in solution step (fwd/bwd)  =       0.143883
  .. Time in forward (fwd) step   =          0.079689
  .. Time in ScaLAPACK root       =          0.001448
  .. Time in backward (bwd) step  =          0.062726
 Time to gather solution(cent.sol)=       0.000000
 Time to copy/scale dist. solution=       0.000477

 Elapsed time in solve driver=       0.2911
   73 KSP Residual norm 3.927623648286e-05

Entering DMUMPS 5.6.2 from C interface with JOB, N =   3     1237277
      executing #MPI =    128 and #OMP =      2



 ****** SOLVE & CHECK STEP ********

 GLOBAL STATISTICS PRIOR SOLVE PHASE ...........
 Number of right-hand-sides                    =           1
 Blocking factor for multiple rhs              =           1
 ICNTL (9)                                     =           1
  --- (10)                                     =           0
  --- (11)                                     =           0
  --- (20)                                     =          10
  --- (21)                                     =           1
  --- (30)                                     =           0
  --- (35)                                     =           0
 WARNING: original distributed matrix is not allocated
 ** Rank of processor needing largest memory in solve     :       127
 ** Space in MBYTES used by this processor for solve      :       766
 ** Avg. Space in MBYTES per working proc during solve    :       410

 Leaving solve with ...
 Time to build/scatter RHS        =       0.002054
 Time in solution step (fwd/bwd)  =       0.138861
  .. Time in forward (fwd) step   =          0.079329
  .. Time in ScaLAPACK root       =          0.001449
  .. Time in backward (bwd) step  =          0.058063
 Time to gather solution(cent.sol)=       0.000000
 Time to copy/scale dist. solution=       0.000480

 Elapsed time in solve driver=       0.2888
   74 KSP Residual norm 2.862735867686e-05

Entering DMUMPS 5.6.2 from C interface with JOB, N =   3     1237277
      executing #MPI =    128 and #OMP =      2



 ****** SOLVE & CHECK STEP ********

 GLOBAL STATISTICS PRIOR SOLVE PHASE ...........
 Number of right-hand-sides                    =           1
 Blocking factor for multiple rhs              =           1
 ICNTL (9)                                     =           1
  --- (10)                                     =           0
  --- (11)                                     =           0
  --- (20)                                     =          10
  --- (21)                                     =           1
  --- (30)                                     =           0
  --- (35)                                     =           0
 WARNING: original distributed matrix is not allocated
 ** Rank of processor needing largest memory in solve     :       127
 ** Space in MBYTES used by this processor for solve      :       766
 ** Avg. Space in MBYTES per working proc during solve    :       410

 Leaving solve with ...
 Time to build/scatter RHS        =       0.002024
 Time in solution step (fwd/bwd)  =       0.138445
  .. Time in forward (fwd) step   =          0.078711
  .. Time in ScaLAPACK root       =          0.001436
  .. Time in backward (bwd) step  =          0.058279
 Time to gather solution(cent.sol)=       0.000000
 Time to copy/scale dist. solution=       0.000483

 Elapsed time in solve driver=       0.2884
   75 KSP Residual norm 2.107418242052e-05

Entering DMUMPS 5.6.2 from C interface with JOB, N =   3     1237277
      executing #MPI =    128 and #OMP =      2



 ****** SOLVE & CHECK STEP ********

 GLOBAL STATISTICS PRIOR SOLVE PHASE ...........
 Number of right-hand-sides                    =           1
 Blocking factor for multiple rhs              =           1
 ICNTL (9)                                     =           1
  --- (10)                                     =           0
  --- (11)                                     =           0
  --- (20)                                     =          10
  --- (21)                                     =           1
  --- (30)                                     =           0
  --- (35)                                     =           0
 WARNING: original distributed matrix is not allocated
 ** Rank of processor needing largest memory in solve     :       127
 ** Space in MBYTES used by this processor for solve      :       766
 ** Avg. Space in MBYTES per working proc during solve    :       410

 Leaving solve with ...
 Time to build/scatter RHS        =       0.002036
 Time in solution step (fwd/bwd)  =       0.142267
  .. Time in forward (fwd) step   =          0.079458
  .. Time in ScaLAPACK root       =          0.001443
  .. Time in backward (bwd) step  =          0.061346
 Time to gather solution(cent.sol)=       0.000000
 Time to copy/scale dist. solution=       0.000495

 Elapsed time in solve driver=       0.2909
   76 KSP Residual norm 1.567997148769e-05

Entering DMUMPS 5.6.2 from C interface with JOB, N =   3     1237277
      executing #MPI =    128 and #OMP =      2



 ****** SOLVE & CHECK STEP ********

 GLOBAL STATISTICS PRIOR SOLVE PHASE ...........
 Number of right-hand-sides                    =           1
 Blocking factor for multiple rhs              =           1
 ICNTL (9)                                     =           1
  --- (10)                                     =           0
  --- (11)                                     =           0
  --- (20)                                     =          10
  --- (21)                                     =           1
  --- (30)                                     =           0
  --- (35)                                     =           0
 WARNING: original distributed matrix is not allocated
 ** Rank of processor needing largest memory in solve     :       127
 ** Space in MBYTES used by this processor for solve      :       766
 ** Avg. Space in MBYTES per working proc during solve    :       410

 Leaving solve with ...
 Time to build/scatter RHS        =       0.002040
 Time in solution step (fwd/bwd)  =       0.139217
  .. Time in forward (fwd) step   =          0.079754
  .. Time in ScaLAPACK root       =          0.001415
  .. Time in backward (bwd) step  =          0.058028
 Time to gather solution(cent.sol)=       0.000000
 Time to copy/scale dist. solution=       0.000486

 Elapsed time in solve driver=       0.2872
   77 KSP Residual norm 1.269968932603e-05

Entering DMUMPS 5.6.2 from C interface with JOB, N =   3     1237277
      executing #MPI =    128 and #OMP =      2



 ****** SOLVE & CHECK STEP ********

 GLOBAL STATISTICS PRIOR SOLVE PHASE ...........
 Number of right-hand-sides                    =           1
 Blocking factor for multiple rhs              =           1
 ICNTL (9)                                     =           1
  --- (10)                                     =           0
  --- (11)                                     =           0
  --- (20)                                     =          10
  --- (21)                                     =           1
  --- (30)                                     =           0
  --- (35)                                     =           0
 WARNING: original distributed matrix is not allocated
 ** Rank of processor needing largest memory in solve     :       127
 ** Space in MBYTES used by this processor for solve      :       766
 ** Avg. Space in MBYTES per working proc during solve    :       410

 Leaving solve with ...
 Time to build/scatter RHS        =       0.001916
 Time in solution step (fwd/bwd)  =       0.141958
  .. Time in forward (fwd) step   =          0.079502
  .. Time in ScaLAPACK root       =          0.001422
  .. Time in backward (bwd) step  =          0.061002
 Time to gather solution(cent.sol)=       0.000000
 Time to copy/scale dist. solution=       0.000499

 Elapsed time in solve driver=       0.2890
   78 KSP Residual norm 1.033462329977e-05

Entering DMUMPS 5.6.2 from C interface with JOB, N =   3     1237277
      executing #MPI =    128 and #OMP =      2



 ****** SOLVE & CHECK STEP ********

 GLOBAL STATISTICS PRIOR SOLVE PHASE ...........
 Number of right-hand-sides                    =           1
 Blocking factor for multiple rhs              =           1
 ICNTL (9)                                     =           1
  --- (10)                                     =           0
  --- (11)                                     =           0
  --- (20)                                     =          10
  --- (21)                                     =           1
  --- (30)                                     =           0
  --- (35)                                     =           0
 WARNING: original distributed matrix is not allocated
 ** Rank of processor needing largest memory in solve     :       127
 ** Space in MBYTES used by this processor for solve      :       766
 ** Avg. Space in MBYTES per working proc during solve    :       410

 Leaving solve with ...
 Time to build/scatter RHS        =       0.002041
 Time in solution step (fwd/bwd)  =       0.143667
  .. Time in forward (fwd) step   =          0.079200
  .. Time in ScaLAPACK root       =          0.001418
  .. Time in backward (bwd) step  =          0.063027
 Time to gather solution(cent.sol)=       0.000000
 Time to copy/scale dist. solution=       0.000498

 Elapsed time in solve driver=       0.2987
   79 KSP Residual norm 8.805469843414e-06

Entering DMUMPS 5.6.2 from C interface with JOB, N =   3     1237277
      executing #MPI =    128 and #OMP =      2



 ****** SOLVE & CHECK STEP ********

 GLOBAL STATISTICS PRIOR SOLVE PHASE ...........
 Number of right-hand-sides                    =           1
 Blocking factor for multiple rhs              =           1
 ICNTL (9)                                     =           1
  --- (10)                                     =           0
  --- (11)                                     =           0
  --- (20)                                     =          10
  --- (21)                                     =           1
  --- (30)                                     =           0
  --- (35)                                     =           0
 WARNING: original distributed matrix is not allocated
 ** Rank of processor needing largest memory in solve     :       127
 ** Space in MBYTES used by this processor for solve      :       766
 ** Avg. Space in MBYTES per working proc during solve    :       410

 Leaving solve with ...
 Time to build/scatter RHS        =       0.002058
 Time in solution step (fwd/bwd)  =       0.144048
  .. Time in forward (fwd) step   =          0.079559
  .. Time in ScaLAPACK root       =          0.001425
  .. Time in backward (bwd) step  =          0.063042
 Time to gather solution(cent.sol)=       0.000000
 Time to copy/scale dist. solution=       0.000476

 Elapsed time in solve driver=       0.2939
   80 KSP Residual norm 7.267326620720e-06

Entering DMUMPS 5.6.2 from C interface with JOB, N =   3     1237277
      executing #MPI =    128 and #OMP =      2



 ****** SOLVE & CHECK STEP ********

 GLOBAL STATISTICS PRIOR SOLVE PHASE ...........
 Number of right-hand-sides                    =           1
 Blocking factor for multiple rhs              =           1
 ICNTL (9)                                     =           1
  --- (10)                                     =           0
  --- (11)                                     =           0
  --- (20)                                     =          10
  --- (21)                                     =           1
  --- (30)                                     =           0
  --- (35)                                     =           0
 WARNING: original distributed matrix is not allocated
 ** Rank of processor needing largest memory in solve     :       127
 ** Space in MBYTES used by this processor for solve      :       766
 ** Avg. Space in MBYTES per working proc during solve    :       410

 Leaving solve with ...
 Time to build/scatter RHS        =       0.002054
 Time in solution step (fwd/bwd)  =       0.143708
  .. Time in forward (fwd) step   =          0.079279
  .. Time in ScaLAPACK root       =          0.001415
  .. Time in backward (bwd) step  =          0.062993
 Time to gather solution(cent.sol)=       0.000000
 Time to copy/scale dist. solution=       0.000501

 Elapsed time in solve driver=       0.2924
   81 KSP Residual norm 6.122439469668e-06

Entering DMUMPS 5.6.2 from C interface with JOB, N =   3     1237277
      executing #MPI =    128 and #OMP =      2



 ****** SOLVE & CHECK STEP ********

 GLOBAL STATISTICS PRIOR SOLVE PHASE ...........
 Number of right-hand-sides                    =           1
 Blocking factor for multiple rhs              =           1
 ICNTL (9)                                     =           1
  --- (10)                                     =           0
  --- (11)                                     =           0
  --- (20)                                     =          10
  --- (21)                                     =           1
  --- (30)                                     =           0
  --- (35)                                     =           0
 WARNING: original distributed matrix is not allocated
 ** Rank of processor needing largest memory in solve     :       127
 ** Space in MBYTES used by this processor for solve      :       766
 ** Avg. Space in MBYTES per working proc during solve    :       410

 Leaving solve with ...
 Time to build/scatter RHS        =       0.002031
 Time in solution step (fwd/bwd)  =       0.142900
  .. Time in forward (fwd) step   =          0.080583
  .. Time in ScaLAPACK root       =          0.001444
  .. Time in backward (bwd) step  =          0.060850
 Time to gather solution(cent.sol)=       0.000000
 Time to copy/scale dist. solution=       0.000488

 Elapsed time in solve driver=       0.2960
   82 KSP Residual norm 4.579900785375e-06

Entering DMUMPS 5.6.2 from C interface with JOB, N =   3     1237277
      executing #MPI =    128 and #OMP =      2



 ****** SOLVE & CHECK STEP ********

 GLOBAL STATISTICS PRIOR SOLVE PHASE ...........
 Number of right-hand-sides                    =           1
 Blocking factor for multiple rhs              =           1
 ICNTL (9)                                     =           1
  --- (10)                                     =           0
  --- (11)                                     =           0
  --- (20)                                     =          10
  --- (21)                                     =           1
  --- (30)                                     =           0
  --- (35)                                     =           0
 WARNING: original distributed matrix is not allocated
 ** Rank of processor needing largest memory in solve     :       127
 ** Space in MBYTES used by this processor for solve      :       766
 ** Avg. Space in MBYTES per working proc during solve    :       410

 Leaving solve with ...
 Time to build/scatter RHS        =       0.002030
 Time in solution step (fwd/bwd)  =       0.144969
  .. Time in forward (fwd) step   =          0.080697
  .. Time in ScaLAPACK root       =          0.001444
  .. Time in backward (bwd) step  =          0.062808
 Time to gather solution(cent.sol)=       0.000000
 Time to copy/scale dist. solution=       0.000490

 Elapsed time in solve driver=       0.2965
   83 KSP Residual norm 3.771211267966e-06

Entering DMUMPS 5.6.2 from C interface with JOB, N =   3     1237277
      executing #MPI =    128 and #OMP =      2



 ****** SOLVE & CHECK STEP ********

 GLOBAL STATISTICS PRIOR SOLVE PHASE ...........
 Number of right-hand-sides                    =           1
 Blocking factor for multiple rhs              =           1
 ICNTL (9)                                     =           1
  --- (10)                                     =           0
  --- (11)                                     =           0
  --- (20)                                     =          10
  --- (21)                                     =           1
  --- (30)                                     =           0
  --- (35)                                     =           0
 WARNING: original distributed matrix is not allocated
 ** Rank of processor needing largest memory in solve     :       127
 ** Space in MBYTES used by this processor for solve      :       766
 ** Avg. Space in MBYTES per working proc during solve    :       410

 Leaving solve with ...
 Time to build/scatter RHS        =       0.002057
 Time in solution step (fwd/bwd)  =       0.145849
  .. Time in forward (fwd) step   =          0.081720
  .. Time in ScaLAPACK root       =          0.001456
  .. Time in backward (bwd) step  =          0.062654
 Time to gather solution(cent.sol)=       0.000000
 Time to copy/scale dist. solution=       0.000484

 Elapsed time in solve driver=       0.2974
   84 KSP Residual norm 2.907328757330e-06

Entering DMUMPS 5.6.2 from C interface with JOB, N =   3     1237277
      executing #MPI =    128 and #OMP =      2



 ****** SOLVE & CHECK STEP ********

 GLOBAL STATISTICS PRIOR SOLVE PHASE ...........
 Number of right-hand-sides                    =           1
 Blocking factor for multiple rhs              =           1
 ICNTL (9)                                     =           1
  --- (10)                                     =           0
  --- (11)                                     =           0
  --- (20)                                     =          10
  --- (21)                                     =           1
  --- (30)                                     =           0
  --- (35)                                     =           0
 WARNING: original distributed matrix is not allocated
 ** Rank of processor needing largest memory in solve     :       127
 ** Space in MBYTES used by this processor for solve      :       766
 ** Avg. Space in MBYTES per working proc during solve    :       410

 Leaving solve with ...
 Time to build/scatter RHS        =       0.001925
 Time in solution step (fwd/bwd)  =       0.140298
  .. Time in forward (fwd) step   =          0.080120
  .. Time in ScaLAPACK root       =          0.001460
  .. Time in backward (bwd) step  =          0.058685
 Time to gather solution(cent.sol)=       0.000000
 Time to copy/scale dist. solution=       0.000515

 Elapsed time in solve driver=       0.2891
   85 KSP Residual norm 2.334780325304e-06

Entering DMUMPS 5.6.2 from C interface with JOB, N =   3     1237277
      executing #MPI =    128 and #OMP =      2



 ****** SOLVE & CHECK STEP ********

 GLOBAL STATISTICS PRIOR SOLVE PHASE ...........
 Number of right-hand-sides                    =           1
 Blocking factor for multiple rhs              =           1
 ICNTL (9)                                     =           1
  --- (10)                                     =           0
  --- (11)                                     =           0
  --- (20)                                     =          10
  --- (21)                                     =           1
  --- (30)                                     =           0
  --- (35)                                     =           0
 WARNING: original distributed matrix is not allocated
 ** Rank of processor needing largest memory in solve     :       127
 ** Space in MBYTES used by this processor for solve      :       766
 ** Avg. Space in MBYTES per working proc during solve    :       410

 Leaving solve with ...
 Time to build/scatter RHS        =       0.002053
 Time in solution step (fwd/bwd)  =       0.139582
  .. Time in forward (fwd) step   =          0.079836
  .. Time in ScaLAPACK root       =          0.001420
  .. Time in backward (bwd) step  =          0.058306
 Time to gather solution(cent.sol)=       0.000000
 Time to copy/scale dist. solution=       0.000482

 Elapsed time in solve driver=       0.2903
   86 KSP Residual norm 2.006639640185e-06

Entering DMUMPS 5.6.2 from C interface with JOB, N =   3     1237277
      executing #MPI =    128 and #OMP =      2



 ****** SOLVE & CHECK STEP ********

 GLOBAL STATISTICS PRIOR SOLVE PHASE ...........
 Number of right-hand-sides                    =           1
 Blocking factor for multiple rhs              =           1
 ICNTL (9)                                     =           1
  --- (10)                                     =           0
  --- (11)                                     =           0
  --- (20)                                     =          10
  --- (21)                                     =           1
  --- (30)                                     =           0
  --- (35)                                     =           0
 WARNING: original distributed matrix is not allocated
 ** Rank of processor needing largest memory in solve     :       127
 ** Space in MBYTES used by this processor for solve      :       766
 ** Avg. Space in MBYTES per working proc during solve    :       410

 Leaving solve with ...
 Time to build/scatter RHS        =       0.002029
 Time in solution step (fwd/bwd)  =       0.146105
  .. Time in forward (fwd) step   =          0.081387
  .. Time in ScaLAPACK root       =          0.001423
  .. Time in backward (bwd) step  =          0.063273
 Time to gather solution(cent.sol)=       0.000000
 Time to copy/scale dist. solution=       0.000488

 Elapsed time in solve driver=       0.2986
   87 KSP Residual norm 1.804558137200e-06

Entering DMUMPS 5.6.2 from C interface with JOB, N =   3     1237277
      executing #MPI =    128 and #OMP =      2



 ****** SOLVE & CHECK STEP ********

 GLOBAL STATISTICS PRIOR SOLVE PHASE ...........
 Number of right-hand-sides                    =           1
 Blocking factor for multiple rhs              =           1
 ICNTL (9)                                     =           1
  --- (10)                                     =           0
  --- (11)                                     =           0
  --- (20)                                     =          10
  --- (21)                                     =           1
  --- (30)                                     =           0
  --- (35)                                     =           0
 WARNING: original distributed matrix is not allocated
 ** Rank of processor needing largest memory in solve     :       127
 ** Space in MBYTES used by this processor for solve      :       766
 ** Avg. Space in MBYTES per working proc during solve    :       410

 Leaving solve with ...
 Time to build/scatter RHS        =       0.002784
 Time in solution step (fwd/bwd)  =       0.142400
  .. Time in forward (fwd) step   =          0.079925
  .. Time in ScaLAPACK root       =          0.001439
  .. Time in backward (bwd) step  =          0.061011
 Time to gather solution(cent.sol)=       0.000000
 Time to copy/scale dist. solution=       0.000499

 Elapsed time in solve driver=       0.2948
   88 KSP Residual norm 1.692783788530e-06

Entering DMUMPS 5.6.2 from C interface with JOB, N =   3     1237277
      executing #MPI =    128 and #OMP =      2



 ****** SOLVE & CHECK STEP ********

 GLOBAL STATISTICS PRIOR SOLVE PHASE ...........
 Number of right-hand-sides                    =           1
 Blocking factor for multiple rhs              =           1
 ICNTL (9)                                     =           1
  --- (10)                                     =           0
  --- (11)                                     =           0
  --- (20)                                     =          10
  --- (21)                                     =           1
  --- (30)                                     =           0
  --- (35)                                     =           0
 WARNING: original distributed matrix is not allocated
 ** Rank of processor needing largest memory in solve     :       127
 ** Space in MBYTES used by this processor for solve      :       766
 ** Avg. Space in MBYTES per working proc during solve    :       410

 Leaving solve with ...
 Time to build/scatter RHS        =       0.002093
 Time in solution step (fwd/bwd)  =       0.143693
  .. Time in forward (fwd) step   =          0.079655
  .. Time in ScaLAPACK root       =          0.001455
  .. Time in backward (bwd) step  =          0.062563
 Time to gather solution(cent.sol)=       0.000000
 Time to copy/scale dist. solution=       0.000484

 Elapsed time in solve driver=       0.2967
   89 KSP Residual norm 1.588550450006e-06

Entering DMUMPS 5.6.2 from C interface with JOB, N =   3     1237277
      executing #MPI =    128 and #OMP =      2



 ****** SOLVE & CHECK STEP ********

 GLOBAL STATISTICS PRIOR SOLVE PHASE ...........
 Number of right-hand-sides                    =           1
 Blocking factor for multiple rhs              =           1
 ICNTL (9)                                     =           1
  --- (10)                                     =           0
  --- (11)                                     =           0
  --- (20)                                     =          10
  --- (21)                                     =           1
  --- (30)                                     =           0
  --- (35)                                     =           0
 WARNING: original distributed matrix is not allocated
 ** Rank of processor needing largest memory in solve     :       127
 ** Space in MBYTES used by this processor for solve      :       766
 ** Avg. Space in MBYTES per working proc during solve    :       410

 Leaving solve with ...
 Time to build/scatter RHS        =       0.002171
 Time in solution step (fwd/bwd)  =       0.143251
  .. Time in forward (fwd) step   =          0.079926
  .. Time in ScaLAPACK root       =          0.001404
  .. Time in backward (bwd) step  =          0.061900
 Time to gather solution(cent.sol)=       0.000000
 Time to copy/scale dist. solution=       0.000487

 Elapsed time in solve driver=       0.2933
   90 KSP Residual norm 1.467234981779e-06

Entering DMUMPS 5.6.2 from C interface with JOB, N =   3     1237277
      executing #MPI =    128 and #OMP =      2



 ****** SOLVE & CHECK STEP ********

 GLOBAL STATISTICS PRIOR SOLVE PHASE ...........
 Number of right-hand-sides                    =           1
 Blocking factor for multiple rhs              =           1
 ICNTL (9)                                     =           1
  --- (10)                                     =           0
  --- (11)                                     =           0
  --- (20)                                     =          10
  --- (21)                                     =           1
  --- (30)                                     =           0
  --- (35)                                     =           0
 WARNING: original distributed matrix is not allocated
 ** Rank of processor needing largest memory in solve     :       127
 ** Space in MBYTES used by this processor for solve      :       766
 ** Avg. Space in MBYTES per working proc during solve    :       410

 Leaving solve with ...
 Time to build/scatter RHS        =       0.002034
 Time in solution step (fwd/bwd)  =       0.144807
  .. Time in forward (fwd) step   =          0.080183
  .. Time in ScaLAPACK root       =          0.001596
  .. Time in backward (bwd) step  =          0.063010
 Time to gather solution(cent.sol)=       0.000000
 Time to copy/scale dist. solution=       0.000489

 Elapsed time in solve driver=       0.2961
   91 KSP Residual norm 1.272369773749e-06

Entering DMUMPS 5.6.2 from C interface with JOB, N =   3     1237277
      executing #MPI =    128 and #OMP =      2



 ****** SOLVE & CHECK STEP ********

 GLOBAL STATISTICS PRIOR SOLVE PHASE ...........
 Number of right-hand-sides                    =           1
 Blocking factor for multiple rhs              =           1
 ICNTL (9)                                     =           1
  --- (10)                                     =           0
  --- (11)                                     =           0
  --- (20)                                     =          10
  --- (21)                                     =           1
  --- (30)                                     =           0
  --- (35)                                     =           0
 WARNING: original distributed matrix is not allocated
 ** Rank of processor needing largest memory in solve     :       127
 ** Space in MBYTES used by this processor for solve      :       766
 ** Avg. Space in MBYTES per working proc during solve    :       410

 Leaving solve with ...
 Time to build/scatter RHS        =       0.002224
 Time in solution step (fwd/bwd)  =       0.143594
  .. Time in forward (fwd) step   =          0.079320
  .. Time in ScaLAPACK root       =          0.001436
  .. Time in backward (bwd) step  =          0.062807
 Time to gather solution(cent.sol)=       0.000000
 Time to copy/scale dist. solution=       0.000471

 Elapsed time in solve driver=       0.2946
   92 KSP Residual norm 1.042006189616e-06

Entering DMUMPS 5.6.2 from C interface with JOB, N =   3     1237277
      executing #MPI =    128 and #OMP =      2



 ****** SOLVE & CHECK STEP ********

 GLOBAL STATISTICS PRIOR SOLVE PHASE ...........
 Number of right-hand-sides                    =           1
 Blocking factor for multiple rhs              =           1
 ICNTL (9)                                     =           1
  --- (10)                                     =           0
  --- (11)                                     =           0
  --- (20)                                     =          10
  --- (21)                                     =           1
  --- (30)                                     =           0
  --- (35)                                     =           0
 WARNING: original distributed matrix is not allocated
 ** Rank of processor needing largest memory in solve     :       127
 ** Space in MBYTES used by this processor for solve      :       766
 ** Avg. Space in MBYTES per working proc during solve    :       410

 Leaving solve with ...
 Time to build/scatter RHS        =       0.002369
 Time in solution step (fwd/bwd)  =       0.140934
  .. Time in forward (fwd) step   =          0.080089
  .. Time in ScaLAPACK root       =          0.001467
  .. Time in backward (bwd) step  =          0.059360
 Time to gather solution(cent.sol)=       0.000000
 Time to copy/scale dist. solution=       0.000510

 Elapsed time in solve driver=       0.2910
   93 KSP Residual norm 7.941527824565e-07

Entering DMUMPS 5.6.2 from C interface with JOB, N =   3     1237277
      executing #MPI =    128 and #OMP =      2



 ****** SOLVE & CHECK STEP ********

 GLOBAL STATISTICS PRIOR SOLVE PHASE ...........
 Number of right-hand-sides                    =           1
 Blocking factor for multiple rhs              =           1
 ICNTL (9)                                     =           1
  --- (10)                                     =           0
  --- (11)                                     =           0
  --- (20)                                     =          10
  --- (21)                                     =           1
  --- (30)                                     =           0
  --- (35)                                     =           0
 WARNING: original distributed matrix is not allocated
 ** Rank of processor needing largest memory in solve     :       127
 ** Space in MBYTES used by this processor for solve      :       766
 ** Avg. Space in MBYTES per working proc during solve    :       410

 Leaving solve with ...
 Time to build/scatter RHS        =       0.078976
 Time in solution step (fwd/bwd)  =       0.141028
  .. Time in forward (fwd) step   =          0.079880
  .. Time in ScaLAPACK root       =          0.001447
  .. Time in backward (bwd) step  =          0.059675
 Time to gather solution(cent.sol)=       0.000000
 Time to copy/scale dist. solution=       0.000514

 Elapsed time in solve driver=       0.3663
   94 KSP Residual norm 6.059558056088e-07

Entering DMUMPS 5.6.2 from C interface with JOB, N =   3     1237277
      executing #MPI =    128 and #OMP =      2



 ****** SOLVE & CHECK STEP ********

 GLOBAL STATISTICS PRIOR SOLVE PHASE ...........
 Number of right-hand-sides                    =           1
 Blocking factor for multiple rhs              =           1
 ICNTL (9)                                     =           1
  --- (10)                                     =           0
  --- (11)                                     =           0
  --- (20)                                     =          10
  --- (21)                                     =           1
  --- (30)                                     =           0
  --- (35)                                     =           0
 WARNING: original distributed matrix is not allocated
 ** Rank of processor needing largest memory in solve     :       127
 ** Space in MBYTES used by this processor for solve      :       766
 ** Avg. Space in MBYTES per working proc during solve    :       410

 Leaving solve with ...
 Time to build/scatter RHS        =       0.002080
 Time in solution step (fwd/bwd)  =       0.144870
  .. Time in forward (fwd) step   =          0.080165
  .. Time in ScaLAPACK root       =          0.001422
  .. Time in backward (bwd) step  =          0.063265
 Time to gather solution(cent.sol)=       0.000000
 Time to copy/scale dist. solution=       0.000491

 Elapsed time in solve driver=       0.2908
   95 KSP Residual norm 4.744294160000e-07

Entering DMUMPS 5.6.2 from C interface with JOB, N =   3     1237277
      executing #MPI =    128 and #OMP =      2



 ****** SOLVE & CHECK STEP ********

 GLOBAL STATISTICS PRIOR SOLVE PHASE ...........
 Number of right-hand-sides                    =           1
 Blocking factor for multiple rhs              =           1
 ICNTL (9)                                     =           1
  --- (10)                                     =           0
  --- (11)                                     =           0
  --- (20)                                     =          10
  --- (21)                                     =           1
  --- (30)                                     =           0
  --- (35)                                     =           0
 WARNING: original distributed matrix is not allocated
 ** Rank of processor needing largest memory in solve     :       127
 ** Space in MBYTES used by this processor for solve      :       766
 ** Avg. Space in MBYTES per working proc during solve    :       410

 Leaving solve with ...
 Time to build/scatter RHS        =       0.002013
 Time in solution step (fwd/bwd)  =       0.143821
  .. Time in forward (fwd) step   =          0.080106
  .. Time in ScaLAPACK root       =          0.001429
  .. Time in backward (bwd) step  =          0.062266
 Time to gather solution(cent.sol)=       0.000000
 Time to copy/scale dist. solution=       0.000486

 Elapsed time in solve driver=       0.2918
   96 KSP Residual norm 3.853312769542e-07

Entering DMUMPS 5.6.2 from C interface with JOB, N =   3     1237277
      executing #MPI =    128 and #OMP =      2



 ****** SOLVE & CHECK STEP ********

 GLOBAL STATISTICS PRIOR SOLVE PHASE ...........
 Number of right-hand-sides                    =           1
 Blocking factor for multiple rhs              =           1
 ICNTL (9)                                     =           1
  --- (10)                                     =           0
  --- (11)                                     =           0
  --- (20)                                     =          10
  --- (21)                                     =           1
  --- (30)                                     =           0
  --- (35)                                     =           0
 WARNING: original distributed matrix is not allocated
 ** Rank of processor needing largest memory in solve     :       127
 ** Space in MBYTES used by this processor for solve      :       766
 ** Avg. Space in MBYTES per working proc during solve    :       410

 Leaving solve with ...
 Time to build/scatter RHS        =       0.007237
 Time in solution step (fwd/bwd)  =       0.140151
  .. Time in forward (fwd) step   =          0.079060
  .. Time in ScaLAPACK root       =          0.001450
  .. Time in backward (bwd) step  =          0.059620
 Time to gather solution(cent.sol)=       0.000000
 Time to copy/scale dist. solution=       0.000492

 Elapsed time in solve driver=       0.2911
   97 KSP Residual norm 3.321916941560e-07

Entering DMUMPS 5.6.2 from C interface with JOB, N =   3     1237277
      executing #MPI =    128 and #OMP =      2



 ****** SOLVE & CHECK STEP ********

 GLOBAL STATISTICS PRIOR SOLVE PHASE ...........
 Number of right-hand-sides                    =           1
 Blocking factor for multiple rhs              =           1
 ICNTL (9)                                     =           1
  --- (10)                                     =           0
  --- (11)                                     =           0
  --- (20)                                     =          10
  --- (21)                                     =           1
  --- (30)                                     =           0
  --- (35)                                     =           0
 WARNING: original distributed matrix is not allocated
 ** Rank of processor needing largest memory in solve     :       127
 ** Space in MBYTES used by this processor for solve      :       766
 ** Avg. Space in MBYTES per working proc during solve    :       410

 Leaving solve with ...
 Time to build/scatter RHS        =       0.002058
 Time in solution step (fwd/bwd)  =       0.142147
  .. Time in forward (fwd) step   =          0.079435
  .. Time in ScaLAPACK root       =          0.001433
  .. Time in backward (bwd) step  =          0.061255
 Time to gather solution(cent.sol)=       0.000000
 Time to copy/scale dist. solution=       0.000491

 Elapsed time in solve driver=       0.2920
   98 KSP Residual norm 2.994026180977e-07

Entering DMUMPS 5.6.2 from C interface with JOB, N =   3     1237277
      executing #MPI =    128 and #OMP =      2



 ****** SOLVE & CHECK STEP ********

 GLOBAL STATISTICS PRIOR SOLVE PHASE ...........
 Number of right-hand-sides                    =           1
 Blocking factor for multiple rhs              =           1
 ICNTL (9)                                     =           1
  --- (10)                                     =           0
  --- (11)                                     =           0
  --- (20)                                     =          10
  --- (21)                                     =           1
  --- (30)                                     =           0
  --- (35)                                     =           0
 WARNING: original distributed matrix is not allocated
 ** Rank of processor needing largest memory in solve     :       127
 ** Space in MBYTES used by this processor for solve      :       766
 ** Avg. Space in MBYTES per working proc during solve    :       410

 Leaving solve with ...
 Time to build/scatter RHS        =       0.002144
 Time in solution step (fwd/bwd)  =       0.144404
  .. Time in forward (fwd) step   =          0.080320
  .. Time in ScaLAPACK root       =          0.001441
  .. Time in backward (bwd) step  =          0.062610
 Time to gather solution(cent.sol)=       0.000000
 Time to copy/scale dist. solution=       0.000484

 Elapsed time in solve driver=       0.2965
   99 KSP Residual norm 2.574823832958e-07

Entering DMUMPS 5.6.2 from C interface with JOB, N =   3     1237277
      executing #MPI =    128 and #OMP =      2



 ****** SOLVE & CHECK STEP ********

 GLOBAL STATISTICS PRIOR SOLVE PHASE ...........
 Number of right-hand-sides                    =           1
 Blocking factor for multiple rhs              =           1
 ICNTL (9)                                     =           1
  --- (10)                                     =           0
  --- (11)                                     =           0
  --- (20)                                     =          10
  --- (21)                                     =           1
  --- (30)                                     =           0
  --- (35)                                     =           0
 WARNING: original distributed matrix is not allocated
 ** Rank of processor needing largest memory in solve     :       127
 ** Space in MBYTES used by this processor for solve      :       766
 ** Avg. Space in MBYTES per working proc during solve    :       410

 Leaving solve with ...
 Time to build/scatter RHS        =       0.002039
 Time in solution step (fwd/bwd)  =       0.144204
  .. Time in forward (fwd) step   =          0.079883
  .. Time in ScaLAPACK root       =          0.001430
  .. Time in backward (bwd) step  =          0.062866
 Time to gather solution(cent.sol)=       0.000000
 Time to copy/scale dist. solution=       0.000475

 Elapsed time in solve driver=       0.2943
  100 KSP Residual norm 2.099091836614e-07

Entering DMUMPS 5.6.2 from C interface with JOB, N =   3     1237277
      executing #MPI =    128 and #OMP =      2



 ****** SOLVE & CHECK STEP ********

 GLOBAL STATISTICS PRIOR SOLVE PHASE ...........
 Number of right-hand-sides                    =           1
 Blocking factor for multiple rhs              =           1
 ICNTL (9)                                     =           1
  --- (10)                                     =           0
  --- (11)                                     =           0
  --- (20)                                     =          10
  --- (21)                                     =           1
  --- (30)                                     =           0
  --- (35)                                     =           0
 WARNING: original distributed matrix is not allocated
 ** Rank of processor needing largest memory in solve     :       127
 ** Space in MBYTES used by this processor for solve      :       766
 ** Avg. Space in MBYTES per working proc during solve    :       410

 Leaving solve with ...
 Time to build/scatter RHS        =       0.002086
 Time in solution step (fwd/bwd)  =       0.144509
  .. Time in forward (fwd) step   =          0.079849
  .. Time in ScaLAPACK root       =          0.001426
  .. Time in backward (bwd) step  =          0.063213
 Time to gather solution(cent.sol)=       0.000000
 Time to copy/scale dist. solution=       0.000475

 Elapsed time in solve driver=       0.2951
  101 KSP Residual norm 1.535903997490e-07

Entering DMUMPS 5.6.2 from C interface with JOB, N =   3     1237277
      executing #MPI =    128 and #OMP =      2



 ****** SOLVE & CHECK STEP ********

 GLOBAL STATISTICS PRIOR SOLVE PHASE ...........
 Number of right-hand-sides                    =           1
 Blocking factor for multiple rhs              =           1
 ICNTL (9)                                     =           1
  --- (10)                                     =           0
  --- (11)                                     =           0
  --- (20)                                     =          10
  --- (21)                                     =           1
  --- (30)                                     =           0
  --- (35)                                     =           0
 WARNING: original distributed matrix is not allocated
 ** Rank of processor needing largest memory in solve     :       127
 ** Space in MBYTES used by this processor for solve      :       766
 ** Avg. Space in MBYTES per working proc during solve    :       410

 Leaving solve with ...
 Time to build/scatter RHS        =       0.002082
 Time in solution step (fwd/bwd)  =       0.145585
  .. Time in forward (fwd) step   =          0.080776
  .. Time in ScaLAPACK root       =          0.001446
  .. Time in backward (bwd) step  =          0.063344
 Time to gather solution(cent.sol)=       0.000000
 Time to copy/scale dist. solution=       0.000489

 Elapsed time in solve driver=       0.2953
  102 KSP Residual norm 1.128129325099e-07

Entering DMUMPS 5.6.2 from C interface with JOB, N =   3     1237277
      executing #MPI =    128 and #OMP =      2



 ****** SOLVE & CHECK STEP ********

 GLOBAL STATISTICS PRIOR SOLVE PHASE ...........
 Number of right-hand-sides                    =           1
 Blocking factor for multiple rhs              =           1
 ICNTL (9)                                     =           1
  --- (10)                                     =           0
  --- (11)                                     =           0
  --- (20)                                     =          10
  --- (21)                                     =           1
  --- (30)                                     =           0
  --- (35)                                     =           0
 WARNING: original distributed matrix is not allocated
 ** Rank of processor needing largest memory in solve     :       127
 ** Space in MBYTES used by this processor for solve      :       766
 ** Avg. Space in MBYTES per working proc during solve    :       410

 Leaving solve with ...
 Time to build/scatter RHS        =       0.002283
 Time in solution step (fwd/bwd)  =       0.140116
  .. Time in forward (fwd) step   =          0.080157
  .. Time in ScaLAPACK root       =          0.001435
  .. Time in backward (bwd) step  =          0.058499
 Time to gather solution(cent.sol)=       0.000000
 Time to copy/scale dist. solution=       0.000488

 Elapsed time in solve driver=       0.2889
  103 KSP Residual norm 8.193812341331e-08

Entering DMUMPS 5.6.2 from C interface with JOB, N =   3     1237277
      executing #MPI =    128 and #OMP =      2



 ****** SOLVE & CHECK STEP ********

 GLOBAL STATISTICS PRIOR SOLVE PHASE ...........
 Number of right-hand-sides                    =           1
 Blocking factor for multiple rhs              =           1
 ICNTL (9)                                     =           1
  --- (10)                                     =           0
  --- (11)                                     =           0
  --- (20)                                     =          10
  --- (21)                                     =           1
  --- (30)                                     =           0
  --- (35)                                     =           0
 WARNING: original distributed matrix is not allocated
 ** Rank of processor needing largest memory in solve     :       127
 ** Space in MBYTES used by this processor for solve      :       766
 ** Avg. Space in MBYTES per working proc during solve    :       410

 Leaving solve with ...
 Time to build/scatter RHS        =       0.002153
 Time in solution step (fwd/bwd)  =       0.144301
  .. Time in forward (fwd) step   =          0.079923
  .. Time in ScaLAPACK root       =          0.001414
  .. Time in backward (bwd) step  =          0.062938
 Time to gather solution(cent.sol)=       0.000000
 Time to copy/scale dist. solution=       0.000475

 Elapsed time in solve driver=       0.2923
  104 KSP Residual norm 6.931028766392e-08

Entering DMUMPS 5.6.2 from C interface with JOB, N =   3     1237277
      executing #MPI =    128 and #OMP =      2



 ****** SOLVE & CHECK STEP ********

 GLOBAL STATISTICS PRIOR SOLVE PHASE ...........
 Number of right-hand-sides                    =           1
 Blocking factor for multiple rhs              =           1
 ICNTL (9)                                     =           1
  --- (10)                                     =           0
  --- (11)                                     =           0
  --- (20)                                     =          10
  --- (21)                                     =           1
  --- (30)                                     =           0
  --- (35)                                     =           0
 WARNING: original distributed matrix is not allocated
 ** Rank of processor needing largest memory in solve     :       127
 ** Space in MBYTES used by this processor for solve      :       766
 ** Avg. Space in MBYTES per working proc during solve    :       410

 Leaving solve with ...
 Time to build/scatter RHS        =       0.002227
 Time in solution step (fwd/bwd)  =       0.144600
  .. Time in forward (fwd) step   =          0.080213
  .. Time in ScaLAPACK root       =          0.001435
  .. Time in backward (bwd) step  =          0.062930
 Time to gather solution(cent.sol)=       0.000000
 Time to copy/scale dist. solution=       0.000492

 Elapsed time in solve driver=       0.2945
  105 KSP Residual norm 5.657156020935e-08

Entering DMUMPS 5.6.2 from C interface with JOB, N =   3     1237277
      executing #MPI =    128 and #OMP =      2



 ****** SOLVE & CHECK STEP ********

 GLOBAL STATISTICS PRIOR SOLVE PHASE ...........
 Number of right-hand-sides                    =           1
 Blocking factor for multiple rhs              =           1
 ICNTL (9)                                     =           1
  --- (10)                                     =           0
  --- (11)                                     =           0
  --- (20)                                     =          10
  --- (21)                                     =           1
  --- (30)                                     =           0
  --- (35)                                     =           0
 WARNING: original distributed matrix is not allocated
 ** Rank of processor needing largest memory in solve     :       127
 ** Space in MBYTES used by this processor for solve      :       766
 ** Avg. Space in MBYTES per working proc during solve    :       410

 Leaving solve with ...
 Time to build/scatter RHS        =       0.002050
 Time in solution step (fwd/bwd)  =       0.145554
  .. Time in forward (fwd) step   =          0.080856
  .. Time in ScaLAPACK root       =          0.001474
  .. Time in backward (bwd) step  =          0.063194
 Time to gather solution(cent.sol)=       0.000000
 Time to copy/scale dist. solution=       0.000482

 Elapsed time in solve driver=       0.2921
  106 KSP Residual norm 4.368040703900e-08

Entering DMUMPS 5.6.2 from C interface with JOB, N =   3     1237277
      executing #MPI =    128 and #OMP =      2



 ****** SOLVE & CHECK STEP ********

 GLOBAL STATISTICS PRIOR SOLVE PHASE ...........
 Number of right-hand-sides                    =           1
 Blocking factor for multiple rhs              =           1
 ICNTL (9)                                     =           1
  --- (10)                                     =           0
  --- (11)                                     =           0
  --- (20)                                     =          10
  --- (21)                                     =           1
  --- (30)                                     =           0
  --- (35)                                     =           0
 WARNING: original distributed matrix is not allocated
 ** Rank of processor needing largest memory in solve     :       127
 ** Space in MBYTES used by this processor for solve      :       766
 ** Avg. Space in MBYTES per working proc during solve    :       410

 Leaving solve with ...
 Time to build/scatter RHS        =       0.002068
 Time in solution step (fwd/bwd)  =       0.143440
  .. Time in forward (fwd) step   =          0.079025
  .. Time in ScaLAPACK root       =          0.001446
  .. Time in backward (bwd) step  =          0.062952
 Time to gather solution(cent.sol)=       0.000000
 Time to copy/scale dist. solution=       0.000481

 Elapsed time in solve driver=       0.2950
  107 KSP Residual norm 3.381628881958e-08

Entering DMUMPS 5.6.2 from C interface with JOB, N =   3     1237277
      executing #MPI =    128 and #OMP =      2



 ****** SOLVE & CHECK STEP ********

 GLOBAL STATISTICS PRIOR SOLVE PHASE ...........
 Number of right-hand-sides                    =           1
 Blocking factor for multiple rhs              =           1
 ICNTL (9)                                     =           1
  --- (10)                                     =           0
  --- (11)                                     =           0
  --- (20)                                     =          10
  --- (21)                                     =           1
  --- (30)                                     =           0
  --- (35)                                     =           0
 WARNING: original distributed matrix is not allocated
 ** Rank of processor needing largest memory in solve     :       127
 ** Space in MBYTES used by this processor for solve      :       766
 ** Avg. Space in MBYTES per working proc during solve    :       410

 Leaving solve with ...
 Time to build/scatter RHS        =       0.002020
 Time in solution step (fwd/bwd)  =       0.142778
  .. Time in forward (fwd) step   =          0.079974
  .. Time in ScaLAPACK root       =          0.001430
  .. Time in backward (bwd) step  =          0.061353
 Time to gather solution(cent.sol)=       0.000000
 Time to copy/scale dist. solution=       0.000492

 Elapsed time in solve driver=       0.2910
  108 KSP Residual norm 2.818238364383e-08
KSP Object: 128 MPI processes
  type: gmres
    restart=2000, using Classical (unmodified) Gram-Schmidt Orthogonalization with no iterative refinement
    happy breakdown tolerance 1e-30
  maximum iterations=10000, initial guess is zero
  tolerances: relative=1e-07, absolute=1e-50, divergence=10000.
  left preconditioning
  using PRECONDITIONED norm type for convergence test
PC Object: 128 MPI processes
  type: lu
    out-of-place factorization
    tolerance for zero pivot 2.22045e-14
    matrix ordering: external
    factor fill ratio given 0., needed 0.
      Factored matrix follows:
        Mat Object: 128 MPI processes
          type: mumps
          rows=1237277, cols=1237277
          package used to perform factorization: mumps
          total: nonzeros=-1135967296, allocated nonzeros=-1135967296
            MUMPS run parameters:
              Use -ksp_view ::ascii_info_detail to display information for all processes
              RINFOG(1) (global estimated flops for the elimination after analysis): 8.44992e+12
              RINFOG(2) (global estimated flops for the assembly after factorization): 1.21179e+10
              RINFOG(3) (global estimated flops for the elimination after factorization): 8.44979e+12
              (RINFOG(12) RINFOG(13))*2^INFOG(34) (determinant): (0.,0.)*(2^0)
              INFOG(3) (estimated real workspace for factors on all processors after analysis): -3186
              INFOG(4) (estimated integer workspace for factors on all processors after analysis): 23449751
              INFOG(5) (estimated maximum front size in the complete tree): 6426
              INFOG(6) (number of nodes in the complete tree): 15698
              INFOG(7) (ordering option effectively used after analysis): 3
              INFOG(8) (structural symmetry in percent of the permuted matrix after analysis): -1
              INFOG(9) (total real/complex workspace to store the matrix factors after factorization): -3159
              INFOG(10) (total integer space store the matrix factors after factorization): 22110753
              INFOG(11) (order of largest frontal matrix after factorization): 6426
              INFOG(12) (number of off-diagonal pivots): 10
              INFOG(13) (number of delayed pivots after factorization): 0
              INFOG(14) (number of memory compress after factorization): 288
              INFOG(15) (number of steps of iterative refinement after solution): 0
              INFOG(16) (estimated size (in MB) of all MUMPS internal data for factorization after analysis: value on the most memory consuming processor): 907
              INFOG(17) (estimated size of all MUMPS internal data for factorization after analysis: sum over all processors): 70170
              INFOG(18) (size of all MUMPS internal data allocated during factorization: value on the most memory consuming processor): 907
              INFOG(19) (size of all MUMPS internal data allocated during factorization: sum over all processors): 70170
              INFOG(20) (estimated number of entries in the factors): -3159
              INFOG(21) (size in MB of memory effectively used during factorization - value on the most memory consuming processor): 664
              INFOG(22) (size in MB of memory effectively used during factorization - sum over all processors): 56915
              INFOG(23) (after analysis: value of ICNTL(6) effectively used): 0
              INFOG(24) (after analysis: value of ICNTL(12) effectively used): 1
              INFOG(25) (after factorization: number of pivots modified by static pivoting): 0
              INFOG(28) (after factorization: number of null pivots encountered): 0
              INFOG(29) (after factorization: effective number of entries in the factors (sum over all processors)): -3159
              INFOG(30, 31) (after solution: size in Mbytes of memory used during solution phase): 766, 52537
              INFOG(32) (after analysis: type of analysis done): 1
              INFOG(33) (value used for ICNTL(8)): 7
              INFOG(34) (exponent of the determinant if determinant is requested): 0
              INFOG(35) (after factorization: number of entries taking into account BLR factor compression - sum over all processors): -3159
              INFOG(36) (after analysis: estimated size of all MUMPS internal data for running BLR in-core - value on the most memory consuming processor): 0
              INFOG(37) (after analysis: estimated size of all MUMPS internal data for running BLR in-core - sum over all processors): 0
              INFOG(38) (after analysis: estimated size of all MUMPS internal data for running BLR out-of-core - value on the most memory consuming processor): 0
              INFOG(39) (after analysis: estimated size of all MUMPS internal data for running BLR out-of-core - sum over all processors): 0
  linear system matrix followed by preconditioner matrix:
  Mat Object: 128 MPI processes
    type: mpiaij
    rows=1237277, cols=1237277
    total: nonzeros=49824155, allocated nonzeros=175740734
    total number of mallocs used during MatSetValues calls=0
      not using I-node (on process 0) routines
  Mat Object: 128 MPI processes
    type: mpiaij
    rows=1237277, cols=1237277
    total: nonzeros=33192601, allocated nonzeros=175740734
    total number of mallocs used during MatSetValues calls=0
      not using I-node (on process 0) routines
 evaluateResidual called.
 Beginning preallocation for whichMatrix =            3
 Running populateMatrix with whichMatrix =            3
 Time to pre-assemble residual f1 matrix:   0.37876740999990943       seconds.
 Time to assemble residual f1 matrix:   0.21651855799973418       seconds.
 # of nonzeros in residual f1 matrix:    49824155 , allocated:   175740734 , mallocs:           0  (should be 0)
--------- Completed iteration    1 of SNES -----------------------------------
--------- Residual function norm:  9.8873333E-07 -----------------------------
 Linear iteration (KSP) converged.  KSPConvergedReason =            2
   KSP_CONVERGED_RTOL: Norm decreased by rtol.
 Computing diagnostics.
 Initializing f0
    FSADensityPerturbation:    -2.6449927732846145E-016
    FSABFlow:                  -2.7402575723111458
    max and min Mach #:        -6.4470638492543739E-002  -6.8996994055550001E-002
    FSAPressurePerturbation:    8.6612537611519499E-016
    NTV:                        0.0000000000000000
    particleFlux_vm0_psiHat     1.5911646263070040E-018
    particleFlux_vm_psiHat      1.2224500513798908E-005
    classicalParticleFlux       0.0000000000000000
    classicalHeatFlux           2.4356189227166114E-005
    momentumFlux_vm0_psiHat     0.0000000000000000
    momentumFlux_vm_psiHat      4.3655945602141169E-007
    heatFlux_vm0_psiHat         1.6320604357916257E-018
    heatFlux_vm_psiHat          8.2672017918403060E-005
    particle source             1.7154463675222616E-007
    heat source                -8.7384665920825551E-005
 FSABjHat (bootstrap current):   -2.7402575723111458
 Saving diagnostics to h5 file for iteration            1
 Done with the main solve.  Time to solve:    89.547859408000022       seconds.

Entering DMUMPS 5.6.2 from C interface with JOB =  -2
      executing #MPI =    128 and #OMP =      2
 Goodbye!
