Commence .bash_profile.ext
 ****************************************************************************
 SFINCS: Stellarator Fokker-Plank Iterative Neoclassical Conservative Solver
 Version 3
 Using double precision.
 Parallel job ( 128 processes) detected.
 Successfully read parameters from general namelist in input.namelist.
 Successfully read parameters from geometryParameters namelist in input.namelist.
 Successfully read parameters from speciesParameters namelist in input.namelist.
 Successfully read parameters from physicsParameters namelist in input.namelist.
 Successfully read parameters from resolutionParameters namelist in input.namelist.
 Successfully read parameters from otherNumericalParameters namelist in input.namelist.
 Successfully read parameters from preconditionerOptions namelist in input.namelist.
 Successfully read parameters from export_f namelist in input.namelist.
 mumps detected
 superlu_dist not detected
 ---- Physics parameters: ----
 Number of particle species =            1
 Delta (rho* at reference parameters)          =    4.5694000000000004E-003
 alpha (e Phi / T at reference parameters)     =    1.0000000000000000
 nu_n (collisionality at reference parameters) =    8.3300000000000006E-003
 Linear run
 ---- Numerical parameters: ----
 Ntheta             =           25
 Nzeta              =           81
 Nxi                =          140
 NL                 =            4
 Nx                 =            7
 solverTolerance    =    9.9999999999999995E-008
 Theta derivative: centered finite differences, 5-point stencil
 Zeta derivative: centered finite differences, 5-point stencil
 For solving large linear systems, an iterative Krylov solver will be used.
 Processor    0 owns theta indices   1 to  25 and zeta indices   1 to   1
 Processor    1 owns theta indices   1 to  25 and zeta indices   2 to   2
 Processor    2 owns theta indices   1 to  25 and zeta indices   3 to   3
 Processor    3 owns theta indices   1 to  25 and zeta indices   4 to   4
 Processor    4 owns theta indices   1 to  25 and zeta indices   5 to   5
 Processor    5 owns theta indices   1 to  25 and zeta indices   6 to   6
 Processor    6 owns theta indices   1 to  25 and zeta indices   7 to   7
 Processor    7 owns theta indices   1 to  25 and zeta indices   8 to   8
 Processor    8 owns theta indices   1 to  25 and zeta indices   9 to   9
 Processor    9 owns theta indices   1 to  25 and zeta indices  10 to  10
 Processor   10 owns theta indices   1 to  25 and zeta indices  11 to  11
 Processor   11 owns theta indices   1 to  25 and zeta indices  12 to  12
 Processor   12 owns theta indices   1 to  25 and zeta indices  13 to  13
 Processor   13 owns theta indices   1 to  25 and zeta indices  14 to  14
 Processor   14 owns theta indices   1 to  25 and zeta indices  15 to  15
 Processor   15 owns theta indices   1 to  25 and zeta indices  16 to  16
 Processor   16 owns theta indices   1 to  25 and zeta indices  17 to  17
 Processor   17 owns theta indices   1 to  25 and zeta indices  18 to  18
 Processor   18 owns theta indices   1 to  25 and zeta indices  19 to  19
 Processor   19 owns theta indices   1 to  25 and zeta indices  20 to  20
 Processor   20 owns theta indices   1 to  25 and zeta indices  21 to  21
 Processor   21 owns theta indices   1 to  25 and zeta indices  22 to  22
 Processor   22 owns theta indices   1 to  25 and zeta indices  23 to  23
 Processor   23 owns theta indices   1 to  25 and zeta indices  24 to  24
 Processor   24 owns theta indices   1 to  25 and zeta indices  25 to  25
 Processor   25 owns theta indices   1 to  25 and zeta indices  26 to  26
 Processor   26 owns theta indices   1 to  25 and zeta indices  27 to  27
 Processor   27 owns theta indices   1 to  25 and zeta indices  28 to  28
 Processor   28 owns theta indices   1 to  25 and zeta indices  29 to  29
 Processor   29 owns theta indices   1 to  25 and zeta indices  30 to  30
 Processor   30 owns theta indices   1 to  25 and zeta indices  31 to  31
 Processor   31 owns theta indices   1 to  25 and zeta indices  32 to  32
 Processor   32 owns theta indices   1 to  25 and zeta indices  33 to  33
 Processor   33 owns theta indices   1 to  25 and zeta indices  34 to  34
 Processor   34 owns theta indices   1 to  25 and zeta indices  35 to  35
 Processor   35 owns theta indices   1 to  25 and zeta indices  36 to  36
 Processor   36 owns theta indices   1 to  25 and zeta indices  37 to  37
 Processor   37 owns theta indices   1 to  25 and zeta indices  38 to  38
 Processor   38 owns theta indices   1 to  25 and zeta indices  39 to  39
 Processor   39 owns theta indices   1 to  25 and zeta indices  40 to  40
 Processor   40 owns theta indices   1 to  25 and zeta indices  41 to  41
 Processor   41 owns theta indices   1 to  25 and zeta indices  42 to  42
 Processor   42 owns theta indices   1 to  25 and zeta indices  43 to  43
 Processor   43 owns theta indices   1 to  25 and zeta indices  44 to  44
 Processor   44 owns theta indices   1 to  25 and zeta indices  45 to  45
 Processor   45 owns theta indices   1 to  25 and zeta indices  46 to  46
 Processor   46 owns theta indices   1 to  25 and zeta indices  47 to  47
 Processor   47 owns theta indices   1 to  25 and zeta indices  48 to  48
 Processor   48 owns theta indices   1 to  25 and zeta indices  49 to  49
 Processor   49 owns theta indices   1 to  25 and zeta indices  50 to  50
 Processor   50 owns theta indices   1 to  25 and zeta indices  51 to  51
 Processor   51 owns theta indices   1 to  25 and zeta indices  52 to  52
 Processor   52 owns theta indices   1 to  25 and zeta indices  53 to  53
 Processor   53 owns theta indices   1 to  25 and zeta indices  54 to  54
 Processor   54 owns theta indices   1 to  25 and zeta indices  55 to  55
 Processor   55 owns theta indices   1 to  25 and zeta indices  56 to  56
 Processor   56 owns theta indices   1 to  25 and zeta indices  57 to  57
 Processor   57 owns theta indices   1 to  25 and zeta indices  58 to  58
 Processor   58 owns theta indices   1 to  25 and zeta indices  59 to  59
 Processor   59 owns theta indices   1 to  25 and zeta indices  60 to  60
 Processor   60 owns theta indices   1 to  25 and zeta indices  61 to  61
 Processor   61 owns theta indices   1 to  25 and zeta indices  62 to  62
 Processor   62 owns theta indices   1 to  25 and zeta indices  63 to  63
 Processor   63 owns theta indices   1 to  25 and zeta indices  64 to  64
 Processor   64 owns theta indices   1 to  25 and zeta indices  65 to  65
 Processor   65 owns theta indices   1 to  25 and zeta indices  66 to  66
 Processor   66 owns theta indices   1 to  25 and zeta indices  67 to  67
 Processor   67 owns theta indices   1 to  25 and zeta indices  68 to  68
 Processor   68 owns theta indices   1 to  25 and zeta indices  69 to  69
 Processor   69 owns theta indices   1 to  25 and zeta indices  70 to  70
 Processor   70 owns theta indices   1 to  25 and zeta indices  71 to  71
 Processor   71 owns theta indices   1 to  25 and zeta indices  72 to  72
 Processor   72 owns theta indices   1 to  25 and zeta indices  73 to  73
 Processor   73 owns theta indices   1 to  25 and zeta indices  74 to  74
 Processor   74 owns theta indices   1 to  25 and zeta indices  75 to  75
 Processor   75 owns theta indices   1 to  25 and zeta indices  76 to  76
 Processor   76 owns theta indices   1 to  25 and zeta indices  77 to  77
 Processor   77 owns theta indices   1 to  25 and zeta indices  78 to  78
 Processor   78 owns theta indices   1 to  25 and zeta indices  79 to  79
 Processor   79 owns theta indices   1 to  25 and zeta indices  80 to  80
 Processor   80 owns theta indices   1 to  25 and zeta indices  81 to  81
 Processor   81 owns theta indices   1 to  25 and zeta indices  82 to  81
 Processor   82 owns theta indices   1 to  25 and zeta indices  82 to  81
 Processor   83 owns theta indices   1 to  25 and zeta indices  82 to  81
 Processor   84 owns theta indices   1 to  25 and zeta indices  82 to  81
 Processor   85 owns theta indices   1 to  25 and zeta indices  82 to  81
 Processor   86 owns theta indices   1 to  25 and zeta indices  82 to  81
 Processor   87 owns theta indices   1 to  25 and zeta indices  82 to  81
 Processor   88 owns theta indices   1 to  25 and zeta indices  82 to  81
 Processor   89 owns theta indices   1 to  25 and zeta indices  82 to  81
 Processor   90 owns theta indices   1 to  25 and zeta indices  82 to  81
 Processor   91 owns theta indices   1 to  25 and zeta indices  82 to  81
 Processor   92 owns theta indices   1 to  25 and zeta indices  82 to  81
 Processor   93 owns theta indices   1 to  25 and zeta indices  82 to  81
 Processor   94 owns theta indices   1 to  25 and zeta indices  82 to  81
 Processor   95 owns theta indices   1 to  25 and zeta indices  82 to  81
 Processor   96 owns theta indices   1 to  25 and zeta indices  82 to  81
 Processor   97 owns theta indices   1 to  25 and zeta indices  82 to  81
 Processor   98 owns theta indices   1 to  25 and zeta indices  82 to  81
 Processor   99 owns theta indices   1 to  25 and zeta indices  82 to  81
 Processor  100 owns theta indices   1 to  25 and zeta indices  82 to  81
 Processor  101 owns theta indices   1 to  25 and zeta indices  82 to  81
 Processor  102 owns theta indices   1 to  25 and zeta indices  82 to  81
 Processor  103 owns theta indices   1 to  25 and zeta indices  82 to  81
 Processor  104 owns theta indices   1 to  25 and zeta indices  82 to  81
 Processor  105 owns theta indices   1 to  25 and zeta indices  82 to  81
 Processor  106 owns theta indices   1 to  25 and zeta indices  82 to  81
 Processor  107 owns theta indices   1 to  25 and zeta indices  82 to  81
 Processor  108 owns theta indices   1 to  25 and zeta indices  82 to  81
 Processor  109 owns theta indices   1 to  25 and zeta indices  82 to  81
 Processor  110 owns theta indices   1 to  25 and zeta indices  82 to  81
 Processor  111 owns theta indices   1 to  25 and zeta indices  82 to  81
 Processor  112 owns theta indices   1 to  25 and zeta indices  82 to  81
 Processor  113 owns theta indices   1 to  25 and zeta indices  82 to  81
 Processor  114 owns theta indices   1 to  25 and zeta indices  82 to  81
 Processor  115 owns theta indices   1 to  25 and zeta indices  82 to  81
 Processor  116 owns theta indices   1 to  25 and zeta indices  82 to  81
 Processor  117 owns theta indices   1 to  25 and zeta indices  82 to  81
 Processor  118 owns theta indices   1 to  25 and zeta indices  82 to  81
 Processor  119 owns theta indices   1 to  25 and zeta indices  82 to  81
 Processor  120 owns theta indices   1 to  25 and zeta indices  82 to  81
 Processor  121 owns theta indices   1 to  25 and zeta indices  82 to  81
 Processor  122 owns theta indices   1 to  25 and zeta indices  82 to  81
 Processor  123 owns theta indices   1 to  25 and zeta indices  82 to  81
 Processor  124 owns theta indices   1 to  25 and zeta indices  82 to  81
 Processor  125 owns theta indices   1 to  25 and zeta indices  82 to  81
 Processor  126 owns theta indices   1 to  25 and zeta indices  82 to  81
 Processor  127 owns theta indices   1 to  25 and zeta indices  82 to  81
 Nxi_for_x_option:           1
 x:   6.3716484606701013E-002  0.31819201888861848       0.72419898925837300        1.2380355992150891        1.8385282202709461        2.5314881513276766        3.3734564301245800
 Nxi for each x:          18          34          59          91         129         140         140
 min_x_for_L:           1           1           1           1           1           1           1           1           1           1           1           1           1           1           1           1           1           1           2           2           2           2           2           2           2           2           2           2           2           2           2           2           2           2           3           3           3           3           3           3           3           3           3           3           3           3           3           3           3           3           3           3           3           3           3           3           3           3           3           4           4           4           4           4           4           4           4           4           4           4           4           4           4           4           4           4           4           4           4           4           4           4           4           4           4           4           4           4           4           4           4           5           5           5           5           5           5           5           5           5           5           5           5           5           5           5           5           5           5           5           5           5           5           5           5           5           5           5           5           5           5           5           5           5           5           5           5           5           5           6           6           6           6           6           6           6           6           6           6           6
 The matrix is      1237277 x     1237277  elements.
 Selecting the flux surface to use based on rN_wish =   0.50000000000000000
 Reading VMEC geometry from file /pscratch/sd/l/landrema/20251212-01-sfincs_for_yancc_benchmarks//wout_NCSX.nc
 Using radial index  33 of 128 from vmec's half mesh.
 Including  213 of  221 stellarator-symmetric modes from the VMEC file.
 Equilibrium is stellarator-symmetric.
 Successfully read VMEC geometry file /pscratch/sd/l/landrema/20251212-01-sfincs_for_yancc_benchmarks//wout_NCSX.nc
 ---- Geometry parameters: ----
 Geometry scheme =            5
 psiAHat (Normalized toroidal flux at the last closed flux surface) =    7.9111180348606772E-002
 aHat (Radius of the last closed flux surface in units of RHat) =   0.32263403817640657
 GHat (Boozer component multiplying grad zeta) =    2.3203011774859217
 IHat (Boozer component multiplying grad theta) =    3.3412089914728804E-003
 iota (Rotational transform) =   0.46825939689977847
 ---- Geometry parameters: ----
 Geometry scheme =            5
 psiAHat (Normalized toroidal flux at the last closed flux surface) =    7.9111180348606772E-002
 aHat (Radius of the last closed flux surface in units of RHat) =   0.32263403817640657
 GHat (Boozer component multiplying grad zeta) =    2.3203011774859217
 IHat (Boozer component multiplying grad theta) =    3.3412089914728804E-003
 iota (Rotational transform) =   0.46825939689977847
 ------------------------------------------------------
 Done creating grids.
 Requested/actual flux surface for this calculation, in various radial coordinates:
   psiHat =    1.9777795087151693E-002 /   1.9622064417174120E-002
   psiN   =   0.25000000000000000      /  0.24803149606299213
   rHat   =   0.16131701908820328      /  0.16068065755800051
   rN     =   0.50000000000000000      /  0.49802760572381138
 Selecting the input gradients of n & T from the specified ddrHat values.
 Selecting the input gradient of Phi from the specified Er.
 Entering main solver loop.
 Initializing f0
 Beginning preallocation for whichMatrix =            1
 Beginning preallocation for whichMatrix =            0
 Since this is a linear run, we will only take a single step, and not iterate Newton's method.
 Solver package which will be used: mumps
 ------------------------------------------------------
 Finished initialization.
 Beginning the main solve.  This could take a while ...
 evaluateResidual called.
 State vector is 0 so I will skip building the first matrix when evaluating the residual.
--------- Residual function norm:  9.6493579E-02 -----------------------------
 evaluateJacobian called.
 Running populateMatrix with whichMatrix =            0
 Time to pre-assemble Jacobian preconditioner matrix:   0.34142551200011440       seconds.
 Time to assemble Jacobian preconditioner matrix:   0.15190572399978919       seconds.
 # of nonzeros in Jacobian preconditioner matrix:    33192601 , allocated:   175740734 , mallocs:           0  (should be 0)
 Running populateMatrix with whichMatrix =            1
 Time to pre-assemble Jacobian matrix:   0.35135959799981720       seconds.
 Time to assemble Jacobian matrix:   0.22516925699983403       seconds.
 # of nonzeros in Jacobian matrix:    49824155 , allocated:   175740734 , mallocs:           0  (should be 0)

Entering DMUMPS 5.6.2 from C interface with JOB, N =   1     1237277
      executing #MPI =    128 and #OMP =      2

 =================================================
 MUMPS compiled with option -Dmetis
 MUMPS compiled with option -Dparmetis
 MUMPS compiled with option -Dpord
 MUMPS compiled with option -Dptscotch
 MUMPS compiled with option -Dscotch
 =================================================
L U Solver for unsymmetric matrices
Type of parallelism: Working host

 ****** ANALYSIS STEP ********

 ** Maximum transversal (ICNTL(6)) not allowed because matrix is distributed
 Processing a graph of size:   1237277 with      31969492 edges
 Ordering based on SCOTCH
 ELAPSED TIME SPENT IN SCOTCH reordering =     44.9300
 A root of estimated size         4152  has been selected for Scalapack.

Leaving analysis phase with  ...
 INFOG(1)                                       =               0
 INFOG(2)                                       =               0
 -- (20) Number of entries in factors (estim.)  =      3150591681
 --  (3) Real space for factors    (estimated)  =      3171439243
 --  (4) Integer space for factors (estimated)  =        22860888
 --  (5) Maximum frontal size      (estimated)  =            6575
 --  (6) Number of nodes in the tree            =           15683
 -- (32) Type of analysis effectively used      =               1
 --  (7) Ordering option effectively used       =               3
 ICNTL (6) Maximum transversal option           =               0
 ICNTL (7) Pivot order option                   =               3
 ICNTL(13) Parallelism/splitting of root node   =               0
 ICNTL(14) Percentage of memory relaxation      =              50
 ICNTL(15) Analysis by block effectively used   =               0
 ICNTL(18) Distributed input matrix (on if >0)  =               3
 ICNTL(58) Symbolic factorization option        =               2
 Number of level 2 nodes                        =             508
 Number of split nodes                          =             321
 RINFOG(1) Operations during elimination (estim)= 8.347D+12
 Distributed matrix entry format (ICNTL(18))    =               3

 MEMORY ESTIMATIONS ...
 Estimations with standard Full-Rank (FR) factorization:
    Maximum estim. space in Mbytes, IC facto.    (INFOG(16)):         910
    Total space in MBytes, IC factorization      (INFOG(17)):       70456
    Maximum estim. space in Mbytes, OOC facto.   (INFOG(26)):         433
    Total space in MBytes,  OOC factorization    (INFOG(27)):       48138

 Elapsed time in analysis driver=      45.9940

Entering DMUMPS 5.6.2 from C interface with JOB, N =   2     1237277
      executing #MPI =    128 and #OMP =      2



****** FACTORIZATION STEP ********

 GLOBAL STATISTICS PRIOR NUMERICAL FACTORIZATION ...
 Number of working processes                =             128
 ICNTL(22) Out-of-core option               =               0
 ICNTL(35) BLR activation (eff. choice)     =               0
 ICNTL(37) BLR CB compression (eff. choice) =               0
 ICNTL(49) Compact workarray S (end facto.) =               0
 ICNTL(14) Memory relaxation                =              50
 INFOG(3) Real space for factors (estimated)=      3171439243
 INFOG(4) Integer space for factors (estim.)=        22860888
 Maximum frontal size (estimated)           =            6575
 Number of nodes in the tree                =           15683
 ICNTL(23) Memory allowed (value on host)   =               0
           Sum over all procs               =               0
 Memory provided by user, sum of LWK_USER   =               0
 Effective threshold for pivoting, CNTL(1)  =      0.1000D-02
 Max difference from 1 after scaling the entries for ONE-NORM (option 7/8)   = 0.52D+01
 Average Effective size of S     (based on INFO(39))=             44392028

 Redistrib: total data local/sent           =         1433046       181452677

 Elapsed time to reformat/distribute matrix =      0.1624
 ** Memory allocated, max in Mbytes             (INFOG(18)):         910

 ** Memory allocated, total in Mbytes           (INFOG(19)):       70456
 ** Memory effectively used, max in  Mbytes     (INFOG(21)):         723
 ** Memory effectively used, total in Mbytes    (INFOG(22)):       57152

 Elapsed time to process root node                  =      0.1001

 Elapsed time for factorization                     =      9.6804

Leaving factorization with ...
 RINFOG (2) Operations in node assembly             = 1.156D+10
 ------ (3) Operations in node elimination          = 8.347D+12
 ICNTL  (8) Scaling effectively used                =               7
 INFOG  (9) Real space for factors                  =      3150615207
 INFOG (10) Integer space for factors               =        21703447
 INFOG (11) Maximum front size                      =            6575
 INFOG (29) Number of entries in factors            =      3150615207
 INFOG (12) Number of off diagonal pivots           =             383
 INFOG (13) Number of delayed pivots                =              36
 INFOG (14) Number of memory compress               =             289

 Elapsed time in factorization driver               =     10.2984

Entering DMUMPS 5.6.2 from C interface with JOB, N =   3     1237277
      executing #MPI =    128 and #OMP =      2



 ****** SOLVE & CHECK STEP ********

 GLOBAL STATISTICS PRIOR SOLVE PHASE ...........
 Number of right-hand-sides                    =           1
 Blocking factor for multiple rhs              =           1
 ICNTL (9)                                     =           1
  --- (10)                                     =           0
  --- (11)                                     =           0
  --- (20)                                     =          10
  --- (21)                                     =           1
  --- (30)                                     =           0
  --- (35)                                     =           0
 WARNING: original distributed matrix is not allocated
 ** Rank of processor needing largest memory in solve     :       127
 ** Space in MBYTES used by this processor for solve      :       769
 ** Avg. Space in MBYTES per working proc during solve    :       412

 Leaving solve with ...
 Time to build/scatter RHS        =       0.002907
 Time in solution step (fwd/bwd)  =       0.163457
  .. Time in forward (fwd) step   =          0.081344
  .. Time in ScaLAPACK root       =          0.004131
  .. Time in backward (bwd) step  =          0.077977
 Time to gather solution(cent.sol)=       0.000000
 Time to copy/scale dist. solution=       0.000766

 Elapsed time in solve driver=       0.3481
    0 KSP Residual norm 2.468065625713e-01

Entering DMUMPS 5.6.2 from C interface with JOB, N =   3     1237277
      executing #MPI =    128 and #OMP =      2



 ****** SOLVE & CHECK STEP ********

 GLOBAL STATISTICS PRIOR SOLVE PHASE ...........
 Number of right-hand-sides                    =           1
 Blocking factor for multiple rhs              =           1
 ICNTL (9)                                     =           1
  --- (10)                                     =           0
  --- (11)                                     =           0
  --- (20)                                     =          10
  --- (21)                                     =           1
  --- (30)                                     =           0
  --- (35)                                     =           0
 WARNING: original distributed matrix is not allocated
 ** Rank of processor needing largest memory in solve     :       127
 ** Space in MBYTES used by this processor for solve      :       769
 ** Avg. Space in MBYTES per working proc during solve    :       412

 Leaving solve with ...
 Time to build/scatter RHS        =       0.002252
 Time in solution step (fwd/bwd)  =       0.152852
  .. Time in forward (fwd) step   =          0.080994
  .. Time in ScaLAPACK root       =          0.003169
  .. Time in backward (bwd) step  =          0.068654
 Time to gather solution(cent.sol)=       0.000000
 Time to copy/scale dist. solution=       0.000512

 Elapsed time in solve driver=       0.3045
    1 KSP Residual norm 2.322882956016e-01

Entering DMUMPS 5.6.2 from C interface with JOB, N =   3     1237277
      executing #MPI =    128 and #OMP =      2



 ****** SOLVE & CHECK STEP ********

 GLOBAL STATISTICS PRIOR SOLVE PHASE ...........
 Number of right-hand-sides                    =           1
 Blocking factor for multiple rhs              =           1
 ICNTL (9)                                     =           1
  --- (10)                                     =           0
  --- (11)                                     =           0
  --- (20)                                     =          10
  --- (21)                                     =           1
  --- (30)                                     =           0
  --- (35)                                     =           0
 WARNING: original distributed matrix is not allocated
 ** Rank of processor needing largest memory in solve     :       127
 ** Space in MBYTES used by this processor for solve      :       769
 ** Avg. Space in MBYTES per working proc during solve    :       412

 Leaving solve with ...
 Time to build/scatter RHS        =       0.002035
 Time in solution step (fwd/bwd)  =       0.145890
  .. Time in forward (fwd) step   =          0.078326
  .. Time in ScaLAPACK root       =          0.003144
  .. Time in backward (bwd) step  =          0.064397
 Time to gather solution(cent.sol)=       0.000000
 Time to copy/scale dist. solution=       0.000507

 Elapsed time in solve driver=       0.2979
    2 KSP Residual norm 2.155056326547e-01

Entering DMUMPS 5.6.2 from C interface with JOB, N =   3     1237277
      executing #MPI =    128 and #OMP =      2



 ****** SOLVE & CHECK STEP ********

 GLOBAL STATISTICS PRIOR SOLVE PHASE ...........
 Number of right-hand-sides                    =           1
 Blocking factor for multiple rhs              =           1
 ICNTL (9)                                     =           1
  --- (10)                                     =           0
  --- (11)                                     =           0
  --- (20)                                     =          10
  --- (21)                                     =           1
  --- (30)                                     =           0
  --- (35)                                     =           0
 WARNING: original distributed matrix is not allocated
 ** Rank of processor needing largest memory in solve     :       127
 ** Space in MBYTES used by this processor for solve      :       769
 ** Avg. Space in MBYTES per working proc during solve    :       412

 Leaving solve with ...
 Time to build/scatter RHS        =       0.005621
 Time in solution step (fwd/bwd)  =       0.145997
  .. Time in forward (fwd) step   =          0.079239
  .. Time in ScaLAPACK root       =          0.003094
  .. Time in backward (bwd) step  =          0.063644
 Time to gather solution(cent.sol)=       0.000000
 Time to copy/scale dist. solution=       0.000495

 Elapsed time in solve driver=       0.3005
    3 KSP Residual norm 2.094551689326e-01

Entering DMUMPS 5.6.2 from C interface with JOB, N =   3     1237277
      executing #MPI =    128 and #OMP =      2



 ****** SOLVE & CHECK STEP ********

 GLOBAL STATISTICS PRIOR SOLVE PHASE ...........
 Number of right-hand-sides                    =           1
 Blocking factor for multiple rhs              =           1
 ICNTL (9)                                     =           1
  --- (10)                                     =           0
  --- (11)                                     =           0
  --- (20)                                     =          10
  --- (21)                                     =           1
  --- (30)                                     =           0
  --- (35)                                     =           0
 WARNING: original distributed matrix is not allocated
 ** Rank of processor needing largest memory in solve     :       127
 ** Space in MBYTES used by this processor for solve      :       769
 ** Avg. Space in MBYTES per working proc during solve    :       412

 Leaving solve with ...
 Time to build/scatter RHS        =       0.083893
 Time in solution step (fwd/bwd)  =       0.144386
  .. Time in forward (fwd) step   =          0.077873
  .. Time in ScaLAPACK root       =          0.003086
  .. Time in backward (bwd) step  =          0.063399
 Time to gather solution(cent.sol)=       0.000000
 Time to copy/scale dist. solution=       0.000496

 Elapsed time in solve driver=       0.3773
    4 KSP Residual norm 2.076764115177e-01

Entering DMUMPS 5.6.2 from C interface with JOB, N =   3     1237277
      executing #MPI =    128 and #OMP =      2



 ****** SOLVE & CHECK STEP ********

 GLOBAL STATISTICS PRIOR SOLVE PHASE ...........
 Number of right-hand-sides                    =           1
 Blocking factor for multiple rhs              =           1
 ICNTL (9)                                     =           1
  --- (10)                                     =           0
  --- (11)                                     =           0
  --- (20)                                     =          10
  --- (21)                                     =           1
  --- (30)                                     =           0
  --- (35)                                     =           0
 WARNING: original distributed matrix is not allocated
 ** Rank of processor needing largest memory in solve     :       127
 ** Space in MBYTES used by this processor for solve      :       769
 ** Avg. Space in MBYTES per working proc during solve    :       412

 Leaving solve with ...
 Time to build/scatter RHS        =       0.001995
 Time in solution step (fwd/bwd)  =       0.142704
  .. Time in forward (fwd) step   =          0.078473
  .. Time in ScaLAPACK root       =          0.003097
  .. Time in backward (bwd) step  =          0.061116
 Time to gather solution(cent.sol)=       0.000000
 Time to copy/scale dist. solution=       0.000496

 Elapsed time in solve driver=       0.2921
    5 KSP Residual norm 1.953335807475e-01

Entering DMUMPS 5.6.2 from C interface with JOB, N =   3     1237277
      executing #MPI =    128 and #OMP =      2



 ****** SOLVE & CHECK STEP ********

 GLOBAL STATISTICS PRIOR SOLVE PHASE ...........
 Number of right-hand-sides                    =           1
 Blocking factor for multiple rhs              =           1
 ICNTL (9)                                     =           1
  --- (10)                                     =           0
  --- (11)                                     =           0
  --- (20)                                     =          10
  --- (21)                                     =           1
  --- (30)                                     =           0
  --- (35)                                     =           0
 WARNING: original distributed matrix is not allocated
 ** Rank of processor needing largest memory in solve     :       127
 ** Space in MBYTES used by this processor for solve      :       769
 ** Avg. Space in MBYTES per working proc during solve    :       412

 Leaving solve with ...
 Time to build/scatter RHS        =       0.002029
 Time in solution step (fwd/bwd)  =       0.139564
  .. Time in forward (fwd) step   =          0.078321
  .. Time in ScaLAPACK root       =          0.003060
  .. Time in backward (bwd) step  =          0.058162
 Time to gather solution(cent.sol)=       0.000000
 Time to copy/scale dist. solution=       0.000519

 Elapsed time in solve driver=       0.2885
    6 KSP Residual norm 1.828117452718e-01

Entering DMUMPS 5.6.2 from C interface with JOB, N =   3     1237277
      executing #MPI =    128 and #OMP =      2



 ****** SOLVE & CHECK STEP ********

 GLOBAL STATISTICS PRIOR SOLVE PHASE ...........
 Number of right-hand-sides                    =           1
 Blocking factor for multiple rhs              =           1
 ICNTL (9)                                     =           1
  --- (10)                                     =           0
  --- (11)                                     =           0
  --- (20)                                     =          10
  --- (21)                                     =           1
  --- (30)                                     =           0
  --- (35)                                     =           0
 WARNING: original distributed matrix is not allocated
 ** Rank of processor needing largest memory in solve     :       127
 ** Space in MBYTES used by this processor for solve      :       769
 ** Avg. Space in MBYTES per working proc during solve    :       412

 Leaving solve with ...
 Time to build/scatter RHS        =       0.002064
 Time in solution step (fwd/bwd)  =       0.144366
  .. Time in forward (fwd) step   =          0.078639
  .. Time in ScaLAPACK root       =          0.003305
  .. Time in backward (bwd) step  =          0.062400
 Time to gather solution(cent.sol)=       0.000000
 Time to copy/scale dist. solution=       0.000495

 Elapsed time in solve driver=       0.2958
    7 KSP Residual norm 1.343228246739e-01

Entering DMUMPS 5.6.2 from C interface with JOB, N =   3     1237277
      executing #MPI =    128 and #OMP =      2



 ****** SOLVE & CHECK STEP ********

 GLOBAL STATISTICS PRIOR SOLVE PHASE ...........
 Number of right-hand-sides                    =           1
 Blocking factor for multiple rhs              =           1
 ICNTL (9)                                     =           1
  --- (10)                                     =           0
  --- (11)                                     =           0
  --- (20)                                     =          10
  --- (21)                                     =           1
  --- (30)                                     =           0
  --- (35)                                     =           0
 WARNING: original distributed matrix is not allocated
 ** Rank of processor needing largest memory in solve     :       127
 ** Space in MBYTES used by this processor for solve      :       769
 ** Avg. Space in MBYTES per working proc during solve    :       412

 Leaving solve with ...
 Time to build/scatter RHS        =       0.002188
 Time in solution step (fwd/bwd)  =       0.145236
  .. Time in forward (fwd) step   =          0.079266
  .. Time in ScaLAPACK root       =          0.003100
  .. Time in backward (bwd) step  =          0.062837
 Time to gather solution(cent.sol)=       0.000000
 Time to copy/scale dist. solution=       0.000482

 Elapsed time in solve driver=       0.2966
    8 KSP Residual norm 7.058844755688e-02

Entering DMUMPS 5.6.2 from C interface with JOB, N =   3     1237277
      executing #MPI =    128 and #OMP =      2



 ****** SOLVE & CHECK STEP ********

 GLOBAL STATISTICS PRIOR SOLVE PHASE ...........
 Number of right-hand-sides                    =           1
 Blocking factor for multiple rhs              =           1
 ICNTL (9)                                     =           1
  --- (10)                                     =           0
  --- (11)                                     =           0
  --- (20)                                     =          10
  --- (21)                                     =           1
  --- (30)                                     =           0
  --- (35)                                     =           0
 WARNING: original distributed matrix is not allocated
 ** Rank of processor needing largest memory in solve     :       127
 ** Space in MBYTES used by this processor for solve      :       769
 ** Avg. Space in MBYTES per working proc during solve    :       412

 Leaving solve with ...
 Time to build/scatter RHS        =       0.002026
 Time in solution step (fwd/bwd)  =       0.143981
  .. Time in forward (fwd) step   =          0.078873
  .. Time in ScaLAPACK root       =          0.003026
  .. Time in backward (bwd) step  =          0.062061
 Time to gather solution(cent.sol)=       0.000000
 Time to copy/scale dist. solution=       0.000495

 Elapsed time in solve driver=       0.2978
    9 KSP Residual norm 5.099161969473e-02

Entering DMUMPS 5.6.2 from C interface with JOB, N =   3     1237277
      executing #MPI =    128 and #OMP =      2



 ****** SOLVE & CHECK STEP ********

 GLOBAL STATISTICS PRIOR SOLVE PHASE ...........
 Number of right-hand-sides                    =           1
 Blocking factor for multiple rhs              =           1
 ICNTL (9)                                     =           1
  --- (10)                                     =           0
  --- (11)                                     =           0
  --- (20)                                     =          10
  --- (21)                                     =           1
  --- (30)                                     =           0
  --- (35)                                     =           0
 WARNING: original distributed matrix is not allocated
 ** Rank of processor needing largest memory in solve     :       127
 ** Space in MBYTES used by this processor for solve      :       769
 ** Avg. Space in MBYTES per working proc during solve    :       412

 Leaving solve with ...
 Time to build/scatter RHS        =       0.002003
 Time in solution step (fwd/bwd)  =       0.142844
  .. Time in forward (fwd) step   =          0.077848
  .. Time in ScaLAPACK root       =          0.003051
  .. Time in backward (bwd) step  =          0.061915
 Time to gather solution(cent.sol)=       0.000000
 Time to copy/scale dist. solution=       0.000500

 Elapsed time in solve driver=       0.2910
   10 KSP Residual norm 4.446508802898e-02

Entering DMUMPS 5.6.2 from C interface with JOB, N =   3     1237277
      executing #MPI =    128 and #OMP =      2



 ****** SOLVE & CHECK STEP ********

 GLOBAL STATISTICS PRIOR SOLVE PHASE ...........
 Number of right-hand-sides                    =           1
 Blocking factor for multiple rhs              =           1
 ICNTL (9)                                     =           1
  --- (10)                                     =           0
  --- (11)                                     =           0
  --- (20)                                     =          10
  --- (21)                                     =           1
  --- (30)                                     =           0
  --- (35)                                     =           0
 WARNING: original distributed matrix is not allocated
 ** Rank of processor needing largest memory in solve     :       127
 ** Space in MBYTES used by this processor for solve      :       769
 ** Avg. Space in MBYTES per working proc during solve    :       412

 Leaving solve with ...
 Time to build/scatter RHS        =       0.002084
 Time in solution step (fwd/bwd)  =       0.143448
  .. Time in forward (fwd) step   =          0.078489
  .. Time in ScaLAPACK root       =          0.003019
  .. Time in backward (bwd) step  =          0.061919
 Time to gather solution(cent.sol)=       0.000000
 Time to copy/scale dist. solution=       0.000494

 Elapsed time in solve driver=       0.2917
   11 KSP Residual norm 4.033105797304e-02

Entering DMUMPS 5.6.2 from C interface with JOB, N =   3     1237277
      executing #MPI =    128 and #OMP =      2



 ****** SOLVE & CHECK STEP ********

 GLOBAL STATISTICS PRIOR SOLVE PHASE ...........
 Number of right-hand-sides                    =           1
 Blocking factor for multiple rhs              =           1
 ICNTL (9)                                     =           1
  --- (10)                                     =           0
  --- (11)                                     =           0
  --- (20)                                     =          10
  --- (21)                                     =           1
  --- (30)                                     =           0
  --- (35)                                     =           0
 WARNING: original distributed matrix is not allocated
 ** Rank of processor needing largest memory in solve     :       127
 ** Space in MBYTES used by this processor for solve      :       769
 ** Avg. Space in MBYTES per working proc during solve    :       412

 Leaving solve with ...
 Time to build/scatter RHS        =       0.002038
 Time in solution step (fwd/bwd)  =       0.142630
  .. Time in forward (fwd) step   =          0.077703
  .. Time in ScaLAPACK root       =          0.003078
  .. Time in backward (bwd) step  =          0.061827
 Time to gather solution(cent.sol)=       0.000000
 Time to copy/scale dist. solution=       0.000508

 Elapsed time in solve driver=       0.2904
   12 KSP Residual norm 3.858014115656e-02

Entering DMUMPS 5.6.2 from C interface with JOB, N =   3     1237277
      executing #MPI =    128 and #OMP =      2



 ****** SOLVE & CHECK STEP ********

 GLOBAL STATISTICS PRIOR SOLVE PHASE ...........
 Number of right-hand-sides                    =           1
 Blocking factor for multiple rhs              =           1
 ICNTL (9)                                     =           1
  --- (10)                                     =           0
  --- (11)                                     =           0
  --- (20)                                     =          10
  --- (21)                                     =           1
  --- (30)                                     =           0
  --- (35)                                     =           0
 WARNING: original distributed matrix is not allocated
 ** Rank of processor needing largest memory in solve     :       127
 ** Space in MBYTES used by this processor for solve      :       769
 ** Avg. Space in MBYTES per working proc during solve    :       412

 Leaving solve with ...
 Time to build/scatter RHS        =       0.002195
 Time in solution step (fwd/bwd)  =       0.142626
  .. Time in forward (fwd) step   =          0.078228
  .. Time in ScaLAPACK root       =          0.003043
  .. Time in backward (bwd) step  =          0.061335
 Time to gather solution(cent.sol)=       0.000000
 Time to copy/scale dist. solution=       0.000503

 Elapsed time in solve driver=       0.2918
   13 KSP Residual norm 3.753711957771e-02

Entering DMUMPS 5.6.2 from C interface with JOB, N =   3     1237277
      executing #MPI =    128 and #OMP =      2



 ****** SOLVE & CHECK STEP ********

 GLOBAL STATISTICS PRIOR SOLVE PHASE ...........
 Number of right-hand-sides                    =           1
 Blocking factor for multiple rhs              =           1
 ICNTL (9)                                     =           1
  --- (10)                                     =           0
  --- (11)                                     =           0
  --- (20)                                     =          10
  --- (21)                                     =           1
  --- (30)                                     =           0
  --- (35)                                     =           0
 WARNING: original distributed matrix is not allocated
 ** Rank of processor needing largest memory in solve     :       127
 ** Space in MBYTES used by this processor for solve      :       769
 ** Avg. Space in MBYTES per working proc during solve    :       412

 Leaving solve with ...
 Time to build/scatter RHS        =       0.002008
 Time in solution step (fwd/bwd)  =       0.143832
  .. Time in forward (fwd) step   =          0.078281
  .. Time in ScaLAPACK root       =          0.003051
  .. Time in backward (bwd) step  =          0.062476
 Time to gather solution(cent.sol)=       0.000000
 Time to copy/scale dist. solution=       0.000497

 Elapsed time in solve driver=       0.2866
   14 KSP Residual norm 3.727363324068e-02

Entering DMUMPS 5.6.2 from C interface with JOB, N =   3     1237277
      executing #MPI =    128 and #OMP =      2



 ****** SOLVE & CHECK STEP ********

 GLOBAL STATISTICS PRIOR SOLVE PHASE ...........
 Number of right-hand-sides                    =           1
 Blocking factor for multiple rhs              =           1
 ICNTL (9)                                     =           1
  --- (10)                                     =           0
  --- (11)                                     =           0
  --- (20)                                     =          10
  --- (21)                                     =           1
  --- (30)                                     =           0
  --- (35)                                     =           0
 WARNING: original distributed matrix is not allocated
 ** Rank of processor needing largest memory in solve     :       127
 ** Space in MBYTES used by this processor for solve      :       769
 ** Avg. Space in MBYTES per working proc during solve    :       412

 Leaving solve with ...
 Time to build/scatter RHS        =       0.001992
 Time in solution step (fwd/bwd)  =       0.141291
  .. Time in forward (fwd) step   =          0.077673
  .. Time in ScaLAPACK root       =          0.003070
  .. Time in backward (bwd) step  =          0.060515
 Time to gather solution(cent.sol)=       0.000000
 Time to copy/scale dist. solution=       0.000490

 Elapsed time in solve driver=       0.2847
   15 KSP Residual norm 3.622591458666e-02

Entering DMUMPS 5.6.2 from C interface with JOB, N =   3     1237277
      executing #MPI =    128 and #OMP =      2



 ****** SOLVE & CHECK STEP ********

 GLOBAL STATISTICS PRIOR SOLVE PHASE ...........
 Number of right-hand-sides                    =           1
 Blocking factor for multiple rhs              =           1
 ICNTL (9)                                     =           1
  --- (10)                                     =           0
  --- (11)                                     =           0
  --- (20)                                     =          10
  --- (21)                                     =           1
  --- (30)                                     =           0
  --- (35)                                     =           0
 WARNING: original distributed matrix is not allocated
 ** Rank of processor needing largest memory in solve     :       127
 ** Space in MBYTES used by this processor for solve      :       769
 ** Avg. Space in MBYTES per working proc during solve    :       412

 Leaving solve with ...
 Time to build/scatter RHS        =       0.002012
 Time in solution step (fwd/bwd)  =       0.142234
  .. Time in forward (fwd) step   =          0.077549
  .. Time in ScaLAPACK root       =          0.003019
  .. Time in backward (bwd) step  =          0.061645
 Time to gather solution(cent.sol)=       0.000000
 Time to copy/scale dist. solution=       0.000482

 Elapsed time in solve driver=       0.2819
   16 KSP Residual norm 3.608425089790e-02

Entering DMUMPS 5.6.2 from C interface with JOB, N =   3     1237277
      executing #MPI =    128 and #OMP =      2



 ****** SOLVE & CHECK STEP ********

 GLOBAL STATISTICS PRIOR SOLVE PHASE ...........
 Number of right-hand-sides                    =           1
 Blocking factor for multiple rhs              =           1
 ICNTL (9)                                     =           1
  --- (10)                                     =           0
  --- (11)                                     =           0
  --- (20)                                     =          10
  --- (21)                                     =           1
  --- (30)                                     =           0
  --- (35)                                     =           0
 WARNING: original distributed matrix is not allocated
 ** Rank of processor needing largest memory in solve     :       127
 ** Space in MBYTES used by this processor for solve      :       769
 ** Avg. Space in MBYTES per working proc during solve    :       412

 Leaving solve with ...
 Time to build/scatter RHS        =       0.001953
 Time in solution step (fwd/bwd)  =       0.142978
  .. Time in forward (fwd) step   =          0.078309
  .. Time in ScaLAPACK root       =          0.003180
  .. Time in backward (bwd) step  =          0.061467
 Time to gather solution(cent.sol)=       0.000000
 Time to copy/scale dist. solution=       0.000478

 Elapsed time in solve driver=       0.2879
   17 KSP Residual norm 3.600970834338e-02

Entering DMUMPS 5.6.2 from C interface with JOB, N =   3     1237277
      executing #MPI =    128 and #OMP =      2



 ****** SOLVE & CHECK STEP ********

 GLOBAL STATISTICS PRIOR SOLVE PHASE ...........
 Number of right-hand-sides                    =           1
 Blocking factor for multiple rhs              =           1
 ICNTL (9)                                     =           1
  --- (10)                                     =           0
  --- (11)                                     =           0
  --- (20)                                     =          10
  --- (21)                                     =           1
  --- (30)                                     =           0
  --- (35)                                     =           0
 WARNING: original distributed matrix is not allocated
 ** Rank of processor needing largest memory in solve     :       127
 ** Space in MBYTES used by this processor for solve      :       769
 ** Avg. Space in MBYTES per working proc during solve    :       412

 Leaving solve with ...
 Time to build/scatter RHS        =       0.001878
 Time in solution step (fwd/bwd)  =       0.142121
  .. Time in forward (fwd) step   =          0.077860
  .. Time in ScaLAPACK root       =          0.003061
  .. Time in backward (bwd) step  =          0.061137
 Time to gather solution(cent.sol)=       0.000000
 Time to copy/scale dist. solution=       0.000634

 Elapsed time in solve driver=       0.2865
   18 KSP Residual norm 3.465505120523e-02

Entering DMUMPS 5.6.2 from C interface with JOB, N =   3     1237277
      executing #MPI =    128 and #OMP =      2



 ****** SOLVE & CHECK STEP ********

 GLOBAL STATISTICS PRIOR SOLVE PHASE ...........
 Number of right-hand-sides                    =           1
 Blocking factor for multiple rhs              =           1
 ICNTL (9)                                     =           1
  --- (10)                                     =           0
  --- (11)                                     =           0
  --- (20)                                     =          10
  --- (21)                                     =           1
  --- (30)                                     =           0
  --- (35)                                     =           0
 WARNING: original distributed matrix is not allocated
 ** Rank of processor needing largest memory in solve     :       127
 ** Space in MBYTES used by this processor for solve      :       769
 ** Avg. Space in MBYTES per working proc during solve    :       412

 Leaving solve with ...
 Time to build/scatter RHS        =       0.002005
 Time in solution step (fwd/bwd)  =       0.143000
  .. Time in forward (fwd) step   =          0.078430
  .. Time in ScaLAPACK root       =          0.002999
  .. Time in backward (bwd) step  =          0.061549
 Time to gather solution(cent.sol)=       0.000000
 Time to copy/scale dist. solution=       0.000498

 Elapsed time in solve driver=       0.2881
   19 KSP Residual norm 2.735531721043e-02

Entering DMUMPS 5.6.2 from C interface with JOB, N =   3     1237277
      executing #MPI =    128 and #OMP =      2



 ****** SOLVE & CHECK STEP ********

 GLOBAL STATISTICS PRIOR SOLVE PHASE ...........
 Number of right-hand-sides                    =           1
 Blocking factor for multiple rhs              =           1
 ICNTL (9)                                     =           1
  --- (10)                                     =           0
  --- (11)                                     =           0
  --- (20)                                     =          10
  --- (21)                                     =           1
  --- (30)                                     =           0
  --- (35)                                     =           0
 WARNING: original distributed matrix is not allocated
 ** Rank of processor needing largest memory in solve     :       127
 ** Space in MBYTES used by this processor for solve      :       769
 ** Avg. Space in MBYTES per working proc during solve    :       412

 Leaving solve with ...
 Time to build/scatter RHS        =       0.001935
 Time in solution step (fwd/bwd)  =       0.142960
  .. Time in forward (fwd) step   =          0.079005
  .. Time in ScaLAPACK root       =          0.003003
  .. Time in backward (bwd) step  =          0.060931
 Time to gather solution(cent.sol)=       0.000000
 Time to copy/scale dist. solution=       0.000497

 Elapsed time in solve driver=       0.2862
   20 KSP Residual norm 2.296079846155e-02

Entering DMUMPS 5.6.2 from C interface with JOB, N =   3     1237277
      executing #MPI =    128 and #OMP =      2



 ****** SOLVE & CHECK STEP ********

 GLOBAL STATISTICS PRIOR SOLVE PHASE ...........
 Number of right-hand-sides                    =           1
 Blocking factor for multiple rhs              =           1
 ICNTL (9)                                     =           1
  --- (10)                                     =           0
  --- (11)                                     =           0
  --- (20)                                     =          10
  --- (21)                                     =           1
  --- (30)                                     =           0
  --- (35)                                     =           0
 WARNING: original distributed matrix is not allocated
 ** Rank of processor needing largest memory in solve     :       127
 ** Space in MBYTES used by this processor for solve      :       769
 ** Avg. Space in MBYTES per working proc during solve    :       412

 Leaving solve with ...
 Time to build/scatter RHS        =       0.001994
 Time in solution step (fwd/bwd)  =       0.141075
  .. Time in forward (fwd) step   =          0.077002
  .. Time in ScaLAPACK root       =          0.003053
  .. Time in backward (bwd) step  =          0.061000
 Time to gather solution(cent.sol)=       0.000000
 Time to copy/scale dist. solution=       0.000493

 Elapsed time in solve driver=       0.2855
   21 KSP Residual norm 1.598801082914e-02

Entering DMUMPS 5.6.2 from C interface with JOB, N =   3     1237277
      executing #MPI =    128 and #OMP =      2



 ****** SOLVE & CHECK STEP ********

 GLOBAL STATISTICS PRIOR SOLVE PHASE ...........
 Number of right-hand-sides                    =           1
 Blocking factor for multiple rhs              =           1
 ICNTL (9)                                     =           1
  --- (10)                                     =           0
  --- (11)                                     =           0
  --- (20)                                     =          10
  --- (21)                                     =           1
  --- (30)                                     =           0
  --- (35)                                     =           0
 WARNING: original distributed matrix is not allocated
 ** Rank of processor needing largest memory in solve     :       127
 ** Space in MBYTES used by this processor for solve      :       769
 ** Avg. Space in MBYTES per working proc during solve    :       412

 Leaving solve with ...
 Time to build/scatter RHS        =       0.001931
 Time in solution step (fwd/bwd)  =       0.142395
  .. Time in forward (fwd) step   =          0.078319
  .. Time in ScaLAPACK root       =          0.003014
  .. Time in backward (bwd) step  =          0.061030
 Time to gather solution(cent.sol)=       0.000000
 Time to copy/scale dist. solution=       0.000502

 Elapsed time in solve driver=       0.2853
   22 KSP Residual norm 1.160101934620e-02

Entering DMUMPS 5.6.2 from C interface with JOB, N =   3     1237277
      executing #MPI =    128 and #OMP =      2



 ****** SOLVE & CHECK STEP ********

 GLOBAL STATISTICS PRIOR SOLVE PHASE ...........
 Number of right-hand-sides                    =           1
 Blocking factor for multiple rhs              =           1
 ICNTL (9)                                     =           1
  --- (10)                                     =           0
  --- (11)                                     =           0
  --- (20)                                     =          10
  --- (21)                                     =           1
  --- (30)                                     =           0
  --- (35)                                     =           0
 WARNING: original distributed matrix is not allocated
 ** Rank of processor needing largest memory in solve     :       127
 ** Space in MBYTES used by this processor for solve      :       769
 ** Avg. Space in MBYTES per working proc during solve    :       412

 Leaving solve with ...
 Time to build/scatter RHS        =       0.002074
 Time in solution step (fwd/bwd)  =       0.143058
  .. Time in forward (fwd) step   =          0.078422
  .. Time in ScaLAPACK root       =          0.002980
  .. Time in backward (bwd) step  =          0.061626
 Time to gather solution(cent.sol)=       0.000000
 Time to copy/scale dist. solution=       0.000495

 Elapsed time in solve driver=       0.2855
   23 KSP Residual norm 7.554495846490e-03

Entering DMUMPS 5.6.2 from C interface with JOB, N =   3     1237277
      executing #MPI =    128 and #OMP =      2



 ****** SOLVE & CHECK STEP ********

 GLOBAL STATISTICS PRIOR SOLVE PHASE ...........
 Number of right-hand-sides                    =           1
 Blocking factor for multiple rhs              =           1
 ICNTL (9)                                     =           1
  --- (10)                                     =           0
  --- (11)                                     =           0
  --- (20)                                     =          10
  --- (21)                                     =           1
  --- (30)                                     =           0
  --- (35)                                     =           0
 WARNING: original distributed matrix is not allocated
 ** Rank of processor needing largest memory in solve     :       127
 ** Space in MBYTES used by this processor for solve      :       769
 ** Avg. Space in MBYTES per working proc during solve    :       412

 Leaving solve with ...
 Time to build/scatter RHS        =       0.001908
 Time in solution step (fwd/bwd)  =       0.143527
  .. Time in forward (fwd) step   =          0.077728
  .. Time in ScaLAPACK root       =          0.003053
  .. Time in backward (bwd) step  =          0.062722
 Time to gather solution(cent.sol)=       0.000000
 Time to copy/scale dist. solution=       0.000492

 Elapsed time in solve driver=       0.2869
   24 KSP Residual norm 5.320560760312e-03

Entering DMUMPS 5.6.2 from C interface with JOB, N =   3     1237277
      executing #MPI =    128 and #OMP =      2



 ****** SOLVE & CHECK STEP ********

 GLOBAL STATISTICS PRIOR SOLVE PHASE ...........
 Number of right-hand-sides                    =           1
 Blocking factor for multiple rhs              =           1
 ICNTL (9)                                     =           1
  --- (10)                                     =           0
  --- (11)                                     =           0
  --- (20)                                     =          10
  --- (21)                                     =           1
  --- (30)                                     =           0
  --- (35)                                     =           0
 WARNING: original distributed matrix is not allocated
 ** Rank of processor needing largest memory in solve     :       127
 ** Space in MBYTES used by this processor for solve      :       769
 ** Avg. Space in MBYTES per working proc during solve    :       412

 Leaving solve with ...
 Time to build/scatter RHS        =       0.002018
 Time in solution step (fwd/bwd)  =       0.145103
  .. Time in forward (fwd) step   =          0.078781
  .. Time in ScaLAPACK root       =          0.003042
  .. Time in backward (bwd) step  =          0.063258
 Time to gather solution(cent.sol)=       0.000000
 Time to copy/scale dist. solution=       0.000495

 Elapsed time in solve driver=       0.2889
   25 KSP Residual norm 4.304538984820e-03

Entering DMUMPS 5.6.2 from C interface with JOB, N =   3     1237277
      executing #MPI =    128 and #OMP =      2



 ****** SOLVE & CHECK STEP ********

 GLOBAL STATISTICS PRIOR SOLVE PHASE ...........
 Number of right-hand-sides                    =           1
 Blocking factor for multiple rhs              =           1
 ICNTL (9)                                     =           1
  --- (10)                                     =           0
  --- (11)                                     =           0
  --- (20)                                     =          10
  --- (21)                                     =           1
  --- (30)                                     =           0
  --- (35)                                     =           0
 WARNING: original distributed matrix is not allocated
 ** Rank of processor needing largest memory in solve     :       127
 ** Space in MBYTES used by this processor for solve      :       769
 ** Avg. Space in MBYTES per working proc during solve    :       412

 Leaving solve with ...
 Time to build/scatter RHS        =       0.002013
 Time in solution step (fwd/bwd)  =       0.141082
  .. Time in forward (fwd) step   =          0.077481
  .. Time in ScaLAPACK root       =          0.003053
  .. Time in backward (bwd) step  =          0.060528
 Time to gather solution(cent.sol)=       0.000000
 Time to copy/scale dist. solution=       0.000510

 Elapsed time in solve driver=       0.2863
   26 KSP Residual norm 3.386293554279e-03

Entering DMUMPS 5.6.2 from C interface with JOB, N =   3     1237277
      executing #MPI =    128 and #OMP =      2



 ****** SOLVE & CHECK STEP ********

 GLOBAL STATISTICS PRIOR SOLVE PHASE ...........
 Number of right-hand-sides                    =           1
 Blocking factor for multiple rhs              =           1
 ICNTL (9)                                     =           1
  --- (10)                                     =           0
  --- (11)                                     =           0
  --- (20)                                     =          10
  --- (21)                                     =           1
  --- (30)                                     =           0
  --- (35)                                     =           0
 WARNING: original distributed matrix is not allocated
 ** Rank of processor needing largest memory in solve     :       127
 ** Space in MBYTES used by this processor for solve      :       769
 ** Avg. Space in MBYTES per working proc during solve    :       412

 Leaving solve with ...
 Time to build/scatter RHS        =       0.001984
 Time in solution step (fwd/bwd)  =       0.144384
  .. Time in forward (fwd) step   =          0.077799
  .. Time in ScaLAPACK root       =          0.003037
  .. Time in backward (bwd) step  =          0.063525
 Time to gather solution(cent.sol)=       0.000000
 Time to copy/scale dist. solution=       0.000516

 Elapsed time in solve driver=       0.2893
   27 KSP Residual norm 2.186296646943e-03

Entering DMUMPS 5.6.2 from C interface with JOB, N =   3     1237277
      executing #MPI =    128 and #OMP =      2



 ****** SOLVE & CHECK STEP ********

 GLOBAL STATISTICS PRIOR SOLVE PHASE ...........
 Number of right-hand-sides                    =           1
 Blocking factor for multiple rhs              =           1
 ICNTL (9)                                     =           1
  --- (10)                                     =           0
  --- (11)                                     =           0
  --- (20)                                     =          10
  --- (21)                                     =           1
  --- (30)                                     =           0
  --- (35)                                     =           0
 WARNING: original distributed matrix is not allocated
 ** Rank of processor needing largest memory in solve     :       127
 ** Space in MBYTES used by this processor for solve      :       769
 ** Avg. Space in MBYTES per working proc during solve    :       412

 Leaving solve with ...
 Time to build/scatter RHS        =       0.001904
 Time in solution step (fwd/bwd)  =       0.141748
  .. Time in forward (fwd) step   =          0.078149
  .. Time in ScaLAPACK root       =          0.003066
  .. Time in backward (bwd) step  =          0.060513
 Time to gather solution(cent.sol)=       0.000000
 Time to copy/scale dist. solution=       0.000499

 Elapsed time in solve driver=       0.2907
   28 KSP Residual norm 1.255626853427e-03

Entering DMUMPS 5.6.2 from C interface with JOB, N =   3     1237277
      executing #MPI =    128 and #OMP =      2



 ****** SOLVE & CHECK STEP ********

 GLOBAL STATISTICS PRIOR SOLVE PHASE ...........
 Number of right-hand-sides                    =           1
 Blocking factor for multiple rhs              =           1
 ICNTL (9)                                     =           1
  --- (10)                                     =           0
  --- (11)                                     =           0
  --- (20)                                     =          10
  --- (21)                                     =           1
  --- (30)                                     =           0
  --- (35)                                     =           0
 WARNING: original distributed matrix is not allocated
 ** Rank of processor needing largest memory in solve     :       127
 ** Space in MBYTES used by this processor for solve      :       769
 ** Avg. Space in MBYTES per working proc during solve    :       412

 Leaving solve with ...
 Time to build/scatter RHS        =       0.002026
 Time in solution step (fwd/bwd)  =       0.142200
  .. Time in forward (fwd) step   =          0.078200
  .. Time in ScaLAPACK root       =          0.002995
  .. Time in backward (bwd) step  =          0.060972
 Time to gather solution(cent.sol)=       0.000000
 Time to copy/scale dist. solution=       0.000508

 Elapsed time in solve driver=       0.2889
   29 KSP Residual norm 6.905232480456e-04

Entering DMUMPS 5.6.2 from C interface with JOB, N =   3     1237277
      executing #MPI =    128 and #OMP =      2



 ****** SOLVE & CHECK STEP ********

 GLOBAL STATISTICS PRIOR SOLVE PHASE ...........
 Number of right-hand-sides                    =           1
 Blocking factor for multiple rhs              =           1
 ICNTL (9)                                     =           1
  --- (10)                                     =           0
  --- (11)                                     =           0
  --- (20)                                     =          10
  --- (21)                                     =           1
  --- (30)                                     =           0
  --- (35)                                     =           0
 WARNING: original distributed matrix is not allocated
 ** Rank of processor needing largest memory in solve     :       127
 ** Space in MBYTES used by this processor for solve      :       769
 ** Avg. Space in MBYTES per working proc during solve    :       412

 Leaving solve with ...
 Time to build/scatter RHS        =       0.001981
 Time in solution step (fwd/bwd)  =       0.142474
  .. Time in forward (fwd) step   =          0.079078
  .. Time in ScaLAPACK root       =          0.003051
  .. Time in backward (bwd) step  =          0.060320
 Time to gather solution(cent.sol)=       0.000000
 Time to copy/scale dist. solution=       0.000508

 Elapsed time in solve driver=       0.2889
   30 KSP Residual norm 4.695606250597e-04

Entering DMUMPS 5.6.2 from C interface with JOB, N =   3     1237277
      executing #MPI =    128 and #OMP =      2



 ****** SOLVE & CHECK STEP ********

 GLOBAL STATISTICS PRIOR SOLVE PHASE ...........
 Number of right-hand-sides                    =           1
 Blocking factor for multiple rhs              =           1
 ICNTL (9)                                     =           1
  --- (10)                                     =           0
  --- (11)                                     =           0
  --- (20)                                     =          10
  --- (21)                                     =           1
  --- (30)                                     =           0
  --- (35)                                     =           0
 WARNING: original distributed matrix is not allocated
 ** Rank of processor needing largest memory in solve     :       127
 ** Space in MBYTES used by this processor for solve      :       769
 ** Avg. Space in MBYTES per working proc during solve    :       412

 Leaving solve with ...
 Time to build/scatter RHS        =       0.001989
 Time in solution step (fwd/bwd)  =       0.144345
  .. Time in forward (fwd) step   =          0.078067
  .. Time in ScaLAPACK root       =          0.003048
  .. Time in backward (bwd) step  =          0.063209
 Time to gather solution(cent.sol)=       0.000000
 Time to copy/scale dist. solution=       0.000491

 Elapsed time in solve driver=       0.2908
   31 KSP Residual norm 3.501515734977e-04

Entering DMUMPS 5.6.2 from C interface with JOB, N =   3     1237277
      executing #MPI =    128 and #OMP =      2



 ****** SOLVE & CHECK STEP ********

 GLOBAL STATISTICS PRIOR SOLVE PHASE ...........
 Number of right-hand-sides                    =           1
 Blocking factor for multiple rhs              =           1
 ICNTL (9)                                     =           1
  --- (10)                                     =           0
  --- (11)                                     =           0
  --- (20)                                     =          10
  --- (21)                                     =           1
  --- (30)                                     =           0
  --- (35)                                     =           0
 WARNING: original distributed matrix is not allocated
 ** Rank of processor needing largest memory in solve     :       127
 ** Space in MBYTES used by this processor for solve      :       769
 ** Avg. Space in MBYTES per working proc during solve    :       412

 Leaving solve with ...
 Time to build/scatter RHS        =       0.104717
 Time in solution step (fwd/bwd)  =       0.143513
  .. Time in forward (fwd) step   =          0.078794
  .. Time in ScaLAPACK root       =          0.003090
  .. Time in backward (bwd) step  =          0.061607
 Time to gather solution(cent.sol)=       0.000000
 Time to copy/scale dist. solution=       0.000505

 Elapsed time in solve driver=       0.3924
   32 KSP Residual norm 2.498334656028e-04

Entering DMUMPS 5.6.2 from C interface with JOB, N =   3     1237277
      executing #MPI =    128 and #OMP =      2



 ****** SOLVE & CHECK STEP ********

 GLOBAL STATISTICS PRIOR SOLVE PHASE ...........
 Number of right-hand-sides                    =           1
 Blocking factor for multiple rhs              =           1
 ICNTL (9)                                     =           1
  --- (10)                                     =           0
  --- (11)                                     =           0
  --- (20)                                     =          10
  --- (21)                                     =           1
  --- (30)                                     =           0
  --- (35)                                     =           0
 WARNING: original distributed matrix is not allocated
 ** Rank of processor needing largest memory in solve     :       127
 ** Space in MBYTES used by this processor for solve      :       769
 ** Avg. Space in MBYTES per working proc during solve    :       412

 Leaving solve with ...
 Time to build/scatter RHS        =       0.062738
 Time in solution step (fwd/bwd)  =       0.237986
  .. Time in forward (fwd) step   =          0.167075
  .. Time in ScaLAPACK root       =          0.009402
  .. Time in backward (bwd) step  =          0.061479
 Time to gather solution(cent.sol)=       0.000000
 Time to copy/scale dist. solution=       0.000504

 Elapsed time in solve driver=       0.4439
   33 KSP Residual norm 1.534058389010e-04

Entering DMUMPS 5.6.2 from C interface with JOB, N =   3     1237277
      executing #MPI =    128 and #OMP =      2



 ****** SOLVE & CHECK STEP ********

 GLOBAL STATISTICS PRIOR SOLVE PHASE ...........
 Number of right-hand-sides                    =           1
 Blocking factor for multiple rhs              =           1
 ICNTL (9)                                     =           1
  --- (10)                                     =           0
  --- (11)                                     =           0
  --- (20)                                     =          10
  --- (21)                                     =           1
  --- (30)                                     =           0
  --- (35)                                     =           0
 WARNING: original distributed matrix is not allocated
 ** Rank of processor needing largest memory in solve     :       127
 ** Space in MBYTES used by this processor for solve      :       769
 ** Avg. Space in MBYTES per working proc during solve    :       412

 Leaving solve with ...
 Time to build/scatter RHS        =       0.017700
 Time in solution step (fwd/bwd)  =       0.142859
  .. Time in forward (fwd) step   =          0.078192
  .. Time in ScaLAPACK root       =          0.003035
  .. Time in backward (bwd) step  =          0.061610
 Time to gather solution(cent.sol)=       0.000000
 Time to copy/scale dist. solution=       0.000502

 Elapsed time in solve driver=       0.3076
   34 KSP Residual norm 1.047070148439e-04

Entering DMUMPS 5.6.2 from C interface with JOB, N =   3     1237277
      executing #MPI =    128 and #OMP =      2



 ****** SOLVE & CHECK STEP ********

 GLOBAL STATISTICS PRIOR SOLVE PHASE ...........
 Number of right-hand-sides                    =           1
 Blocking factor for multiple rhs              =           1
 ICNTL (9)                                     =           1
  --- (10)                                     =           0
  --- (11)                                     =           0
  --- (20)                                     =          10
  --- (21)                                     =           1
  --- (30)                                     =           0
  --- (35)                                     =           0
 WARNING: original distributed matrix is not allocated
 ** Rank of processor needing largest memory in solve     :       127
 ** Space in MBYTES used by this processor for solve      :       769
 ** Avg. Space in MBYTES per working proc during solve    :       412

 Leaving solve with ...
 Time to build/scatter RHS        =       0.002038
 Time in solution step (fwd/bwd)  =       0.142476
  .. Time in forward (fwd) step   =          0.077261
  .. Time in ScaLAPACK root       =          0.003044
  .. Time in backward (bwd) step  =          0.062150
 Time to gather solution(cent.sol)=       0.000000
 Time to copy/scale dist. solution=       0.000504

 Elapsed time in solve driver=       0.2897
   35 KSP Residual norm 7.185726328147e-05

Entering DMUMPS 5.6.2 from C interface with JOB, N =   3     1237277
      executing #MPI =    128 and #OMP =      2



 ****** SOLVE & CHECK STEP ********

 GLOBAL STATISTICS PRIOR SOLVE PHASE ...........
 Number of right-hand-sides                    =           1
 Blocking factor for multiple rhs              =           1
 ICNTL (9)                                     =           1
  --- (10)                                     =           0
  --- (11)                                     =           0
  --- (20)                                     =          10
  --- (21)                                     =           1
  --- (30)                                     =           0
  --- (35)                                     =           0
 WARNING: original distributed matrix is not allocated
 ** Rank of processor needing largest memory in solve     :       127
 ** Space in MBYTES used by this processor for solve      :       769
 ** Avg. Space in MBYTES per working proc during solve    :       412

 Leaving solve with ...
 Time to build/scatter RHS        =       0.001975
 Time in solution step (fwd/bwd)  =       0.137801
  .. Time in forward (fwd) step   =          0.076945
  .. Time in ScaLAPACK root       =          0.003057
  .. Time in backward (bwd) step  =          0.057770
 Time to gather solution(cent.sol)=       0.000000
 Time to copy/scale dist. solution=       0.000499

 Elapsed time in solve driver=       0.2769
   36 KSP Residual norm 5.195983541517e-05

Entering DMUMPS 5.6.2 from C interface with JOB, N =   3     1237277
      executing #MPI =    128 and #OMP =      2



 ****** SOLVE & CHECK STEP ********

 GLOBAL STATISTICS PRIOR SOLVE PHASE ...........
 Number of right-hand-sides                    =           1
 Blocking factor for multiple rhs              =           1
 ICNTL (9)                                     =           1
  --- (10)                                     =           0
  --- (11)                                     =           0
  --- (20)                                     =          10
  --- (21)                                     =           1
  --- (30)                                     =           0
  --- (35)                                     =           0
 WARNING: original distributed matrix is not allocated
 ** Rank of processor needing largest memory in solve     :       127
 ** Space in MBYTES used by this processor for solve      :       769
 ** Avg. Space in MBYTES per working proc during solve    :       412

 Leaving solve with ...
 Time to build/scatter RHS        =       0.002041
 Time in solution step (fwd/bwd)  =       0.144051
  .. Time in forward (fwd) step   =          0.079558
  .. Time in ScaLAPACK root       =          0.003046
  .. Time in backward (bwd) step  =          0.061421
 Time to gather solution(cent.sol)=       0.000000
 Time to copy/scale dist. solution=       0.000490

 Elapsed time in solve driver=       0.2927
   37 KSP Residual norm 3.901133337405e-05

Entering DMUMPS 5.6.2 from C interface with JOB, N =   3     1237277
      executing #MPI =    128 and #OMP =      2



 ****** SOLVE & CHECK STEP ********

 GLOBAL STATISTICS PRIOR SOLVE PHASE ...........
 Number of right-hand-sides                    =           1
 Blocking factor for multiple rhs              =           1
 ICNTL (9)                                     =           1
  --- (10)                                     =           0
  --- (11)                                     =           0
  --- (20)                                     =          10
  --- (21)                                     =           1
  --- (30)                                     =           0
  --- (35)                                     =           0
 WARNING: original distributed matrix is not allocated
 ** Rank of processor needing largest memory in solve     :       127
 ** Space in MBYTES used by this processor for solve      :       769
 ** Avg. Space in MBYTES per working proc during solve    :       412

 Leaving solve with ...
 Time to build/scatter RHS        =       0.001965
 Time in solution step (fwd/bwd)  =       0.142614
  .. Time in forward (fwd) step   =          0.078353
  .. Time in ScaLAPACK root       =          0.003011
  .. Time in backward (bwd) step  =          0.061232
 Time to gather solution(cent.sol)=       0.000000
 Time to copy/scale dist. solution=       0.000493

 Elapsed time in solve driver=       0.2866
   38 KSP Residual norm 2.960075867809e-05

Entering DMUMPS 5.6.2 from C interface with JOB, N =   3     1237277
      executing #MPI =    128 and #OMP =      2



 ****** SOLVE & CHECK STEP ********

 GLOBAL STATISTICS PRIOR SOLVE PHASE ...........
 Number of right-hand-sides                    =           1
 Blocking factor for multiple rhs              =           1
 ICNTL (9)                                     =           1
  --- (10)                                     =           0
  --- (11)                                     =           0
  --- (20)                                     =          10
  --- (21)                                     =           1
  --- (30)                                     =           0
  --- (35)                                     =           0
 WARNING: original distributed matrix is not allocated
 ** Rank of processor needing largest memory in solve     :       127
 ** Space in MBYTES used by this processor for solve      :       769
 ** Avg. Space in MBYTES per working proc during solve    :       412

 Leaving solve with ...
 Time to build/scatter RHS        =       0.001938
 Time in solution step (fwd/bwd)  =       0.142292
  .. Time in forward (fwd) step   =          0.077157
  .. Time in ScaLAPACK root       =          0.003069
  .. Time in backward (bwd) step  =          0.062047
 Time to gather solution(cent.sol)=       0.000000
 Time to copy/scale dist. solution=       0.000501

 Elapsed time in solve driver=       0.2859
   39 KSP Residual norm 2.428147658558e-05

Entering DMUMPS 5.6.2 from C interface with JOB, N =   3     1237277
      executing #MPI =    128 and #OMP =      2



 ****** SOLVE & CHECK STEP ********

 GLOBAL STATISTICS PRIOR SOLVE PHASE ...........
 Number of right-hand-sides                    =           1
 Blocking factor for multiple rhs              =           1
 ICNTL (9)                                     =           1
  --- (10)                                     =           0
  --- (11)                                     =           0
  --- (20)                                     =          10
  --- (21)                                     =           1
  --- (30)                                     =           0
  --- (35)                                     =           0
 WARNING: original distributed matrix is not allocated
 ** Rank of processor needing largest memory in solve     :       127
 ** Space in MBYTES used by this processor for solve      :       769
 ** Avg. Space in MBYTES per working proc during solve    :       412

 Leaving solve with ...
 Time to build/scatter RHS        =       0.001934
 Time in solution step (fwd/bwd)  =       0.142794
  .. Time in forward (fwd) step   =          0.078614
  .. Time in ScaLAPACK root       =          0.003028
  .. Time in backward (bwd) step  =          0.061130
 Time to gather solution(cent.sol)=       0.000000
 Time to copy/scale dist. solution=       0.000500

 Elapsed time in solve driver=       0.2888
   40 KSP Residual norm 2.022915191838e-05

Entering DMUMPS 5.6.2 from C interface with JOB, N =   3     1237277
      executing #MPI =    128 and #OMP =      2



 ****** SOLVE & CHECK STEP ********

 GLOBAL STATISTICS PRIOR SOLVE PHASE ...........
 Number of right-hand-sides                    =           1
 Blocking factor for multiple rhs              =           1
 ICNTL (9)                                     =           1
  --- (10)                                     =           0
  --- (11)                                     =           0
  --- (20)                                     =          10
  --- (21)                                     =           1
  --- (30)                                     =           0
  --- (35)                                     =           0
 WARNING: original distributed matrix is not allocated
 ** Rank of processor needing largest memory in solve     :       127
 ** Space in MBYTES used by this processor for solve      :       769
 ** Avg. Space in MBYTES per working proc during solve    :       412

 Leaving solve with ...
 Time to build/scatter RHS        =       0.052245
 Time in solution step (fwd/bwd)  =       0.142462
  .. Time in forward (fwd) step   =          0.078334
  .. Time in ScaLAPACK root       =          0.003037
  .. Time in backward (bwd) step  =          0.061066
 Time to gather solution(cent.sol)=       0.000000
 Time to copy/scale dist. solution=       0.000500

 Elapsed time in solve driver=       0.3442
   41 KSP Residual norm 1.541522596431e-05

Entering DMUMPS 5.6.2 from C interface with JOB, N =   3     1237277
      executing #MPI =    128 and #OMP =      2



 ****** SOLVE & CHECK STEP ********

 GLOBAL STATISTICS PRIOR SOLVE PHASE ...........
 Number of right-hand-sides                    =           1
 Blocking factor for multiple rhs              =           1
 ICNTL (9)                                     =           1
  --- (10)                                     =           0
  --- (11)                                     =           0
  --- (20)                                     =          10
  --- (21)                                     =           1
  --- (30)                                     =           0
  --- (35)                                     =           0
 WARNING: original distributed matrix is not allocated
 ** Rank of processor needing largest memory in solve     :       127
 ** Space in MBYTES used by this processor for solve      :       769
 ** Avg. Space in MBYTES per working proc during solve    :       412

 Leaving solve with ...
 Time to build/scatter RHS        =       0.002229
 Time in solution step (fwd/bwd)  =       0.140354
  .. Time in forward (fwd) step   =          0.077504
  .. Time in ScaLAPACK root       =          0.003091
  .. Time in backward (bwd) step  =          0.059736
 Time to gather solution(cent.sol)=       0.000000
 Time to copy/scale dist. solution=       0.000487

 Elapsed time in solve driver=       0.2851
   42 KSP Residual norm 1.136449851448e-05

Entering DMUMPS 5.6.2 from C interface with JOB, N =   3     1237277
      executing #MPI =    128 and #OMP =      2



 ****** SOLVE & CHECK STEP ********

 GLOBAL STATISTICS PRIOR SOLVE PHASE ...........
 Number of right-hand-sides                    =           1
 Blocking factor for multiple rhs              =           1
 ICNTL (9)                                     =           1
  --- (10)                                     =           0
  --- (11)                                     =           0
  --- (20)                                     =          10
  --- (21)                                     =           1
  --- (30)                                     =           0
  --- (35)                                     =           0
 WARNING: original distributed matrix is not allocated
 ** Rank of processor needing largest memory in solve     :       127
 ** Space in MBYTES used by this processor for solve      :       769
 ** Avg. Space in MBYTES per working proc during solve    :       412

 Leaving solve with ...
 Time to build/scatter RHS        =       0.055907
 Time in solution step (fwd/bwd)  =       0.140997
  .. Time in forward (fwd) step   =          0.077854
  .. Time in ScaLAPACK root       =          0.003042
  .. Time in backward (bwd) step  =          0.060068
 Time to gather solution(cent.sol)=       0.000000
 Time to copy/scale dist. solution=       0.000499

 Elapsed time in solve driver=       0.3417
   43 KSP Residual norm 9.360278926360e-06

Entering DMUMPS 5.6.2 from C interface with JOB, N =   3     1237277
      executing #MPI =    128 and #OMP =      2



 ****** SOLVE & CHECK STEP ********

 GLOBAL STATISTICS PRIOR SOLVE PHASE ...........
 Number of right-hand-sides                    =           1
 Blocking factor for multiple rhs              =           1
 ICNTL (9)                                     =           1
  --- (10)                                     =           0
  --- (11)                                     =           0
  --- (20)                                     =          10
  --- (21)                                     =           1
  --- (30)                                     =           0
  --- (35)                                     =           0
 WARNING: original distributed matrix is not allocated
 ** Rank of processor needing largest memory in solve     :       127
 ** Space in MBYTES used by this processor for solve      :       769
 ** Avg. Space in MBYTES per working proc during solve    :       412

 Leaving solve with ...
 Time to build/scatter RHS        =       0.032717
 Time in solution step (fwd/bwd)  =       0.144638
  .. Time in forward (fwd) step   =          0.079380
  .. Time in ScaLAPACK root       =          0.003178
  .. Time in backward (bwd) step  =          0.062037
 Time to gather solution(cent.sol)=       0.000000
 Time to copy/scale dist. solution=       0.000510

 Elapsed time in solve driver=       0.3211
   44 KSP Residual norm 7.674967421342e-06

Entering DMUMPS 5.6.2 from C interface with JOB, N =   3     1237277
      executing #MPI =    128 and #OMP =      2



 ****** SOLVE & CHECK STEP ********

 GLOBAL STATISTICS PRIOR SOLVE PHASE ...........
 Number of right-hand-sides                    =           1
 Blocking factor for multiple rhs              =           1
 ICNTL (9)                                     =           1
  --- (10)                                     =           0
  --- (11)                                     =           0
  --- (20)                                     =          10
  --- (21)                                     =           1
  --- (30)                                     =           0
  --- (35)                                     =           0
 WARNING: original distributed matrix is not allocated
 ** Rank of processor needing largest memory in solve     :       127
 ** Space in MBYTES used by this processor for solve      :       769
 ** Avg. Space in MBYTES per working proc during solve    :       412

 Leaving solve with ...
 Time to build/scatter RHS        =       0.004862
 Time in solution step (fwd/bwd)  =       0.144024
  .. Time in forward (fwd) step   =          0.079331
  .. Time in ScaLAPACK root       =          0.003097
  .. Time in backward (bwd) step  =          0.061574
 Time to gather solution(cent.sol)=       0.000000
 Time to copy/scale dist. solution=       0.000511

 Elapsed time in solve driver=       0.3277
   45 KSP Residual norm 5.955512033079e-06

Entering DMUMPS 5.6.2 from C interface with JOB, N =   3     1237277
      executing #MPI =    128 and #OMP =      2



 ****** SOLVE & CHECK STEP ********

 GLOBAL STATISTICS PRIOR SOLVE PHASE ...........
 Number of right-hand-sides                    =           1
 Blocking factor for multiple rhs              =           1
 ICNTL (9)                                     =           1
  --- (10)                                     =           0
  --- (11)                                     =           0
  --- (20)                                     =          10
  --- (21)                                     =           1
  --- (30)                                     =           0
  --- (35)                                     =           0
 WARNING: original distributed matrix is not allocated
 ** Rank of processor needing largest memory in solve     :       127
 ** Space in MBYTES used by this processor for solve      :       769
 ** Avg. Space in MBYTES per working proc during solve    :       412

 Leaving solve with ...
 Time to build/scatter RHS        =       0.016314
 Time in solution step (fwd/bwd)  =       0.141526
  .. Time in forward (fwd) step   =          0.077315
  .. Time in ScaLAPACK root       =          0.003086
  .. Time in backward (bwd) step  =          0.061102
 Time to gather solution(cent.sol)=       0.000000
 Time to copy/scale dist. solution=       0.000503

 Elapsed time in solve driver=       0.3012
   46 KSP Residual norm 4.294334094586e-06

Entering DMUMPS 5.6.2 from C interface with JOB, N =   3     1237277
      executing #MPI =    128 and #OMP =      2



 ****** SOLVE & CHECK STEP ********

 GLOBAL STATISTICS PRIOR SOLVE PHASE ...........
 Number of right-hand-sides                    =           1
 Blocking factor for multiple rhs              =           1
 ICNTL (9)                                     =           1
  --- (10)                                     =           0
  --- (11)                                     =           0
  --- (20)                                     =          10
  --- (21)                                     =           1
  --- (30)                                     =           0
  --- (35)                                     =           0
 WARNING: original distributed matrix is not allocated
 ** Rank of processor needing largest memory in solve     :       127
 ** Space in MBYTES used by this processor for solve      :       769
 ** Avg. Space in MBYTES per working proc during solve    :       412

 Leaving solve with ...
 Time to build/scatter RHS        =       0.005942
 Time in solution step (fwd/bwd)  =       0.141702
  .. Time in forward (fwd) step   =          0.077688
  .. Time in ScaLAPACK root       =          0.003064
  .. Time in backward (bwd) step  =          0.060925
 Time to gather solution(cent.sol)=       0.000000
 Time to copy/scale dist. solution=       0.000505

 Elapsed time in solve driver=       0.2914
   47 KSP Residual norm 3.237178733152e-06

Entering DMUMPS 5.6.2 from C interface with JOB, N =   3     1237277
      executing #MPI =    128 and #OMP =      2



 ****** SOLVE & CHECK STEP ********

 GLOBAL STATISTICS PRIOR SOLVE PHASE ...........
 Number of right-hand-sides                    =           1
 Blocking factor for multiple rhs              =           1
 ICNTL (9)                                     =           1
  --- (10)                                     =           0
  --- (11)                                     =           0
  --- (20)                                     =          10
  --- (21)                                     =           1
  --- (30)                                     =           0
  --- (35)                                     =           0
 WARNING: original distributed matrix is not allocated
 ** Rank of processor needing largest memory in solve     :       127
 ** Space in MBYTES used by this processor for solve      :       769
 ** Avg. Space in MBYTES per working proc during solve    :       412

 Leaving solve with ...
 Time to build/scatter RHS        =       0.004205
 Time in solution step (fwd/bwd)  =       0.142181
  .. Time in forward (fwd) step   =          0.077661
  .. Time in ScaLAPACK root       =          0.003105
  .. Time in backward (bwd) step  =          0.061393
 Time to gather solution(cent.sol)=       0.000000
 Time to copy/scale dist. solution=       0.000497

 Elapsed time in solve driver=       0.2891
   48 KSP Residual norm 2.638406679408e-06

Entering DMUMPS 5.6.2 from C interface with JOB, N =   3     1237277
      executing #MPI =    128 and #OMP =      2



 ****** SOLVE & CHECK STEP ********

 GLOBAL STATISTICS PRIOR SOLVE PHASE ...........
 Number of right-hand-sides                    =           1
 Blocking factor for multiple rhs              =           1
 ICNTL (9)                                     =           1
  --- (10)                                     =           0
  --- (11)                                     =           0
  --- (20)                                     =          10
  --- (21)                                     =           1
  --- (30)                                     =           0
  --- (35)                                     =           0
 WARNING: original distributed matrix is not allocated
 ** Rank of processor needing largest memory in solve     :       127
 ** Space in MBYTES used by this processor for solve      :       769
 ** Avg. Space in MBYTES per working proc during solve    :       412

 Leaving solve with ...
 Time to build/scatter RHS        =       0.006421
 Time in solution step (fwd/bwd)  =       0.139512
  .. Time in forward (fwd) step   =          0.078865
  .. Time in ScaLAPACK root       =          0.003029
  .. Time in backward (bwd) step  =          0.057595
 Time to gather solution(cent.sol)=       0.000000
 Time to copy/scale dist. solution=       0.000500

 Elapsed time in solve driver=       0.2873
   49 KSP Residual norm 2.082693806493e-06

Entering DMUMPS 5.6.2 from C interface with JOB, N =   3     1237277
      executing #MPI =    128 and #OMP =      2



 ****** SOLVE & CHECK STEP ********

 GLOBAL STATISTICS PRIOR SOLVE PHASE ...........
 Number of right-hand-sides                    =           1
 Blocking factor for multiple rhs              =           1
 ICNTL (9)                                     =           1
  --- (10)                                     =           0
  --- (11)                                     =           0
  --- (20)                                     =          10
  --- (21)                                     =           1
  --- (30)                                     =           0
  --- (35)                                     =           0
 WARNING: original distributed matrix is not allocated
 ** Rank of processor needing largest memory in solve     :       127
 ** Space in MBYTES used by this processor for solve      :       769
 ** Avg. Space in MBYTES per working proc during solve    :       412

 Leaving solve with ...
 Time to build/scatter RHS        =       0.001948
 Time in solution step (fwd/bwd)  =       0.141367
  .. Time in forward (fwd) step   =          0.077833
  .. Time in ScaLAPACK root       =          0.003043
  .. Time in backward (bwd) step  =          0.060462
 Time to gather solution(cent.sol)=       0.000000
 Time to copy/scale dist. solution=       0.000491

 Elapsed time in solve driver=       0.2879
   50 KSP Residual norm 1.237476707855e-06

Entering DMUMPS 5.6.2 from C interface with JOB, N =   3     1237277
      executing #MPI =    128 and #OMP =      2



 ****** SOLVE & CHECK STEP ********

 GLOBAL STATISTICS PRIOR SOLVE PHASE ...........
 Number of right-hand-sides                    =           1
 Blocking factor for multiple rhs              =           1
 ICNTL (9)                                     =           1
  --- (10)                                     =           0
  --- (11)                                     =           0
  --- (20)                                     =          10
  --- (21)                                     =           1
  --- (30)                                     =           0
  --- (35)                                     =           0
 WARNING: original distributed matrix is not allocated
 ** Rank of processor needing largest memory in solve     :       127
 ** Space in MBYTES used by this processor for solve      :       769
 ** Avg. Space in MBYTES per working proc during solve    :       412

 Leaving solve with ...
 Time to build/scatter RHS        =       0.001955
 Time in solution step (fwd/bwd)  =       0.145657
  .. Time in forward (fwd) step   =          0.078695
  .. Time in ScaLAPACK root       =          0.003038
  .. Time in backward (bwd) step  =          0.063902
 Time to gather solution(cent.sol)=       0.000000
 Time to copy/scale dist. solution=       0.000502

 Elapsed time in solve driver=       0.2888
   51 KSP Residual norm 6.904967775689e-07

Entering DMUMPS 5.6.2 from C interface with JOB, N =   3     1237277
      executing #MPI =    128 and #OMP =      2



 ****** SOLVE & CHECK STEP ********

 GLOBAL STATISTICS PRIOR SOLVE PHASE ...........
 Number of right-hand-sides                    =           1
 Blocking factor for multiple rhs              =           1
 ICNTL (9)                                     =           1
  --- (10)                                     =           0
  --- (11)                                     =           0
  --- (20)                                     =          10
  --- (21)                                     =           1
  --- (30)                                     =           0
  --- (35)                                     =           0
 WARNING: original distributed matrix is not allocated
 ** Rank of processor needing largest memory in solve     :       127
 ** Space in MBYTES used by this processor for solve      :       769
 ** Avg. Space in MBYTES per working proc during solve    :       412

 Leaving solve with ...
 Time to build/scatter RHS        =       0.001990
 Time in solution step (fwd/bwd)  =       0.140597
  .. Time in forward (fwd) step   =          0.077297
  .. Time in ScaLAPACK root       =          0.003016
  .. Time in backward (bwd) step  =          0.060261
 Time to gather solution(cent.sol)=       0.000000
 Time to copy/scale dist. solution=       0.000482

 Elapsed time in solve driver=       0.2837
   52 KSP Residual norm 3.954130226704e-07

Entering DMUMPS 5.6.2 from C interface with JOB, N =   3     1237277
      executing #MPI =    128 and #OMP =      2



 ****** SOLVE & CHECK STEP ********

 GLOBAL STATISTICS PRIOR SOLVE PHASE ...........
 Number of right-hand-sides                    =           1
 Blocking factor for multiple rhs              =           1
 ICNTL (9)                                     =           1
  --- (10)                                     =           0
  --- (11)                                     =           0
  --- (20)                                     =          10
  --- (21)                                     =           1
  --- (30)                                     =           0
  --- (35)                                     =           0
 WARNING: original distributed matrix is not allocated
 ** Rank of processor needing largest memory in solve     :       127
 ** Space in MBYTES used by this processor for solve      :       769
 ** Avg. Space in MBYTES per working proc during solve    :       412

 Leaving solve with ...
 Time to build/scatter RHS        =       0.002183
 Time in solution step (fwd/bwd)  =       0.143955
  .. Time in forward (fwd) step   =          0.078246
  .. Time in ScaLAPACK root       =          0.003062
  .. Time in backward (bwd) step  =          0.062624
 Time to gather solution(cent.sol)=       0.000000
 Time to copy/scale dist. solution=       0.000484

 Elapsed time in solve driver=       0.2944
   53 KSP Residual norm 2.487073846151e-07

Entering DMUMPS 5.6.2 from C interface with JOB, N =   3     1237277
      executing #MPI =    128 and #OMP =      2



 ****** SOLVE & CHECK STEP ********

 GLOBAL STATISTICS PRIOR SOLVE PHASE ...........
 Number of right-hand-sides                    =           1
 Blocking factor for multiple rhs              =           1
 ICNTL (9)                                     =           1
  --- (10)                                     =           0
  --- (11)                                     =           0
  --- (20)                                     =          10
  --- (21)                                     =           1
  --- (30)                                     =           0
  --- (35)                                     =           0
 WARNING: original distributed matrix is not allocated
 ** Rank of processor needing largest memory in solve     :       127
 ** Space in MBYTES used by this processor for solve      :       769
 ** Avg. Space in MBYTES per working proc during solve    :       412

 Leaving solve with ...
 Time to build/scatter RHS        =       0.001890
 Time in solution step (fwd/bwd)  =       0.143954
  .. Time in forward (fwd) step   =          0.078745
  .. Time in ScaLAPACK root       =          0.002985
  .. Time in backward (bwd) step  =          0.062202
 Time to gather solution(cent.sol)=       0.000000
 Time to copy/scale dist. solution=       0.000501

 Elapsed time in solve driver=       0.2882
   54 KSP Residual norm 1.804034739707e-07

Entering DMUMPS 5.6.2 from C interface with JOB, N =   3     1237277
      executing #MPI =    128 and #OMP =      2



 ****** SOLVE & CHECK STEP ********

 GLOBAL STATISTICS PRIOR SOLVE PHASE ...........
 Number of right-hand-sides                    =           1
 Blocking factor for multiple rhs              =           1
 ICNTL (9)                                     =           1
  --- (10)                                     =           0
  --- (11)                                     =           0
  --- (20)                                     =          10
  --- (21)                                     =           1
  --- (30)                                     =           0
  --- (35)                                     =           0
 WARNING: original distributed matrix is not allocated
 ** Rank of processor needing largest memory in solve     :       127
 ** Space in MBYTES used by this processor for solve      :       769
 ** Avg. Space in MBYTES per working proc during solve    :       412

 Leaving solve with ...
 Time to build/scatter RHS        =       0.002043
 Time in solution step (fwd/bwd)  =       0.142645
  .. Time in forward (fwd) step   =          0.078473
  .. Time in ScaLAPACK root       =          0.003024
  .. Time in backward (bwd) step  =          0.061127
 Time to gather solution(cent.sol)=       0.000000
 Time to copy/scale dist. solution=       0.000501

 Elapsed time in solve driver=       0.2849
   55 KSP Residual norm 1.303631582827e-07

Entering DMUMPS 5.6.2 from C interface with JOB, N =   3     1237277
      executing #MPI =    128 and #OMP =      2



 ****** SOLVE & CHECK STEP ********

 GLOBAL STATISTICS PRIOR SOLVE PHASE ...........
 Number of right-hand-sides                    =           1
 Blocking factor for multiple rhs              =           1
 ICNTL (9)                                     =           1
  --- (10)                                     =           0
  --- (11)                                     =           0
  --- (20)                                     =          10
  --- (21)                                     =           1
  --- (30)                                     =           0
  --- (35)                                     =           0
 WARNING: original distributed matrix is not allocated
 ** Rank of processor needing largest memory in solve     :       127
 ** Space in MBYTES used by this processor for solve      :       769
 ** Avg. Space in MBYTES per working proc during solve    :       412

 Leaving solve with ...
 Time to build/scatter RHS        =       0.002004
 Time in solution step (fwd/bwd)  =       0.143728
  .. Time in forward (fwd) step   =          0.077729
  .. Time in ScaLAPACK root       =          0.003043
  .. Time in backward (bwd) step  =          0.062933
 Time to gather solution(cent.sol)=       0.000000
 Time to copy/scale dist. solution=       0.000503

 Elapsed time in solve driver=       0.2896
   56 KSP Residual norm 8.981451191327e-08

Entering DMUMPS 5.6.2 from C interface with JOB, N =   3     1237277
      executing #MPI =    128 and #OMP =      2



 ****** SOLVE & CHECK STEP ********

 GLOBAL STATISTICS PRIOR SOLVE PHASE ...........
 Number of right-hand-sides                    =           1
 Blocking factor for multiple rhs              =           1
 ICNTL (9)                                     =           1
  --- (10)                                     =           0
  --- (11)                                     =           0
  --- (20)                                     =          10
  --- (21)                                     =           1
  --- (30)                                     =           0
  --- (35)                                     =           0
 WARNING: original distributed matrix is not allocated
 ** Rank of processor needing largest memory in solve     :       127
 ** Space in MBYTES used by this processor for solve      :       769
 ** Avg. Space in MBYTES per working proc during solve    :       412

 Leaving solve with ...
 Time to build/scatter RHS        =       0.001964
 Time in solution step (fwd/bwd)  =       0.141748
  .. Time in forward (fwd) step   =          0.077355
  .. Time in ScaLAPACK root       =          0.003033
  .. Time in backward (bwd) step  =          0.061329
 Time to gather solution(cent.sol)=       0.000000
 Time to copy/scale dist. solution=       0.000512

 Elapsed time in solve driver=       0.2860
   57 KSP Residual norm 6.501109483597e-08

Entering DMUMPS 5.6.2 from C interface with JOB, N =   3     1237277
      executing #MPI =    128 and #OMP =      2



 ****** SOLVE & CHECK STEP ********

 GLOBAL STATISTICS PRIOR SOLVE PHASE ...........
 Number of right-hand-sides                    =           1
 Blocking factor for multiple rhs              =           1
 ICNTL (9)                                     =           1
  --- (10)                                     =           0
  --- (11)                                     =           0
  --- (20)                                     =          10
  --- (21)                                     =           1
  --- (30)                                     =           0
  --- (35)                                     =           0
 WARNING: original distributed matrix is not allocated
 ** Rank of processor needing largest memory in solve     :       127
 ** Space in MBYTES used by this processor for solve      :       769
 ** Avg. Space in MBYTES per working proc during solve    :       412

 Leaving solve with ...
 Time to build/scatter RHS        =       0.001950
 Time in solution step (fwd/bwd)  =       0.142556
  .. Time in forward (fwd) step   =          0.078275
  .. Time in ScaLAPACK root       =          0.002993
  .. Time in backward (bwd) step  =          0.061268
 Time to gather solution(cent.sol)=       0.000000
 Time to copy/scale dist. solution=       0.000494

 Elapsed time in solve driver=       0.2860
   58 KSP Residual norm 4.870039372226e-08

Entering DMUMPS 5.6.2 from C interface with JOB, N =   3     1237277
      executing #MPI =    128 and #OMP =      2



 ****** SOLVE & CHECK STEP ********

 GLOBAL STATISTICS PRIOR SOLVE PHASE ...........
 Number of right-hand-sides                    =           1
 Blocking factor for multiple rhs              =           1
 ICNTL (9)                                     =           1
  --- (10)                                     =           0
  --- (11)                                     =           0
  --- (20)                                     =          10
  --- (21)                                     =           1
  --- (30)                                     =           0
  --- (35)                                     =           0
 WARNING: original distributed matrix is not allocated
 ** Rank of processor needing largest memory in solve     :       127
 ** Space in MBYTES used by this processor for solve      :       769
 ** Avg. Space in MBYTES per working proc during solve    :       412

 Leaving solve with ...
 Time to build/scatter RHS        =       0.002032
 Time in solution step (fwd/bwd)  =       0.141536
  .. Time in forward (fwd) step   =          0.078156
  .. Time in ScaLAPACK root       =          0.003038
  .. Time in backward (bwd) step  =          0.060323
 Time to gather solution(cent.sol)=       0.000000
 Time to copy/scale dist. solution=       0.000495

 Elapsed time in solve driver=       0.2860
   59 KSP Residual norm 3.717102603032e-08

Entering DMUMPS 5.6.2 from C interface with JOB, N =   3     1237277
      executing #MPI =    128 and #OMP =      2



 ****** SOLVE & CHECK STEP ********

 GLOBAL STATISTICS PRIOR SOLVE PHASE ...........
 Number of right-hand-sides                    =           1
 Blocking factor for multiple rhs              =           1
 ICNTL (9)                                     =           1
  --- (10)                                     =           0
  --- (11)                                     =           0
  --- (20)                                     =          10
  --- (21)                                     =           1
  --- (30)                                     =           0
  --- (35)                                     =           0
 WARNING: original distributed matrix is not allocated
 ** Rank of processor needing largest memory in solve     :       127
 ** Space in MBYTES used by this processor for solve      :       769
 ** Avg. Space in MBYTES per working proc during solve    :       412

 Leaving solve with ...
 Time to build/scatter RHS        =       0.001968
 Time in solution step (fwd/bwd)  =       0.142527
  .. Time in forward (fwd) step   =          0.077774
  .. Time in ScaLAPACK root       =          0.003039
  .. Time in backward (bwd) step  =          0.061690
 Time to gather solution(cent.sol)=       0.000000
 Time to copy/scale dist. solution=       0.000498

 Elapsed time in solve driver=       0.2850
   60 KSP Residual norm 2.828042808989e-08

Entering DMUMPS 5.6.2 from C interface with JOB, N =   3     1237277
      executing #MPI =    128 and #OMP =      2



 ****** SOLVE & CHECK STEP ********

 GLOBAL STATISTICS PRIOR SOLVE PHASE ...........
 Number of right-hand-sides                    =           1
 Blocking factor for multiple rhs              =           1
 ICNTL (9)                                     =           1
  --- (10)                                     =           0
  --- (11)                                     =           0
  --- (20)                                     =          10
  --- (21)                                     =           1
  --- (30)                                     =           0
  --- (35)                                     =           0
 WARNING: original distributed matrix is not allocated
 ** Rank of processor needing largest memory in solve     :       127
 ** Space in MBYTES used by this processor for solve      :       769
 ** Avg. Space in MBYTES per working proc during solve    :       412

 Leaving solve with ...
 Time to build/scatter RHS        =       0.001956
 Time in solution step (fwd/bwd)  =       0.143792
  .. Time in forward (fwd) step   =          0.077796
  .. Time in ScaLAPACK root       =          0.003024
  .. Time in backward (bwd) step  =          0.062945
 Time to gather solution(cent.sol)=       0.000000
 Time to copy/scale dist. solution=       0.000496

 Elapsed time in solve driver=       0.2858
   61 KSP Residual norm 1.972218578611e-08
KSP Object: 128 MPI processes
  type: gmres
    restart=2000, using Classical (unmodified) Gram-Schmidt Orthogonalization with no iterative refinement
    happy breakdown tolerance 1e-30
  maximum iterations=10000, initial guess is zero
  tolerances: relative=1e-07, absolute=1e-50, divergence=10000.
  left preconditioning
  using PRECONDITIONED norm type for convergence test
PC Object: 128 MPI processes
  type: lu
    out-of-place factorization
    tolerance for zero pivot 2.22045e-14
    matrix ordering: external
    factor fill ratio given 0., needed 0.
      Factored matrix follows:
        Mat Object: 128 MPI processes
          type: mumps
          rows=1237277, cols=1237277
          package used to perform factorization: mumps
          total: nonzeros=-1144967296, allocated nonzeros=-1144967296
            MUMPS run parameters:
              Use -ksp_view ::ascii_info_detail to display information for all processes
              RINFOG(1) (global estimated flops for the elimination after analysis): 8.34708e+12
              RINFOG(2) (global estimated flops for the assembly after factorization): 1.1557e+10
              RINFOG(3) (global estimated flops for the elimination after factorization): 8.34709e+12
              (RINFOG(12) RINFOG(13))*2^INFOG(34) (determinant): (0.,0.)*(2^0)
              INFOG(3) (estimated real workspace for factors on all processors after analysis): -3171
              INFOG(4) (estimated integer workspace for factors on all processors after analysis): 22860888
              INFOG(5) (estimated maximum front size in the complete tree): 6575
              INFOG(6) (number of nodes in the complete tree): 15683
              INFOG(7) (ordering option effectively used after analysis): 3
              INFOG(8) (structural symmetry in percent of the permuted matrix after analysis): -1
              INFOG(9) (total real/complex workspace to store the matrix factors after factorization): -3150
              INFOG(10) (total integer space store the matrix factors after factorization): 21703447
              INFOG(11) (order of largest frontal matrix after factorization): 6575
              INFOG(12) (number of off-diagonal pivots): 383
              INFOG(13) (number of delayed pivots after factorization): 36
              INFOG(14) (number of memory compress after factorization): 289
              INFOG(15) (number of steps of iterative refinement after solution): 0
              INFOG(16) (estimated size (in MB) of all MUMPS internal data for factorization after analysis: value on the most memory consuming processor): 910
              INFOG(17) (estimated size of all MUMPS internal data for factorization after analysis: sum over all processors): 70456
              INFOG(18) (size of all MUMPS internal data allocated during factorization: value on the most memory consuming processor): 910
              INFOG(19) (size of all MUMPS internal data allocated during factorization: sum over all processors): 70456
              INFOG(20) (estimated number of entries in the factors): -3150
              INFOG(21) (size in MB of memory effectively used during factorization - value on the most memory consuming processor): 723
              INFOG(22) (size in MB of memory effectively used during factorization - sum over all processors): 57152
              INFOG(23) (after analysis: value of ICNTL(6) effectively used): 0
              INFOG(24) (after analysis: value of ICNTL(12) effectively used): 1
              INFOG(25) (after factorization: number of pivots modified by static pivoting): 0
              INFOG(28) (after factorization: number of null pivots encountered): 0
              INFOG(29) (after factorization: effective number of entries in the factors (sum over all processors)): -3150
              INFOG(30, 31) (after solution: size in Mbytes of memory used during solution phase): 769, 52853
              INFOG(32) (after analysis: type of analysis done): 1
              INFOG(33) (value used for ICNTL(8)): 7
              INFOG(34) (exponent of the determinant if determinant is requested): 0
              INFOG(35) (after factorization: number of entries taking into account BLR factor compression - sum over all processors): -3150
              INFOG(36) (after analysis: estimated size of all MUMPS internal data for running BLR in-core - value on the most memory consuming processor): 0
              INFOG(37) (after analysis: estimated size of all MUMPS internal data for running BLR in-core - sum over all processors): 0
              INFOG(38) (after analysis: estimated size of all MUMPS internal data for running BLR out-of-core - value on the most memory consuming processor): 0
              INFOG(39) (after analysis: estimated size of all MUMPS internal data for running BLR out-of-core - sum over all processors): 0
  linear system matrix followed by preconditioner matrix:
  Mat Object: 128 MPI processes
    type: mpiaij
    rows=1237277, cols=1237277
    total: nonzeros=49824155, allocated nonzeros=175740734
    total number of mallocs used during MatSetValues calls=0
      not using I-node (on process 0) routines
  Mat Object: 128 MPI processes
    type: mpiaij
    rows=1237277, cols=1237277
    total: nonzeros=33192601, allocated nonzeros=175740734
    total number of mallocs used during MatSetValues calls=0
      not using I-node (on process 0) routines
 evaluateResidual called.
 Beginning preallocation for whichMatrix =            3
 Running populateMatrix with whichMatrix =            3
 Time to pre-assemble residual f1 matrix:   0.36504586199998812       seconds.
 Time to assemble residual f1 matrix:   0.21272367399978975       seconds.
 # of nonzeros in residual f1 matrix:    49824155 , allocated:   175740734 , mallocs:           0  (should be 0)
--------- Completed iteration    1 of SNES -----------------------------------
--------- Residual function norm:  4.9211846E-07 -----------------------------
 Linear iteration (KSP) converged.  KSPConvergedReason =            2
   KSP_CONVERGED_RTOL: Norm decreased by rtol.
 Computing diagnostics.
 Initializing f0
    FSADensityPerturbation:     1.7166688835407626E-016
    FSABFlow:                 -0.98136576651281404
    max and min Mach #:        -5.7658288161941372E-002  -6.2521146401444391E-002
    FSAPressurePerturbation:    2.2639967396537461E-016
    NTV:                        0.0000000000000000
    particleFlux_vm0_psiHat     6.8539523811653831E-019
    particleFlux_vm_psiHat      4.6760605384568640E-006
    classicalParticleFlux       0.0000000000000000
    classicalHeatFlux           3.8601958500430325E-006
    momentumFlux_vm0_psiHat     0.0000000000000000
    momentumFlux_vm_psiHat      1.6474788451933942E-007
    heatFlux_vm0_psiHat         6.8763855193778212E-019
    heatFlux_vm_psiHat          2.3228222720123799E-005
    particle source             2.1005760433422057E-007
    heat source                -3.3773689308296806E-005
 FSABjHat (bootstrap current):  -0.98136576651281404
 Saving diagnostics to h5 file for iteration            1
 Done with the main solve.  Time to solve:    77.121988172999863       seconds.

Entering DMUMPS 5.6.2 from C interface with JOB =  -2
      executing #MPI =    128 and #OMP =      2
 Goodbye!
