Commence .bash_profile.ext
 ****************************************************************************
 SFINCS: Stellarator Fokker-Plank Iterative Neoclassical Conservative Solver
 Version 3
 Using double precision.
 Parallel job ( 128 processes) detected.
 Successfully read parameters from general namelist in input.namelist.
 Successfully read parameters from geometryParameters namelist in input.namelist.
 Successfully read parameters from speciesParameters namelist in input.namelist.
 Successfully read parameters from physicsParameters namelist in input.namelist.
 Successfully read parameters from resolutionParameters namelist in input.namelist.
 Successfully read parameters from otherNumericalParameters namelist in input.namelist.
 Successfully read parameters from preconditionerOptions namelist in input.namelist.
 Successfully read parameters from export_f namelist in input.namelist.
 mumps detected
 superlu_dist not detected
 ---- Physics parameters: ----
 Number of particle species =            1
 Delta (rho* at reference parameters)          =    4.5694000000000004E-003
 alpha (e Phi / T at reference parameters)     =    1.0000000000000000
 nu_n (collisionality at reference parameters) =    8.3300000000000006E-003
 Linear run
 ---- Numerical parameters: ----
 Ntheta             =           25
 Nzeta              =           81
 Nxi                =          140
 NL                 =            4
 Nx                 =            7
 solverTolerance    =    9.9999999999999995E-008
 Theta derivative: centered finite differences, 5-point stencil
 Zeta derivative: centered finite differences, 5-point stencil
 For solving large linear systems, an iterative Krylov solver will be used.
 Processor    0 owns theta indices   1 to  25 and zeta indices   1 to   1
 Processor    1 owns theta indices   1 to  25 and zeta indices   2 to   2
 Processor    2 owns theta indices   1 to  25 and zeta indices   3 to   3
 Processor    3 owns theta indices   1 to  25 and zeta indices   4 to   4
 Processor    4 owns theta indices   1 to  25 and zeta indices   5 to   5
 Processor    5 owns theta indices   1 to  25 and zeta indices   6 to   6
 Processor    6 owns theta indices   1 to  25 and zeta indices   7 to   7
 Processor    7 owns theta indices   1 to  25 and zeta indices   8 to   8
 Processor    8 owns theta indices   1 to  25 and zeta indices   9 to   9
 Processor    9 owns theta indices   1 to  25 and zeta indices  10 to  10
 Processor   10 owns theta indices   1 to  25 and zeta indices  11 to  11
 Processor   11 owns theta indices   1 to  25 and zeta indices  12 to  12
 Processor   12 owns theta indices   1 to  25 and zeta indices  13 to  13
 Processor   13 owns theta indices   1 to  25 and zeta indices  14 to  14
 Processor   14 owns theta indices   1 to  25 and zeta indices  15 to  15
 Processor   15 owns theta indices   1 to  25 and zeta indices  16 to  16
 Processor   16 owns theta indices   1 to  25 and zeta indices  17 to  17
 Processor   17 owns theta indices   1 to  25 and zeta indices  18 to  18
 Processor   18 owns theta indices   1 to  25 and zeta indices  19 to  19
 Processor   19 owns theta indices   1 to  25 and zeta indices  20 to  20
 Processor   20 owns theta indices   1 to  25 and zeta indices  21 to  21
 Processor   21 owns theta indices   1 to  25 and zeta indices  22 to  22
 Processor   22 owns theta indices   1 to  25 and zeta indices  23 to  23
 Processor   23 owns theta indices   1 to  25 and zeta indices  24 to  24
 Processor   24 owns theta indices   1 to  25 and zeta indices  25 to  25
 Processor   25 owns theta indices   1 to  25 and zeta indices  26 to  26
 Processor   26 owns theta indices   1 to  25 and zeta indices  27 to  27
 Processor   27 owns theta indices   1 to  25 and zeta indices  28 to  28
 Processor   28 owns theta indices   1 to  25 and zeta indices  29 to  29
 Processor   29 owns theta indices   1 to  25 and zeta indices  30 to  30
 Processor   30 owns theta indices   1 to  25 and zeta indices  31 to  31
 Processor   31 owns theta indices   1 to  25 and zeta indices  32 to  32
 Processor   32 owns theta indices   1 to  25 and zeta indices  33 to  33
 Processor   33 owns theta indices   1 to  25 and zeta indices  34 to  34
 Processor   34 owns theta indices   1 to  25 and zeta indices  35 to  35
 Processor   35 owns theta indices   1 to  25 and zeta indices  36 to  36
 Processor   36 owns theta indices   1 to  25 and zeta indices  37 to  37
 Processor   37 owns theta indices   1 to  25 and zeta indices  38 to  38
 Processor   38 owns theta indices   1 to  25 and zeta indices  39 to  39
 Processor   39 owns theta indices   1 to  25 and zeta indices  40 to  40
 Processor   40 owns theta indices   1 to  25 and zeta indices  41 to  41
 Processor   41 owns theta indices   1 to  25 and zeta indices  42 to  42
 Processor   42 owns theta indices   1 to  25 and zeta indices  43 to  43
 Processor   43 owns theta indices   1 to  25 and zeta indices  44 to  44
 Processor   44 owns theta indices   1 to  25 and zeta indices  45 to  45
 Processor   45 owns theta indices   1 to  25 and zeta indices  46 to  46
 Processor   46 owns theta indices   1 to  25 and zeta indices  47 to  47
 Processor   47 owns theta indices   1 to  25 and zeta indices  48 to  48
 Processor   48 owns theta indices   1 to  25 and zeta indices  49 to  49
 Processor   49 owns theta indices   1 to  25 and zeta indices  50 to  50
 Processor   50 owns theta indices   1 to  25 and zeta indices  51 to  51
 Processor   51 owns theta indices   1 to  25 and zeta indices  52 to  52
 Processor   52 owns theta indices   1 to  25 and zeta indices  53 to  53
 Processor   53 owns theta indices   1 to  25 and zeta indices  54 to  54
 Processor   54 owns theta indices   1 to  25 and zeta indices  55 to  55
 Processor   55 owns theta indices   1 to  25 and zeta indices  56 to  56
 Processor   56 owns theta indices   1 to  25 and zeta indices  57 to  57
 Processor   57 owns theta indices   1 to  25 and zeta indices  58 to  58
 Processor   58 owns theta indices   1 to  25 and zeta indices  59 to  59
 Processor   59 owns theta indices   1 to  25 and zeta indices  60 to  60
 Processor   60 owns theta indices   1 to  25 and zeta indices  61 to  61
 Processor   61 owns theta indices   1 to  25 and zeta indices  62 to  62
 Processor   62 owns theta indices   1 to  25 and zeta indices  63 to  63
 Processor   63 owns theta indices   1 to  25 and zeta indices  64 to  64
 Processor   64 owns theta indices   1 to  25 and zeta indices  65 to  65
 Processor   65 owns theta indices   1 to  25 and zeta indices  66 to  66
 Processor   66 owns theta indices   1 to  25 and zeta indices  67 to  67
 Processor   67 owns theta indices   1 to  25 and zeta indices  68 to  68
 Processor   68 owns theta indices   1 to  25 and zeta indices  69 to  69
 Processor   69 owns theta indices   1 to  25 and zeta indices  70 to  70
 Processor   70 owns theta indices   1 to  25 and zeta indices  71 to  71
 Processor   71 owns theta indices   1 to  25 and zeta indices  72 to  72
 Processor   72 owns theta indices   1 to  25 and zeta indices  73 to  73
 Processor   73 owns theta indices   1 to  25 and zeta indices  74 to  74
 Processor   74 owns theta indices   1 to  25 and zeta indices  75 to  75
 Processor   75 owns theta indices   1 to  25 and zeta indices  76 to  76
 Processor   76 owns theta indices   1 to  25 and zeta indices  77 to  77
 Processor   77 owns theta indices   1 to  25 and zeta indices  78 to  78
 Processor   78 owns theta indices   1 to  25 and zeta indices  79 to  79
 Processor   79 owns theta indices   1 to  25 and zeta indices  80 to  80
 Processor   80 owns theta indices   1 to  25 and zeta indices  81 to  81
 Processor   81 owns theta indices   1 to  25 and zeta indices  82 to  81
 Processor   82 owns theta indices   1 to  25 and zeta indices  82 to  81
 Processor   83 owns theta indices   1 to  25 and zeta indices  82 to  81
 Processor   84 owns theta indices   1 to  25 and zeta indices  82 to  81
 Processor   85 owns theta indices   1 to  25 and zeta indices  82 to  81
 Processor   86 owns theta indices   1 to  25 and zeta indices  82 to  81
 Processor   87 owns theta indices   1 to  25 and zeta indices  82 to  81
 Processor   88 owns theta indices   1 to  25 and zeta indices  82 to  81
 Processor   89 owns theta indices   1 to  25 and zeta indices  82 to  81
 Processor   90 owns theta indices   1 to  25 and zeta indices  82 to  81
 Processor   91 owns theta indices   1 to  25 and zeta indices  82 to  81
 Processor   92 owns theta indices   1 to  25 and zeta indices  82 to  81
 Processor   93 owns theta indices   1 to  25 and zeta indices  82 to  81
 Processor   94 owns theta indices   1 to  25 and zeta indices  82 to  81
 Processor   95 owns theta indices   1 to  25 and zeta indices  82 to  81
 Processor   96 owns theta indices   1 to  25 and zeta indices  82 to  81
 Processor   97 owns theta indices   1 to  25 and zeta indices  82 to  81
 Processor   98 owns theta indices   1 to  25 and zeta indices  82 to  81
 Processor   99 owns theta indices   1 to  25 and zeta indices  82 to  81
 Processor  100 owns theta indices   1 to  25 and zeta indices  82 to  81
 Processor  101 owns theta indices   1 to  25 and zeta indices  82 to  81
 Processor  102 owns theta indices   1 to  25 and zeta indices  82 to  81
 Processor  103 owns theta indices   1 to  25 and zeta indices  82 to  81
 Processor  104 owns theta indices   1 to  25 and zeta indices  82 to  81
 Processor  105 owns theta indices   1 to  25 and zeta indices  82 to  81
 Processor  106 owns theta indices   1 to  25 and zeta indices  82 to  81
 Processor  107 owns theta indices   1 to  25 and zeta indices  82 to  81
 Processor  108 owns theta indices   1 to  25 and zeta indices  82 to  81
 Processor  109 owns theta indices   1 to  25 and zeta indices  82 to  81
 Processor  110 owns theta indices   1 to  25 and zeta indices  82 to  81
 Processor  111 owns theta indices   1 to  25 and zeta indices  82 to  81
 Processor  112 owns theta indices   1 to  25 and zeta indices  82 to  81
 Processor  113 owns theta indices   1 to  25 and zeta indices  82 to  81
 Processor  114 owns theta indices   1 to  25 and zeta indices  82 to  81
 Processor  115 owns theta indices   1 to  25 and zeta indices  82 to  81
 Processor  116 owns theta indices   1 to  25 and zeta indices  82 to  81
 Processor  117 owns theta indices   1 to  25 and zeta indices  82 to  81
 Processor  118 owns theta indices   1 to  25 and zeta indices  82 to  81
 Processor  119 owns theta indices   1 to  25 and zeta indices  82 to  81
 Processor  120 owns theta indices   1 to  25 and zeta indices  82 to  81
 Processor  121 owns theta indices   1 to  25 and zeta indices  82 to  81
 Processor  122 owns theta indices   1 to  25 and zeta indices  82 to  81
 Processor  123 owns theta indices   1 to  25 and zeta indices  82 to  81
 Processor  124 owns theta indices   1 to  25 and zeta indices  82 to  81
 Processor  125 owns theta indices   1 to  25 and zeta indices  82 to  81
 Processor  126 owns theta indices   1 to  25 and zeta indices  82 to  81
 Processor  127 owns theta indices   1 to  25 and zeta indices  82 to  81
 Nxi_for_x_option:           1
 x:   6.3716484606701013E-002  0.31819201888861848       0.72419898925837300        1.2380355992150891        1.8385282202709461        2.5314881513276766        3.3734564301245800
 Nxi for each x:          18          34          59          91         129         140         140
 min_x_for_L:           1           1           1           1           1           1           1           1           1           1           1           1           1           1           1           1           1           1           2           2           2           2           2           2           2           2           2           2           2           2           2           2           2           2           3           3           3           3           3           3           3           3           3           3           3           3           3           3           3           3           3           3           3           3           3           3           3           3           3           4           4           4           4           4           4           4           4           4           4           4           4           4           4           4           4           4           4           4           4           4           4           4           4           4           4           4           4           4           4           4           4           5           5           5           5           5           5           5           5           5           5           5           5           5           5           5           5           5           5           5           5           5           5           5           5           5           5           5           5           5           5           5           5           5           5           5           5           5           5           6           6           6           6           6           6           6           6           6           6           6
 The matrix is      1237277 x     1237277  elements.
 Selecting the flux surface to use based on rN_wish =   0.50000000000000000
 Reading VMEC geometry from file /pscratch/sd/l/landrema/20251212-01-sfincs_for_yancc_benchmarks//wout_NCSX.nc
 Using radial index  33 of 128 from vmec's half mesh.
 Including  213 of  221 stellarator-symmetric modes from the VMEC file.
 Equilibrium is stellarator-symmetric.
 Successfully read VMEC geometry file /pscratch/sd/l/landrema/20251212-01-sfincs_for_yancc_benchmarks//wout_NCSX.nc
 ---- Geometry parameters: ----
 Geometry scheme =            5
 psiAHat (Normalized toroidal flux at the last closed flux surface) =    7.9111180348606772E-002
 aHat (Radius of the last closed flux surface in units of RHat) =   0.32263403817640657
 GHat (Boozer component multiplying grad zeta) =    2.3203011774859217
 IHat (Boozer component multiplying grad theta) =    3.3412089914728804E-003
 iota (Rotational transform) =   0.46825939689977847
 ---- Geometry parameters: ----
 Geometry scheme =            5
 psiAHat (Normalized toroidal flux at the last closed flux surface) =    7.9111180348606772E-002
 aHat (Radius of the last closed flux surface in units of RHat) =   0.32263403817640657
 GHat (Boozer component multiplying grad zeta) =    2.3203011774859217
 IHat (Boozer component multiplying grad theta) =    3.3412089914728804E-003
 iota (Rotational transform) =   0.46825939689977847
 ------------------------------------------------------
 Done creating grids.
 Requested/actual flux surface for this calculation, in various radial coordinates:
   psiHat =    1.9777795087151693E-002 /   1.9622064417174120E-002
   psiN   =   0.25000000000000000      /  0.24803149606299213
   rHat   =   0.16131701908820328      /  0.16068065755800051
   rN     =   0.50000000000000000      /  0.49802760572381138
 Selecting the input gradients of n & T from the specified ddrHat values.
 Selecting the input gradient of Phi from the specified Er.
 Entering main solver loop.
 Initializing f0
 Beginning preallocation for whichMatrix =            1
 Beginning preallocation for whichMatrix =            0
 Since this is a linear run, we will only take a single step, and not iterate Newton's method.
 Solver package which will be used: mumps
 ------------------------------------------------------
 Finished initialization.
 Beginning the main solve.  This could take a while ...
 evaluateResidual called.
 State vector is 0 so I will skip building the first matrix when evaluating the residual.
--------- Residual function norm:  3.8414786E-01 -----------------------------
 evaluateJacobian called.
 Running populateMatrix with whichMatrix =            0
 Time to pre-assemble Jacobian preconditioner matrix:   0.34565753600008975       seconds.
 Time to assemble Jacobian preconditioner matrix:   0.16511829299997771       seconds.
 # of nonzeros in Jacobian preconditioner matrix:    33192601 , allocated:   175740734 , mallocs:           0  (should be 0)
 Running populateMatrix with whichMatrix =            1
 Time to pre-assemble Jacobian matrix:   0.35281958799987478       seconds.
 Time to assemble Jacobian matrix:   0.22487425600002098       seconds.
 # of nonzeros in Jacobian matrix:    49824155 , allocated:   175740734 , mallocs:           0  (should be 0)

Entering DMUMPS 5.6.2 from C interface with JOB, N =   1     1237277
      executing #MPI =    128 and #OMP =      2

 =================================================
 MUMPS compiled with option -Dmetis
 MUMPS compiled with option -Dparmetis
 MUMPS compiled with option -Dpord
 MUMPS compiled with option -Dptscotch
 MUMPS compiled with option -Dscotch
 =================================================
L U Solver for unsymmetric matrices
Type of parallelism: Working host

 ****** ANALYSIS STEP ********

 ** Maximum transversal (ICNTL(6)) not allowed because matrix is distributed
 Processing a graph of size:   1237277 with      31969492 edges
 Ordering based on SCOTCH
 ELAPSED TIME SPENT IN SCOTCH reordering =     39.9400
 A root of estimated size         2027  has been selected for Scalapack.

Leaving analysis phase with  ...
 INFOG(1)                                       =               0
 INFOG(2)                                       =               0
 -- (20) Number of entries in factors (estim.)  =      3123634693
 --  (3) Real space for factors    (estimated)  =      3150621583
 --  (4) Integer space for factors (estimated)  =        23493785
 --  (5) Maximum frontal size      (estimated)  =            6150
 --  (6) Number of nodes in the tree            =           15740
 -- (32) Type of analysis effectively used      =               1
 --  (7) Ordering option effectively used       =               3
 ICNTL (6) Maximum transversal option           =               0
 ICNTL (7) Pivot order option                   =               3
 ICNTL(13) Parallelism/splitting of root node   =               0
 ICNTL(14) Percentage of memory relaxation      =              50
 ICNTL(15) Analysis by block effectively used   =               0
 ICNTL(18) Distributed input matrix (on if >0)  =               3
 ICNTL(58) Symbolic factorization option        =               2
 Number of level 2 nodes                        =             529
 Number of split nodes                          =             342
 RINFOG(1) Operations during elimination (estim)= 8.193D+12
 Distributed matrix entry format (ICNTL(18))    =               3

 MEMORY ESTIMATIONS ...
 Estimations with standard Full-Rank (FR) factorization:
    Maximum estim. space in Mbytes, IC facto.    (INFOG(16)):         903
    Total space in MBytes, IC factorization      (INFOG(17)):       69448
    Maximum estim. space in Mbytes, OOC facto.   (INFOG(26)):         439
    Total space in MBytes,  OOC factorization    (INFOG(27)):       47128

 Elapsed time in analysis driver=      41.0014

Entering DMUMPS 5.6.2 from C interface with JOB, N =   2     1237277
      executing #MPI =    128 and #OMP =      2



****** FACTORIZATION STEP ********

 GLOBAL STATISTICS PRIOR NUMERICAL FACTORIZATION ...
 Number of working processes                =             128
 ICNTL(22) Out-of-core option               =               0
 ICNTL(35) BLR activation (eff. choice)     =               0
 ICNTL(37) BLR CB compression (eff. choice) =               0
 ICNTL(49) Compact workarray S (end facto.) =               0
 ICNTL(14) Memory relaxation                =              50
 INFOG(3) Real space for factors (estimated)=      3150621583
 INFOG(4) Integer space for factors (estim.)=        23493785
 Maximum frontal size (estimated)           =            6150
 Number of nodes in the tree                =           15740
 ICNTL(23) Memory allowed (value on host)   =               0
           Sum over all procs               =               0
 Memory provided by user, sum of LWK_USER   =               0
 Effective threshold for pivoting, CNTL(1)  =      0.1000D-02
 Max difference from 1 after scaling the entries for ONE-NORM (option 7/8)   = 0.47D+01
 Average Effective size of S     (based on INFO(39))=             43382787

 Redistrib: total data local/sent           =         1475128       178896376

 Elapsed time to reformat/distribute matrix =      0.1674
 ** Memory allocated, max in Mbytes             (INFOG(18)):         903

 ** Memory allocated, total in Mbytes           (INFOG(19)):       69448
 ** Memory effectively used, max in  Mbytes     (INFOG(21)):         658
 ** Memory effectively used, total in Mbytes    (INFOG(22)):       57055

 Elapsed time to process root node                  =      0.0392

 Elapsed time for factorization                     =      9.9146

Leaving factorization with ...
 RINFOG (2) Operations in node assembly             = 1.221D+10
 ------ (3) Operations in node elimination          = 8.193D+12
 ICNTL  (8) Scaling effectively used                =               7
 INFOG  (9) Real space for factors                  =      3123634693
 INFOG (10) Integer space for factors               =        22049631
 INFOG (11) Maximum front size                      =            6150
 INFOG (29) Number of entries in factors            =      3123634693
 INFOG (12) Number of off diagonal pivots           =               4
 INFOG (13) Number of delayed pivots                =               0
 INFOG (14) Number of memory compress               =             302

 Elapsed time in factorization driver               =     10.5391

Entering DMUMPS 5.6.2 from C interface with JOB, N =   3     1237277
      executing #MPI =    128 and #OMP =      2



 ****** SOLVE & CHECK STEP ********

 GLOBAL STATISTICS PRIOR SOLVE PHASE ...........
 Number of right-hand-sides                    =           1
 Blocking factor for multiple rhs              =           1
 ICNTL (9)                                     =           1
  --- (10)                                     =           0
  --- (11)                                     =           0
  --- (20)                                     =          10
  --- (21)                                     =           1
  --- (30)                                     =           0
  --- (35)                                     =           0
 WARNING: original distributed matrix is not allocated
 ** Rank of processor needing largest memory in solve     :       127
 ** Space in MBYTES used by this processor for solve      :       762
 ** Avg. Space in MBYTES per working proc during solve    :       404

 Leaving solve with ...
 Time to build/scatter RHS        =       0.002782
 Time in solution step (fwd/bwd)  =       0.162402
  .. Time in forward (fwd) step   =          0.084442
  .. Time in ScaLAPACK root       =          0.002645
  .. Time in backward (bwd) step  =          0.075297
 Time to gather solution(cent.sol)=       0.000000
 Time to copy/scale dist. solution=       0.000583

 Elapsed time in solve driver=       0.3504
    0 KSP Residual norm 3.470879835642e-01

Entering DMUMPS 5.6.2 from C interface with JOB, N =   3     1237277
      executing #MPI =    128 and #OMP =      2



 ****** SOLVE & CHECK STEP ********

 GLOBAL STATISTICS PRIOR SOLVE PHASE ...........
 Number of right-hand-sides                    =           1
 Blocking factor for multiple rhs              =           1
 ICNTL (9)                                     =           1
  --- (10)                                     =           0
  --- (11)                                     =           0
  --- (20)                                     =          10
  --- (21)                                     =           1
  --- (30)                                     =           0
  --- (35)                                     =           0
 WARNING: original distributed matrix is not allocated
 ** Rank of processor needing largest memory in solve     :       127
 ** Space in MBYTES used by this processor for solve      :       762
 ** Avg. Space in MBYTES per working proc during solve    :       404

 Leaving solve with ...
 Time to build/scatter RHS        =       0.002125
 Time in solution step (fwd/bwd)  =       0.150778
  .. Time in forward (fwd) step   =          0.083669
  .. Time in ScaLAPACK root       =          0.001545
  .. Time in backward (bwd) step  =          0.065530
 Time to gather solution(cent.sol)=       0.000000
 Time to copy/scale dist. solution=       0.000523

 Elapsed time in solve driver=       0.3054
    1 KSP Residual norm 3.443213313472e-01

Entering DMUMPS 5.6.2 from C interface with JOB, N =   3     1237277
      executing #MPI =    128 and #OMP =      2



 ****** SOLVE & CHECK STEP ********

 GLOBAL STATISTICS PRIOR SOLVE PHASE ...........
 Number of right-hand-sides                    =           1
 Blocking factor for multiple rhs              =           1
 ICNTL (9)                                     =           1
  --- (10)                                     =           0
  --- (11)                                     =           0
  --- (20)                                     =          10
  --- (21)                                     =           1
  --- (30)                                     =           0
  --- (35)                                     =           0
 WARNING: original distributed matrix is not allocated
 ** Rank of processor needing largest memory in solve     :       127
 ** Space in MBYTES used by this processor for solve      :       762
 ** Avg. Space in MBYTES per working proc during solve    :       404

 Leaving solve with ...
 Time to build/scatter RHS        =       0.002090
 Time in solution step (fwd/bwd)  =       0.143672
  .. Time in forward (fwd) step   =          0.081404
  .. Time in ScaLAPACK root       =          0.001492
  .. Time in backward (bwd) step  =          0.060753
 Time to gather solution(cent.sol)=       0.000000
 Time to copy/scale dist. solution=       0.000498

 Elapsed time in solve driver=       0.2978
    2 KSP Residual norm 3.390841659809e-01

Entering DMUMPS 5.6.2 from C interface with JOB, N =   3     1237277
      executing #MPI =    128 and #OMP =      2



 ****** SOLVE & CHECK STEP ********

 GLOBAL STATISTICS PRIOR SOLVE PHASE ...........
 Number of right-hand-sides                    =           1
 Blocking factor for multiple rhs              =           1
 ICNTL (9)                                     =           1
  --- (10)                                     =           0
  --- (11)                                     =           0
  --- (20)                                     =          10
  --- (21)                                     =           1
  --- (30)                                     =           0
  --- (35)                                     =           0
 WARNING: original distributed matrix is not allocated
 ** Rank of processor needing largest memory in solve     :       127
 ** Space in MBYTES used by this processor for solve      :       762
 ** Avg. Space in MBYTES per working proc during solve    :       404

 Leaving solve with ...
 Time to build/scatter RHS        =       0.002058
 Time in solution step (fwd/bwd)  =       0.148448
  .. Time in forward (fwd) step   =          0.082285
  .. Time in ScaLAPACK root       =          0.001475
  .. Time in backward (bwd) step  =          0.064666
 Time to gather solution(cent.sol)=       0.000000
 Time to copy/scale dist. solution=       0.000489

 Elapsed time in solve driver=       0.3014
    3 KSP Residual norm 3.339084047410e-01

Entering DMUMPS 5.6.2 from C interface with JOB, N =   3     1237277
      executing #MPI =    128 and #OMP =      2



 ****** SOLVE & CHECK STEP ********

 GLOBAL STATISTICS PRIOR SOLVE PHASE ...........
 Number of right-hand-sides                    =           1
 Blocking factor for multiple rhs              =           1
 ICNTL (9)                                     =           1
  --- (10)                                     =           0
  --- (11)                                     =           0
  --- (20)                                     =          10
  --- (21)                                     =           1
  --- (30)                                     =           0
  --- (35)                                     =           0
 WARNING: original distributed matrix is not allocated
 ** Rank of processor needing largest memory in solve     :       127
 ** Space in MBYTES used by this processor for solve      :       762
 ** Avg. Space in MBYTES per working proc during solve    :       404

 Leaving solve with ...
 Time to build/scatter RHS        =       0.002538
 Time in solution step (fwd/bwd)  =       0.142892
  .. Time in forward (fwd) step   =          0.081387
  .. Time in ScaLAPACK root       =          0.001440
  .. Time in backward (bwd) step  =          0.060039
 Time to gather solution(cent.sol)=       0.000000
 Time to copy/scale dist. solution=       0.000540

 Elapsed time in solve driver=       0.2978
    4 KSP Residual norm 3.320420713985e-01

Entering DMUMPS 5.6.2 from C interface with JOB, N =   3     1237277
      executing #MPI =    128 and #OMP =      2



 ****** SOLVE & CHECK STEP ********

 GLOBAL STATISTICS PRIOR SOLVE PHASE ...........
 Number of right-hand-sides                    =           1
 Blocking factor for multiple rhs              =           1
 ICNTL (9)                                     =           1
  --- (10)                                     =           0
  --- (11)                                     =           0
  --- (20)                                     =          10
  --- (21)                                     =           1
  --- (30)                                     =           0
  --- (35)                                     =           0
 WARNING: original distributed matrix is not allocated
 ** Rank of processor needing largest memory in solve     :       127
 ** Space in MBYTES used by this processor for solve      :       762
 ** Avg. Space in MBYTES per working proc during solve    :       404

 Leaving solve with ...
 Time to build/scatter RHS        =       0.002012
 Time in solution step (fwd/bwd)  =       0.148404
  .. Time in forward (fwd) step   =          0.080981
  .. Time in ScaLAPACK root       =          0.001452
  .. Time in backward (bwd) step  =          0.065951
 Time to gather solution(cent.sol)=       0.000000
 Time to copy/scale dist. solution=       0.000483

 Elapsed time in solve driver=       0.3023
    5 KSP Residual norm 3.279589990679e-01

Entering DMUMPS 5.6.2 from C interface with JOB, N =   3     1237277
      executing #MPI =    128 and #OMP =      2



 ****** SOLVE & CHECK STEP ********

 GLOBAL STATISTICS PRIOR SOLVE PHASE ...........
 Number of right-hand-sides                    =           1
 Blocking factor for multiple rhs              =           1
 ICNTL (9)                                     =           1
  --- (10)                                     =           0
  --- (11)                                     =           0
  --- (20)                                     =          10
  --- (21)                                     =           1
  --- (30)                                     =           0
  --- (35)                                     =           0
 WARNING: original distributed matrix is not allocated
 ** Rank of processor needing largest memory in solve     :       127
 ** Space in MBYTES used by this processor for solve      :       762
 ** Avg. Space in MBYTES per working proc during solve    :       404

 Leaving solve with ...
 Time to build/scatter RHS        =       0.001963
 Time in solution step (fwd/bwd)  =       0.145819
  .. Time in forward (fwd) step   =          0.081345
  .. Time in ScaLAPACK root       =          0.001439
  .. Time in backward (bwd) step  =          0.063013
 Time to gather solution(cent.sol)=       0.000000
 Time to copy/scale dist. solution=       0.000489

 Elapsed time in solve driver=       0.2996
    6 KSP Residual norm 3.228775209026e-01

Entering DMUMPS 5.6.2 from C interface with JOB, N =   3     1237277
      executing #MPI =    128 and #OMP =      2



 ****** SOLVE & CHECK STEP ********

 GLOBAL STATISTICS PRIOR SOLVE PHASE ...........
 Number of right-hand-sides                    =           1
 Blocking factor for multiple rhs              =           1
 ICNTL (9)                                     =           1
  --- (10)                                     =           0
  --- (11)                                     =           0
  --- (20)                                     =          10
  --- (21)                                     =           1
  --- (30)                                     =           0
  --- (35)                                     =           0
 WARNING: original distributed matrix is not allocated
 ** Rank of processor needing largest memory in solve     :       127
 ** Space in MBYTES used by this processor for solve      :       762
 ** Avg. Space in MBYTES per working proc during solve    :       404

 Leaving solve with ...
 Time to build/scatter RHS        =       0.002044
 Time in solution step (fwd/bwd)  =       0.143716
  .. Time in forward (fwd) step   =          0.081500
  .. Time in ScaLAPACK root       =          0.001479
  .. Time in backward (bwd) step  =          0.060718
 Time to gather solution(cent.sol)=       0.000000
 Time to copy/scale dist. solution=       0.000499

 Elapsed time in solve driver=       0.2944
    7 KSP Residual norm 3.190059169614e-01

Entering DMUMPS 5.6.2 from C interface with JOB, N =   3     1237277
      executing #MPI =    128 and #OMP =      2



 ****** SOLVE & CHECK STEP ********

 GLOBAL STATISTICS PRIOR SOLVE PHASE ...........
 Number of right-hand-sides                    =           1
 Blocking factor for multiple rhs              =           1
 ICNTL (9)                                     =           1
  --- (10)                                     =           0
  --- (11)                                     =           0
  --- (20)                                     =          10
  --- (21)                                     =           1
  --- (30)                                     =           0
  --- (35)                                     =           0
 WARNING: original distributed matrix is not allocated
 ** Rank of processor needing largest memory in solve     :       127
 ** Space in MBYTES used by this processor for solve      :       762
 ** Avg. Space in MBYTES per working proc during solve    :       404

 Leaving solve with ...
 Time to build/scatter RHS        =       0.004815
 Time in solution step (fwd/bwd)  =       0.143754
  .. Time in forward (fwd) step   =          0.081419
  .. Time in ScaLAPACK root       =          0.001452
  .. Time in backward (bwd) step  =          0.060851
 Time to gather solution(cent.sol)=       0.000000
 Time to copy/scale dist. solution=       0.000490

 Elapsed time in solve driver=       0.2996
    8 KSP Residual norm 3.188832146601e-01

Entering DMUMPS 5.6.2 from C interface with JOB, N =   3     1237277
      executing #MPI =    128 and #OMP =      2



 ****** SOLVE & CHECK STEP ********

 GLOBAL STATISTICS PRIOR SOLVE PHASE ...........
 Number of right-hand-sides                    =           1
 Blocking factor for multiple rhs              =           1
 ICNTL (9)                                     =           1
  --- (10)                                     =           0
  --- (11)                                     =           0
  --- (20)                                     =          10
  --- (21)                                     =           1
  --- (30)                                     =           0
  --- (35)                                     =           0
 WARNING: original distributed matrix is not allocated
 ** Rank of processor needing largest memory in solve     :       127
 ** Space in MBYTES used by this processor for solve      :       762
 ** Avg. Space in MBYTES per working proc during solve    :       404

 Leaving solve with ...
 Time to build/scatter RHS        =       0.015074
 Time in solution step (fwd/bwd)  =       0.141824
  .. Time in forward (fwd) step   =          0.080354
  .. Time in ScaLAPACK root       =          0.001455
  .. Time in backward (bwd) step  =          0.059996
 Time to gather solution(cent.sol)=       0.000000
 Time to copy/scale dist. solution=       0.000500

 Elapsed time in solve driver=       0.3065
    9 KSP Residual norm 3.188555589218e-01

Entering DMUMPS 5.6.2 from C interface with JOB, N =   3     1237277
      executing #MPI =    128 and #OMP =      2



 ****** SOLVE & CHECK STEP ********

 GLOBAL STATISTICS PRIOR SOLVE PHASE ...........
 Number of right-hand-sides                    =           1
 Blocking factor for multiple rhs              =           1
 ICNTL (9)                                     =           1
  --- (10)                                     =           0
  --- (11)                                     =           0
  --- (20)                                     =          10
  --- (21)                                     =           1
  --- (30)                                     =           0
  --- (35)                                     =           0
 WARNING: original distributed matrix is not allocated
 ** Rank of processor needing largest memory in solve     :       127
 ** Space in MBYTES used by this processor for solve      :       762
 ** Avg. Space in MBYTES per working proc during solve    :       404

 Leaving solve with ...
 Time to build/scatter RHS        =       0.002040
 Time in solution step (fwd/bwd)  =       0.141254
  .. Time in forward (fwd) step   =          0.080476
  .. Time in ScaLAPACK root       =          0.001437
  .. Time in backward (bwd) step  =          0.059320
 Time to gather solution(cent.sol)=       0.000000
 Time to copy/scale dist. solution=       0.000500

 Elapsed time in solve driver=       0.2926
   10 KSP Residual norm 3.186065533258e-01

Entering DMUMPS 5.6.2 from C interface with JOB, N =   3     1237277
      executing #MPI =    128 and #OMP =      2



 ****** SOLVE & CHECK STEP ********

 GLOBAL STATISTICS PRIOR SOLVE PHASE ...........
 Number of right-hand-sides                    =           1
 Blocking factor for multiple rhs              =           1
 ICNTL (9)                                     =           1
  --- (10)                                     =           0
  --- (11)                                     =           0
  --- (20)                                     =          10
  --- (21)                                     =           1
  --- (30)                                     =           0
  --- (35)                                     =           0
 WARNING: original distributed matrix is not allocated
 ** Rank of processor needing largest memory in solve     :       127
 ** Space in MBYTES used by this processor for solve      :       762
 ** Avg. Space in MBYTES per working proc during solve    :       404

 Leaving solve with ...
 Time to build/scatter RHS        =       0.001928
 Time in solution step (fwd/bwd)  =       0.150910
  .. Time in forward (fwd) step   =          0.084359
  .. Time in ScaLAPACK root       =          0.001444
  .. Time in backward (bwd) step  =          0.065087
 Time to gather solution(cent.sol)=       0.000000
 Time to copy/scale dist. solution=       0.000491

 Elapsed time in solve driver=       0.3026
   11 KSP Residual norm 3.138750142619e-01

Entering DMUMPS 5.6.2 from C interface with JOB, N =   3     1237277
      executing #MPI =    128 and #OMP =      2



 ****** SOLVE & CHECK STEP ********

 GLOBAL STATISTICS PRIOR SOLVE PHASE ...........
 Number of right-hand-sides                    =           1
 Blocking factor for multiple rhs              =           1
 ICNTL (9)                                     =           1
  --- (10)                                     =           0
  --- (11)                                     =           0
  --- (20)                                     =          10
  --- (21)                                     =           1
  --- (30)                                     =           0
  --- (35)                                     =           0
 WARNING: original distributed matrix is not allocated
 ** Rank of processor needing largest memory in solve     :       127
 ** Space in MBYTES used by this processor for solve      :       762
 ** Avg. Space in MBYTES per working proc during solve    :       404

 Leaving solve with ...
 Time to build/scatter RHS        =       0.002003
 Time in solution step (fwd/bwd)  =       0.146753
  .. Time in forward (fwd) step   =          0.080821
  .. Time in ScaLAPACK root       =          0.001423
  .. Time in backward (bwd) step  =          0.064486
 Time to gather solution(cent.sol)=       0.000000
 Time to copy/scale dist. solution=       0.000492

 Elapsed time in solve driver=       0.2949
   12 KSP Residual norm 2.520785607474e-01

Entering DMUMPS 5.6.2 from C interface with JOB, N =   3     1237277
      executing #MPI =    128 and #OMP =      2



 ****** SOLVE & CHECK STEP ********

 GLOBAL STATISTICS PRIOR SOLVE PHASE ...........
 Number of right-hand-sides                    =           1
 Blocking factor for multiple rhs              =           1
 ICNTL (9)                                     =           1
  --- (10)                                     =           0
  --- (11)                                     =           0
  --- (20)                                     =          10
  --- (21)                                     =           1
  --- (30)                                     =           0
  --- (35)                                     =           0
 WARNING: original distributed matrix is not allocated
 ** Rank of processor needing largest memory in solve     :       127
 ** Space in MBYTES used by this processor for solve      :       762
 ** Avg. Space in MBYTES per working proc during solve    :       404

 Leaving solve with ...
 Time to build/scatter RHS        =       0.002064
 Time in solution step (fwd/bwd)  =       0.148168
  .. Time in forward (fwd) step   =          0.081704
  .. Time in ScaLAPACK root       =          0.001445
  .. Time in backward (bwd) step  =          0.064995
 Time to gather solution(cent.sol)=       0.000000
 Time to copy/scale dist. solution=       0.000498

 Elapsed time in solve driver=       0.3002
   13 KSP Residual norm 2.069343538869e-01

Entering DMUMPS 5.6.2 from C interface with JOB, N =   3     1237277
      executing #MPI =    128 and #OMP =      2



 ****** SOLVE & CHECK STEP ********

 GLOBAL STATISTICS PRIOR SOLVE PHASE ...........
 Number of right-hand-sides                    =           1
 Blocking factor for multiple rhs              =           1
 ICNTL (9)                                     =           1
  --- (10)                                     =           0
  --- (11)                                     =           0
  --- (20)                                     =          10
  --- (21)                                     =           1
  --- (30)                                     =           0
  --- (35)                                     =           0
 WARNING: original distributed matrix is not allocated
 ** Rank of processor needing largest memory in solve     :       127
 ** Space in MBYTES used by this processor for solve      :       762
 ** Avg. Space in MBYTES per working proc during solve    :       404

 Leaving solve with ...
 Time to build/scatter RHS        =       0.002012
 Time in solution step (fwd/bwd)  =       0.147388
  .. Time in forward (fwd) step   =          0.080266
  .. Time in ScaLAPACK root       =          0.001431
  .. Time in backward (bwd) step  =          0.065671
 Time to gather solution(cent.sol)=       0.000000
 Time to copy/scale dist. solution=       0.000496

 Elapsed time in solve driver=       0.3063
   14 KSP Residual norm 1.671126976782e-01

Entering DMUMPS 5.6.2 from C interface with JOB, N =   3     1237277
      executing #MPI =    128 and #OMP =      2



 ****** SOLVE & CHECK STEP ********

 GLOBAL STATISTICS PRIOR SOLVE PHASE ...........
 Number of right-hand-sides                    =           1
 Blocking factor for multiple rhs              =           1
 ICNTL (9)                                     =           1
  --- (10)                                     =           0
  --- (11)                                     =           0
  --- (20)                                     =          10
  --- (21)                                     =           1
  --- (30)                                     =           0
  --- (35)                                     =           0
 WARNING: original distributed matrix is not allocated
 ** Rank of processor needing largest memory in solve     :       127
 ** Space in MBYTES used by this processor for solve      :       762
 ** Avg. Space in MBYTES per working proc during solve    :       404

 Leaving solve with ...
 Time to build/scatter RHS        =       0.001897
 Time in solution step (fwd/bwd)  =       0.141169
  .. Time in forward (fwd) step   =          0.080397
  .. Time in ScaLAPACK root       =          0.001476
  .. Time in backward (bwd) step  =          0.059264
 Time to gather solution(cent.sol)=       0.000000
 Time to copy/scale dist. solution=       0.000517

 Elapsed time in solve driver=       0.2889
   15 KSP Residual norm 1.295529030264e-01

Entering DMUMPS 5.6.2 from C interface with JOB, N =   3     1237277
      executing #MPI =    128 and #OMP =      2



 ****** SOLVE & CHECK STEP ********

 GLOBAL STATISTICS PRIOR SOLVE PHASE ...........
 Number of right-hand-sides                    =           1
 Blocking factor for multiple rhs              =           1
 ICNTL (9)                                     =           1
  --- (10)                                     =           0
  --- (11)                                     =           0
  --- (20)                                     =          10
  --- (21)                                     =           1
  --- (30)                                     =           0
  --- (35)                                     =           0
 WARNING: original distributed matrix is not allocated
 ** Rank of processor needing largest memory in solve     :       127
 ** Space in MBYTES used by this processor for solve      :       762
 ** Avg. Space in MBYTES per working proc during solve    :       404

 Leaving solve with ...
 Time to build/scatter RHS        =       0.002098
 Time in solution step (fwd/bwd)  =       0.141967
  .. Time in forward (fwd) step   =          0.080949
  .. Time in ScaLAPACK root       =          0.001430
  .. Time in backward (bwd) step  =          0.059567
 Time to gather solution(cent.sol)=       0.000000
 Time to copy/scale dist. solution=       0.000573

 Elapsed time in solve driver=       0.2927
   16 KSP Residual norm 1.113403853771e-01

Entering DMUMPS 5.6.2 from C interface with JOB, N =   3     1237277
      executing #MPI =    128 and #OMP =      2



 ****** SOLVE & CHECK STEP ********

 GLOBAL STATISTICS PRIOR SOLVE PHASE ...........
 Number of right-hand-sides                    =           1
 Blocking factor for multiple rhs              =           1
 ICNTL (9)                                     =           1
  --- (10)                                     =           0
  --- (11)                                     =           0
  --- (20)                                     =          10
  --- (21)                                     =           1
  --- (30)                                     =           0
  --- (35)                                     =           0
 WARNING: original distributed matrix is not allocated
 ** Rank of processor needing largest memory in solve     :       127
 ** Space in MBYTES used by this processor for solve      :       762
 ** Avg. Space in MBYTES per working proc during solve    :       404

 Leaving solve with ...
 Time to build/scatter RHS        =       0.001873
 Time in solution step (fwd/bwd)  =       0.145572
  .. Time in forward (fwd) step   =          0.080709
  .. Time in ScaLAPACK root       =          0.001441
  .. Time in backward (bwd) step  =          0.063402
 Time to gather solution(cent.sol)=       0.000000
 Time to copy/scale dist. solution=       0.000491

 Elapsed time in solve driver=       0.2962
   17 KSP Residual norm 9.615624942642e-02

Entering DMUMPS 5.6.2 from C interface with JOB, N =   3     1237277
      executing #MPI =    128 and #OMP =      2



 ****** SOLVE & CHECK STEP ********

 GLOBAL STATISTICS PRIOR SOLVE PHASE ...........
 Number of right-hand-sides                    =           1
 Blocking factor for multiple rhs              =           1
 ICNTL (9)                                     =           1
  --- (10)                                     =           0
  --- (11)                                     =           0
  --- (20)                                     =          10
  --- (21)                                     =           1
  --- (30)                                     =           0
  --- (35)                                     =           0
 WARNING: original distributed matrix is not allocated
 ** Rank of processor needing largest memory in solve     :       127
 ** Space in MBYTES used by this processor for solve      :       762
 ** Avg. Space in MBYTES per working proc during solve    :       404

 Leaving solve with ...
 Time to build/scatter RHS        =       0.002009
 Time in solution step (fwd/bwd)  =       0.145658
  .. Time in forward (fwd) step   =          0.081628
  .. Time in ScaLAPACK root       =          0.001471
  .. Time in backward (bwd) step  =          0.062538
 Time to gather solution(cent.sol)=       0.000000
 Time to copy/scale dist. solution=       0.000472

 Elapsed time in solve driver=       0.2946
   18 KSP Residual norm 9.167067402274e-02

Entering DMUMPS 5.6.2 from C interface with JOB, N =   3     1237277
      executing #MPI =    128 and #OMP =      2



 ****** SOLVE & CHECK STEP ********

 GLOBAL STATISTICS PRIOR SOLVE PHASE ...........
 Number of right-hand-sides                    =           1
 Blocking factor for multiple rhs              =           1
 ICNTL (9)                                     =           1
  --- (10)                                     =           0
  --- (11)                                     =           0
  --- (20)                                     =          10
  --- (21)                                     =           1
  --- (30)                                     =           0
  --- (35)                                     =           0
 WARNING: original distributed matrix is not allocated
 ** Rank of processor needing largest memory in solve     :       127
 ** Space in MBYTES used by this processor for solve      :       762
 ** Avg. Space in MBYTES per working proc during solve    :       404

 Leaving solve with ...
 Time to build/scatter RHS        =       0.002018
 Time in solution step (fwd/bwd)  =       0.143055
  .. Time in forward (fwd) step   =          0.080284
  .. Time in ScaLAPACK root       =          0.001466
  .. Time in backward (bwd) step  =          0.061286
 Time to gather solution(cent.sol)=       0.000000
 Time to copy/scale dist. solution=       0.000490

 Elapsed time in solve driver=       0.2982
   19 KSP Residual norm 8.362921692061e-02

Entering DMUMPS 5.6.2 from C interface with JOB, N =   3     1237277
      executing #MPI =    128 and #OMP =      2



 ****** SOLVE & CHECK STEP ********

 GLOBAL STATISTICS PRIOR SOLVE PHASE ...........
 Number of right-hand-sides                    =           1
 Blocking factor for multiple rhs              =           1
 ICNTL (9)                                     =           1
  --- (10)                                     =           0
  --- (11)                                     =           0
  --- (20)                                     =          10
  --- (21)                                     =           1
  --- (30)                                     =           0
  --- (35)                                     =           0
 WARNING: original distributed matrix is not allocated
 ** Rank of processor needing largest memory in solve     :       127
 ** Space in MBYTES used by this processor for solve      :       762
 ** Avg. Space in MBYTES per working proc during solve    :       404

 Leaving solve with ...
 Time to build/scatter RHS        =       0.001950
 Time in solution step (fwd/bwd)  =       0.147746
  .. Time in forward (fwd) step   =          0.081720
  .. Time in ScaLAPACK root       =          0.001421
  .. Time in backward (bwd) step  =          0.064582
 Time to gather solution(cent.sol)=       0.000000
 Time to copy/scale dist. solution=       0.000471

 Elapsed time in solve driver=       0.2984
   20 KSP Residual norm 7.914082642318e-02

Entering DMUMPS 5.6.2 from C interface with JOB, N =   3     1237277
      executing #MPI =    128 and #OMP =      2



 ****** SOLVE & CHECK STEP ********

 GLOBAL STATISTICS PRIOR SOLVE PHASE ...........
 Number of right-hand-sides                    =           1
 Blocking factor for multiple rhs              =           1
 ICNTL (9)                                     =           1
  --- (10)                                     =           0
  --- (11)                                     =           0
  --- (20)                                     =          10
  --- (21)                                     =           1
  --- (30)                                     =           0
  --- (35)                                     =           0
 WARNING: original distributed matrix is not allocated
 ** Rank of processor needing largest memory in solve     :       127
 ** Space in MBYTES used by this processor for solve      :       762
 ** Avg. Space in MBYTES per working proc during solve    :       404

 Leaving solve with ...
 Time to build/scatter RHS        =       0.001996
 Time in solution step (fwd/bwd)  =       0.142858
  .. Time in forward (fwd) step   =          0.080572
  .. Time in ScaLAPACK root       =          0.001438
  .. Time in backward (bwd) step  =          0.060829
 Time to gather solution(cent.sol)=       0.000000
 Time to copy/scale dist. solution=       0.000485

 Elapsed time in solve driver=       0.2957
   21 KSP Residual norm 7.529431510333e-02

Entering DMUMPS 5.6.2 from C interface with JOB, N =   3     1237277
      executing #MPI =    128 and #OMP =      2



 ****** SOLVE & CHECK STEP ********

 GLOBAL STATISTICS PRIOR SOLVE PHASE ...........
 Number of right-hand-sides                    =           1
 Blocking factor for multiple rhs              =           1
 ICNTL (9)                                     =           1
  --- (10)                                     =           0
  --- (11)                                     =           0
  --- (20)                                     =          10
  --- (21)                                     =           1
  --- (30)                                     =           0
  --- (35)                                     =           0
 WARNING: original distributed matrix is not allocated
 ** Rank of processor needing largest memory in solve     :       127
 ** Space in MBYTES used by this processor for solve      :       762
 ** Avg. Space in MBYTES per working proc during solve    :       404

 Leaving solve with ...
 Time to build/scatter RHS        =       0.001989
 Time in solution step (fwd/bwd)  =       0.146500
  .. Time in forward (fwd) step   =          0.081355
  .. Time in ScaLAPACK root       =          0.001433
  .. Time in backward (bwd) step  =          0.063681
 Time to gather solution(cent.sol)=       0.000000
 Time to copy/scale dist. solution=       0.000515

 Elapsed time in solve driver=       0.2986
   22 KSP Residual norm 7.237714565426e-02

Entering DMUMPS 5.6.2 from C interface with JOB, N =   3     1237277
      executing #MPI =    128 and #OMP =      2



 ****** SOLVE & CHECK STEP ********

 GLOBAL STATISTICS PRIOR SOLVE PHASE ...........
 Number of right-hand-sides                    =           1
 Blocking factor for multiple rhs              =           1
 ICNTL (9)                                     =           1
  --- (10)                                     =           0
  --- (11)                                     =           0
  --- (20)                                     =          10
  --- (21)                                     =           1
  --- (30)                                     =           0
  --- (35)                                     =           0
 WARNING: original distributed matrix is not allocated
 ** Rank of processor needing largest memory in solve     :       127
 ** Space in MBYTES used by this processor for solve      :       762
 ** Avg. Space in MBYTES per working proc during solve    :       404

 Leaving solve with ...
 Time to build/scatter RHS        =       0.002063
 Time in solution step (fwd/bwd)  =       0.140133
  .. Time in forward (fwd) step   =          0.080184
  .. Time in ScaLAPACK root       =          0.001448
  .. Time in backward (bwd) step  =          0.058481
 Time to gather solution(cent.sol)=       0.000000
 Time to copy/scale dist. solution=       0.000504

 Elapsed time in solve driver=       0.2933
   23 KSP Residual norm 6.867250795294e-02

Entering DMUMPS 5.6.2 from C interface with JOB, N =   3     1237277
      executing #MPI =    128 and #OMP =      2



 ****** SOLVE & CHECK STEP ********

 GLOBAL STATISTICS PRIOR SOLVE PHASE ...........
 Number of right-hand-sides                    =           1
 Blocking factor for multiple rhs              =           1
 ICNTL (9)                                     =           1
  --- (10)                                     =           0
  --- (11)                                     =           0
  --- (20)                                     =          10
  --- (21)                                     =           1
  --- (30)                                     =           0
  --- (35)                                     =           0
 WARNING: original distributed matrix is not allocated
 ** Rank of processor needing largest memory in solve     :       127
 ** Space in MBYTES used by this processor for solve      :       762
 ** Avg. Space in MBYTES per working proc during solve    :       404

 Leaving solve with ...
 Time to build/scatter RHS        =       0.001914
 Time in solution step (fwd/bwd)  =       0.148932
  .. Time in forward (fwd) step   =          0.080651
  .. Time in ScaLAPACK root       =          0.001426
  .. Time in backward (bwd) step  =          0.066836
 Time to gather solution(cent.sol)=       0.000000
 Time to copy/scale dist. solution=       0.000478

 Elapsed time in solve driver=       0.2988
   24 KSP Residual norm 6.163233586444e-02

Entering DMUMPS 5.6.2 from C interface with JOB, N =   3     1237277
      executing #MPI =    128 and #OMP =      2



 ****** SOLVE & CHECK STEP ********

 GLOBAL STATISTICS PRIOR SOLVE PHASE ...........
 Number of right-hand-sides                    =           1
 Blocking factor for multiple rhs              =           1
 ICNTL (9)                                     =           1
  --- (10)                                     =           0
  --- (11)                                     =           0
  --- (20)                                     =          10
  --- (21)                                     =           1
  --- (30)                                     =           0
  --- (35)                                     =           0
 WARNING: original distributed matrix is not allocated
 ** Rank of processor needing largest memory in solve     :       127
 ** Space in MBYTES used by this processor for solve      :       762
 ** Avg. Space in MBYTES per working proc during solve    :       404

 Leaving solve with ...
 Time to build/scatter RHS        =       0.001937
 Time in solution step (fwd/bwd)  =       0.148350
  .. Time in forward (fwd) step   =          0.081161
  .. Time in ScaLAPACK root       =          0.001419
  .. Time in backward (bwd) step  =          0.065750
 Time to gather solution(cent.sol)=       0.000000
 Time to copy/scale dist. solution=       0.000483

 Elapsed time in solve driver=       0.2970
   25 KSP Residual norm 5.655490336408e-02

Entering DMUMPS 5.6.2 from C interface with JOB, N =   3     1237277
      executing #MPI =    128 and #OMP =      2



 ****** SOLVE & CHECK STEP ********

 GLOBAL STATISTICS PRIOR SOLVE PHASE ...........
 Number of right-hand-sides                    =           1
 Blocking factor for multiple rhs              =           1
 ICNTL (9)                                     =           1
  --- (10)                                     =           0
  --- (11)                                     =           0
  --- (20)                                     =          10
  --- (21)                                     =           1
  --- (30)                                     =           0
  --- (35)                                     =           0
 WARNING: original distributed matrix is not allocated
 ** Rank of processor needing largest memory in solve     :       127
 ** Space in MBYTES used by this processor for solve      :       762
 ** Avg. Space in MBYTES per working proc during solve    :       404

 Leaving solve with ...
 Time to build/scatter RHS        =       0.001963
 Time in solution step (fwd/bwd)  =       0.144635
  .. Time in forward (fwd) step   =          0.080628
  .. Time in ScaLAPACK root       =          0.001462
  .. Time in backward (bwd) step  =          0.062520
 Time to gather solution(cent.sol)=       0.000000
 Time to copy/scale dist. solution=       0.000495

 Elapsed time in solve driver=       0.2963
   26 KSP Residual norm 4.962267744333e-02

Entering DMUMPS 5.6.2 from C interface with JOB, N =   3     1237277
      executing #MPI =    128 and #OMP =      2



 ****** SOLVE & CHECK STEP ********

 GLOBAL STATISTICS PRIOR SOLVE PHASE ...........
 Number of right-hand-sides                    =           1
 Blocking factor for multiple rhs              =           1
 ICNTL (9)                                     =           1
  --- (10)                                     =           0
  --- (11)                                     =           0
  --- (20)                                     =          10
  --- (21)                                     =           1
  --- (30)                                     =           0
  --- (35)                                     =           0
 WARNING: original distributed matrix is not allocated
 ** Rank of processor needing largest memory in solve     :       127
 ** Space in MBYTES used by this processor for solve      :       762
 ** Avg. Space in MBYTES per working proc during solve    :       404

 Leaving solve with ...
 Time to build/scatter RHS        =       0.002359
 Time in solution step (fwd/bwd)  =       0.146273
  .. Time in forward (fwd) step   =          0.081345
  .. Time in ScaLAPACK root       =          0.001458
  .. Time in backward (bwd) step  =          0.063446
 Time to gather solution(cent.sol)=       0.000000
 Time to copy/scale dist. solution=       0.000495

 Elapsed time in solve driver=       0.2975
   27 KSP Residual norm 4.575448490966e-02

Entering DMUMPS 5.6.2 from C interface with JOB, N =   3     1237277
      executing #MPI =    128 and #OMP =      2



 ****** SOLVE & CHECK STEP ********

 GLOBAL STATISTICS PRIOR SOLVE PHASE ...........
 Number of right-hand-sides                    =           1
 Blocking factor for multiple rhs              =           1
 ICNTL (9)                                     =           1
  --- (10)                                     =           0
  --- (11)                                     =           0
  --- (20)                                     =          10
  --- (21)                                     =           1
  --- (30)                                     =           0
  --- (35)                                     =           0
 WARNING: original distributed matrix is not allocated
 ** Rank of processor needing largest memory in solve     :       127
 ** Space in MBYTES used by this processor for solve      :       762
 ** Avg. Space in MBYTES per working proc during solve    :       404

 Leaving solve with ...
 Time to build/scatter RHS        =       0.001978
 Time in solution step (fwd/bwd)  =       0.146776
  .. Time in forward (fwd) step   =          0.080874
  .. Time in ScaLAPACK root       =          0.001430
  .. Time in backward (bwd) step  =          0.064449
 Time to gather solution(cent.sol)=       0.000000
 Time to copy/scale dist. solution=       0.000475

 Elapsed time in solve driver=       0.2997
   28 KSP Residual norm 4.243058106070e-02

Entering DMUMPS 5.6.2 from C interface with JOB, N =   3     1237277
      executing #MPI =    128 and #OMP =      2



 ****** SOLVE & CHECK STEP ********

 GLOBAL STATISTICS PRIOR SOLVE PHASE ...........
 Number of right-hand-sides                    =           1
 Blocking factor for multiple rhs              =           1
 ICNTL (9)                                     =           1
  --- (10)                                     =           0
  --- (11)                                     =           0
  --- (20)                                     =          10
  --- (21)                                     =           1
  --- (30)                                     =           0
  --- (35)                                     =           0
 WARNING: original distributed matrix is not allocated
 ** Rank of processor needing largest memory in solve     :       127
 ** Space in MBYTES used by this processor for solve      :       762
 ** Avg. Space in MBYTES per working proc during solve    :       404

 Leaving solve with ...
 Time to build/scatter RHS        =       0.001970
 Time in solution step (fwd/bwd)  =       0.139108
  .. Time in forward (fwd) step   =          0.080610
  .. Time in ScaLAPACK root       =          0.001456
  .. Time in backward (bwd) step  =          0.057013
 Time to gather solution(cent.sol)=       0.000000
 Time to copy/scale dist. solution=       0.000499

 Elapsed time in solve driver=       0.2915
   29 KSP Residual norm 3.851525328818e-02

Entering DMUMPS 5.6.2 from C interface with JOB, N =   3     1237277
      executing #MPI =    128 and #OMP =      2



 ****** SOLVE & CHECK STEP ********

 GLOBAL STATISTICS PRIOR SOLVE PHASE ...........
 Number of right-hand-sides                    =           1
 Blocking factor for multiple rhs              =           1
 ICNTL (9)                                     =           1
  --- (10)                                     =           0
  --- (11)                                     =           0
  --- (20)                                     =          10
  --- (21)                                     =           1
  --- (30)                                     =           0
  --- (35)                                     =           0
 WARNING: original distributed matrix is not allocated
 ** Rank of processor needing largest memory in solve     :       127
 ** Space in MBYTES used by this processor for solve      :       762
 ** Avg. Space in MBYTES per working proc during solve    :       404

 Leaving solve with ...
 Time to build/scatter RHS        =       0.002062
 Time in solution step (fwd/bwd)  =       0.146456
  .. Time in forward (fwd) step   =          0.080696
  .. Time in ScaLAPACK root       =          0.001436
  .. Time in backward (bwd) step  =          0.064303
 Time to gather solution(cent.sol)=       0.000000
 Time to copy/scale dist. solution=       0.000477

 Elapsed time in solve driver=       0.3004
   30 KSP Residual norm 3.651057518859e-02

Entering DMUMPS 5.6.2 from C interface with JOB, N =   3     1237277
      executing #MPI =    128 and #OMP =      2



 ****** SOLVE & CHECK STEP ********

 GLOBAL STATISTICS PRIOR SOLVE PHASE ...........
 Number of right-hand-sides                    =           1
 Blocking factor for multiple rhs              =           1
 ICNTL (9)                                     =           1
  --- (10)                                     =           0
  --- (11)                                     =           0
  --- (20)                                     =          10
  --- (21)                                     =           1
  --- (30)                                     =           0
  --- (35)                                     =           0
 WARNING: original distributed matrix is not allocated
 ** Rank of processor needing largest memory in solve     :       127
 ** Space in MBYTES used by this processor for solve      :       762
 ** Avg. Space in MBYTES per working proc during solve    :       404

 Leaving solve with ...
 Time to build/scatter RHS        =       0.001907
 Time in solution step (fwd/bwd)  =       0.141929
  .. Time in forward (fwd) step   =          0.081327
  .. Time in ScaLAPACK root       =          0.001414
  .. Time in backward (bwd) step  =          0.059165
 Time to gather solution(cent.sol)=       0.000000
 Time to copy/scale dist. solution=       0.000493

 Elapsed time in solve driver=       0.2921
   31 KSP Residual norm 3.567114461838e-02

Entering DMUMPS 5.6.2 from C interface with JOB, N =   3     1237277
      executing #MPI =    128 and #OMP =      2



 ****** SOLVE & CHECK STEP ********

 GLOBAL STATISTICS PRIOR SOLVE PHASE ...........
 Number of right-hand-sides                    =           1
 Blocking factor for multiple rhs              =           1
 ICNTL (9)                                     =           1
  --- (10)                                     =           0
  --- (11)                                     =           0
  --- (20)                                     =          10
  --- (21)                                     =           1
  --- (30)                                     =           0
  --- (35)                                     =           0
 WARNING: original distributed matrix is not allocated
 ** Rank of processor needing largest memory in solve     :       127
 ** Space in MBYTES used by this processor for solve      :       762
 ** Avg. Space in MBYTES per working proc during solve    :       404

 Leaving solve with ...
 Time to build/scatter RHS        =       0.001929
 Time in solution step (fwd/bwd)  =       0.146038
  .. Time in forward (fwd) step   =          0.080909
  .. Time in ScaLAPACK root       =          0.001449
  .. Time in backward (bwd) step  =          0.063659
 Time to gather solution(cent.sol)=       0.000000
 Time to copy/scale dist. solution=       0.000494

 Elapsed time in solve driver=       0.2988
   32 KSP Residual norm 3.506806366020e-02

Entering DMUMPS 5.6.2 from C interface with JOB, N =   3     1237277
      executing #MPI =    128 and #OMP =      2



 ****** SOLVE & CHECK STEP ********

 GLOBAL STATISTICS PRIOR SOLVE PHASE ...........
 Number of right-hand-sides                    =           1
 Blocking factor for multiple rhs              =           1
 ICNTL (9)                                     =           1
  --- (10)                                     =           0
  --- (11)                                     =           0
  --- (20)                                     =          10
  --- (21)                                     =           1
  --- (30)                                     =           0
  --- (35)                                     =           0
 WARNING: original distributed matrix is not allocated
 ** Rank of processor needing largest memory in solve     :       127
 ** Space in MBYTES used by this processor for solve      :       762
 ** Avg. Space in MBYTES per working proc during solve    :       404

 Leaving solve with ...
 Time to build/scatter RHS        =       0.002599
 Time in solution step (fwd/bwd)  =       0.144900
  .. Time in forward (fwd) step   =          0.083286
  .. Time in ScaLAPACK root       =          0.001507
  .. Time in backward (bwd) step  =          0.060085
 Time to gather solution(cent.sol)=       0.000000
 Time to copy/scale dist. solution=       0.000490

 Elapsed time in solve driver=       0.2931
   33 KSP Residual norm 3.422715632359e-02

Entering DMUMPS 5.6.2 from C interface with JOB, N =   3     1237277
      executing #MPI =    128 and #OMP =      2



 ****** SOLVE & CHECK STEP ********

 GLOBAL STATISTICS PRIOR SOLVE PHASE ...........
 Number of right-hand-sides                    =           1
 Blocking factor for multiple rhs              =           1
 ICNTL (9)                                     =           1
  --- (10)                                     =           0
  --- (11)                                     =           0
  --- (20)                                     =          10
  --- (21)                                     =           1
  --- (30)                                     =           0
  --- (35)                                     =           0
 WARNING: original distributed matrix is not allocated
 ** Rank of processor needing largest memory in solve     :       127
 ** Space in MBYTES used by this processor for solve      :       762
 ** Avg. Space in MBYTES per working proc during solve    :       404

 Leaving solve with ...
 Time to build/scatter RHS        =       0.063782
 Time in solution step (fwd/bwd)  =       0.138704
  .. Time in forward (fwd) step   =          0.077969
  .. Time in ScaLAPACK root       =          0.001519
  .. Time in backward (bwd) step  =          0.059188
 Time to gather solution(cent.sol)=       0.000000
 Time to copy/scale dist. solution=       0.000493

 Elapsed time in solve driver=       0.3569
   34 KSP Residual norm 3.307368852523e-02

Entering DMUMPS 5.6.2 from C interface with JOB, N =   3     1237277
      executing #MPI =    128 and #OMP =      2



 ****** SOLVE & CHECK STEP ********

 GLOBAL STATISTICS PRIOR SOLVE PHASE ...........
 Number of right-hand-sides                    =           1
 Blocking factor for multiple rhs              =           1
 ICNTL (9)                                     =           1
  --- (10)                                     =           0
  --- (11)                                     =           0
  --- (20)                                     =          10
  --- (21)                                     =           1
  --- (30)                                     =           0
  --- (35)                                     =           0
 WARNING: original distributed matrix is not allocated
 ** Rank of processor needing largest memory in solve     :       127
 ** Space in MBYTES used by this processor for solve      :       762
 ** Avg. Space in MBYTES per working proc during solve    :       404

 Leaving solve with ...
 Time to build/scatter RHS        =       0.002005
 Time in solution step (fwd/bwd)  =       0.140276
  .. Time in forward (fwd) step   =          0.080293
  .. Time in ScaLAPACK root       =          0.001433
  .. Time in backward (bwd) step  =          0.058529
 Time to gather solution(cent.sol)=       0.000000
 Time to copy/scale dist. solution=       0.000490

 Elapsed time in solve driver=       0.2854
   35 KSP Residual norm 3.244243562563e-02

Entering DMUMPS 5.6.2 from C interface with JOB, N =   3     1237277
      executing #MPI =    128 and #OMP =      2



 ****** SOLVE & CHECK STEP ********

 GLOBAL STATISTICS PRIOR SOLVE PHASE ...........
 Number of right-hand-sides                    =           1
 Blocking factor for multiple rhs              =           1
 ICNTL (9)                                     =           1
  --- (10)                                     =           0
  --- (11)                                     =           0
  --- (20)                                     =          10
  --- (21)                                     =           1
  --- (30)                                     =           0
  --- (35)                                     =           0
 WARNING: original distributed matrix is not allocated
 ** Rank of processor needing largest memory in solve     :       127
 ** Space in MBYTES used by this processor for solve      :       762
 ** Avg. Space in MBYTES per working proc during solve    :       404

 Leaving solve with ...
 Time to build/scatter RHS        =       0.002066
 Time in solution step (fwd/bwd)  =       0.143057
  .. Time in forward (fwd) step   =          0.081099
  .. Time in ScaLAPACK root       =          0.001447
  .. Time in backward (bwd) step  =          0.060479
 Time to gather solution(cent.sol)=       0.000000
 Time to copy/scale dist. solution=       0.000486

 Elapsed time in solve driver=       0.2880
   36 KSP Residual norm 3.205820647939e-02

Entering DMUMPS 5.6.2 from C interface with JOB, N =   3     1237277
      executing #MPI =    128 and #OMP =      2



 ****** SOLVE & CHECK STEP ********

 GLOBAL STATISTICS PRIOR SOLVE PHASE ...........
 Number of right-hand-sides                    =           1
 Blocking factor for multiple rhs              =           1
 ICNTL (9)                                     =           1
  --- (10)                                     =           0
  --- (11)                                     =           0
  --- (20)                                     =          10
  --- (21)                                     =           1
  --- (30)                                     =           0
  --- (35)                                     =           0
 WARNING: original distributed matrix is not allocated
 ** Rank of processor needing largest memory in solve     :       127
 ** Space in MBYTES used by this processor for solve      :       762
 ** Avg. Space in MBYTES per working proc during solve    :       404

 Leaving solve with ...
 Time to build/scatter RHS        =       0.002040
 Time in solution step (fwd/bwd)  =       0.147507
  .. Time in forward (fwd) step   =          0.080698
  .. Time in ScaLAPACK root       =          0.001428
  .. Time in backward (bwd) step  =          0.065360
 Time to gather solution(cent.sol)=       0.000000
 Time to copy/scale dist. solution=       0.000484

 Elapsed time in solve driver=       0.2941
   37 KSP Residual norm 3.151044816045e-02

Entering DMUMPS 5.6.2 from C interface with JOB, N =   3     1237277
      executing #MPI =    128 and #OMP =      2



 ****** SOLVE & CHECK STEP ********

 GLOBAL STATISTICS PRIOR SOLVE PHASE ...........
 Number of right-hand-sides                    =           1
 Blocking factor for multiple rhs              =           1
 ICNTL (9)                                     =           1
  --- (10)                                     =           0
  --- (11)                                     =           0
  --- (20)                                     =          10
  --- (21)                                     =           1
  --- (30)                                     =           0
  --- (35)                                     =           0
 WARNING: original distributed matrix is not allocated
 ** Rank of processor needing largest memory in solve     :       127
 ** Space in MBYTES used by this processor for solve      :       762
 ** Avg. Space in MBYTES per working proc during solve    :       404

 Leaving solve with ...
 Time to build/scatter RHS        =       0.001991
 Time in solution step (fwd/bwd)  =       0.143451
  .. Time in forward (fwd) step   =          0.081845
  .. Time in ScaLAPACK root       =          0.001461
  .. Time in backward (bwd) step  =          0.060123
 Time to gather solution(cent.sol)=       0.000000
 Time to copy/scale dist. solution=       0.000476

 Elapsed time in solve driver=       0.2883
   38 KSP Residual norm 3.132378158161e-02

Entering DMUMPS 5.6.2 from C interface with JOB, N =   3     1237277
      executing #MPI =    128 and #OMP =      2



 ****** SOLVE & CHECK STEP ********

 GLOBAL STATISTICS PRIOR SOLVE PHASE ...........
 Number of right-hand-sides                    =           1
 Blocking factor for multiple rhs              =           1
 ICNTL (9)                                     =           1
  --- (10)                                     =           0
  --- (11)                                     =           0
  --- (20)                                     =          10
  --- (21)                                     =           1
  --- (30)                                     =           0
  --- (35)                                     =           0
 WARNING: original distributed matrix is not allocated
 ** Rank of processor needing largest memory in solve     :       127
 ** Space in MBYTES used by this processor for solve      :       762
 ** Avg. Space in MBYTES per working proc during solve    :       404

 Leaving solve with ...
 Time to build/scatter RHS        =       0.001961
 Time in solution step (fwd/bwd)  =       0.146080
  .. Time in forward (fwd) step   =          0.081199
  .. Time in ScaLAPACK root       =          0.001411
  .. Time in backward (bwd) step  =          0.063449
 Time to gather solution(cent.sol)=       0.000000
 Time to copy/scale dist. solution=       0.000486

 Elapsed time in solve driver=       0.2897
   39 KSP Residual norm 3.105685744718e-02

Entering DMUMPS 5.6.2 from C interface with JOB, N =   3     1237277
      executing #MPI =    128 and #OMP =      2



 ****** SOLVE & CHECK STEP ********

 GLOBAL STATISTICS PRIOR SOLVE PHASE ...........
 Number of right-hand-sides                    =           1
 Blocking factor for multiple rhs              =           1
 ICNTL (9)                                     =           1
  --- (10)                                     =           0
  --- (11)                                     =           0
  --- (20)                                     =          10
  --- (21)                                     =           1
  --- (30)                                     =           0
  --- (35)                                     =           0
 WARNING: original distributed matrix is not allocated
 ** Rank of processor needing largest memory in solve     :       127
 ** Space in MBYTES used by this processor for solve      :       762
 ** Avg. Space in MBYTES per working proc during solve    :       404

 Leaving solve with ...
 Time to build/scatter RHS        =       0.002219
 Time in solution step (fwd/bwd)  =       0.145429
  .. Time in forward (fwd) step   =          0.081660
  .. Time in ScaLAPACK root       =          0.001445
  .. Time in backward (bwd) step  =          0.062304
 Time to gather solution(cent.sol)=       0.000000
 Time to copy/scale dist. solution=       0.000489

 Elapsed time in solve driver=       0.2907
   40 KSP Residual norm 3.090257219840e-02

Entering DMUMPS 5.6.2 from C interface with JOB, N =   3     1237277
      executing #MPI =    128 and #OMP =      2



 ****** SOLVE & CHECK STEP ********

 GLOBAL STATISTICS PRIOR SOLVE PHASE ...........
 Number of right-hand-sides                    =           1
 Blocking factor for multiple rhs              =           1
 ICNTL (9)                                     =           1
  --- (10)                                     =           0
  --- (11)                                     =           0
  --- (20)                                     =          10
  --- (21)                                     =           1
  --- (30)                                     =           0
  --- (35)                                     =           0
 WARNING: original distributed matrix is not allocated
 ** Rank of processor needing largest memory in solve     :       127
 ** Space in MBYTES used by this processor for solve      :       762
 ** Avg. Space in MBYTES per working proc during solve    :       404

 Leaving solve with ...
 Time to build/scatter RHS        =       0.002030
 Time in solution step (fwd/bwd)  =       0.141210
  .. Time in forward (fwd) step   =          0.080805
  .. Time in ScaLAPACK root       =          0.001430
  .. Time in backward (bwd) step  =          0.058955
 Time to gather solution(cent.sol)=       0.000000
 Time to copy/scale dist. solution=       0.000498

 Elapsed time in solve driver=       0.2872
   41 KSP Residual norm 3.079510804620e-02

Entering DMUMPS 5.6.2 from C interface with JOB, N =   3     1237277
      executing #MPI =    128 and #OMP =      2



 ****** SOLVE & CHECK STEP ********

 GLOBAL STATISTICS PRIOR SOLVE PHASE ...........
 Number of right-hand-sides                    =           1
 Blocking factor for multiple rhs              =           1
 ICNTL (9)                                     =           1
  --- (10)                                     =           0
  --- (11)                                     =           0
  --- (20)                                     =          10
  --- (21)                                     =           1
  --- (30)                                     =           0
  --- (35)                                     =           0
 WARNING: original distributed matrix is not allocated
 ** Rank of processor needing largest memory in solve     :       127
 ** Space in MBYTES used by this processor for solve      :       762
 ** Avg. Space in MBYTES per working proc during solve    :       404

 Leaving solve with ...
 Time to build/scatter RHS        =       0.002050
 Time in solution step (fwd/bwd)  =       0.141457
  .. Time in forward (fwd) step   =          0.080523
  .. Time in ScaLAPACK root       =          0.001416
  .. Time in backward (bwd) step  =          0.059494
 Time to gather solution(cent.sol)=       0.000000
 Time to copy/scale dist. solution=       0.000486

 Elapsed time in solve driver=       0.2842
   42 KSP Residual norm 3.074320337667e-02

Entering DMUMPS 5.6.2 from C interface with JOB, N =   3     1237277
      executing #MPI =    128 and #OMP =      2



 ****** SOLVE & CHECK STEP ********

 GLOBAL STATISTICS PRIOR SOLVE PHASE ...........
 Number of right-hand-sides                    =           1
 Blocking factor for multiple rhs              =           1
 ICNTL (9)                                     =           1
  --- (10)                                     =           0
  --- (11)                                     =           0
  --- (20)                                     =          10
  --- (21)                                     =           1
  --- (30)                                     =           0
  --- (35)                                     =           0
 WARNING: original distributed matrix is not allocated
 ** Rank of processor needing largest memory in solve     :       127
 ** Space in MBYTES used by this processor for solve      :       762
 ** Avg. Space in MBYTES per working proc during solve    :       404

 Leaving solve with ...
 Time to build/scatter RHS        =       0.002048
 Time in solution step (fwd/bwd)  =       0.143172
  .. Time in forward (fwd) step   =          0.081501
  .. Time in ScaLAPACK root       =          0.001461
  .. Time in backward (bwd) step  =          0.060180
 Time to gather solution(cent.sol)=       0.000000
 Time to copy/scale dist. solution=       0.000483

 Elapsed time in solve driver=       0.2909
   43 KSP Residual norm 3.059120163257e-02

Entering DMUMPS 5.6.2 from C interface with JOB, N =   3     1237277
      executing #MPI =    128 and #OMP =      2



 ****** SOLVE & CHECK STEP ********

 GLOBAL STATISTICS PRIOR SOLVE PHASE ...........
 Number of right-hand-sides                    =           1
 Blocking factor for multiple rhs              =           1
 ICNTL (9)                                     =           1
  --- (10)                                     =           0
  --- (11)                                     =           0
  --- (20)                                     =          10
  --- (21)                                     =           1
  --- (30)                                     =           0
  --- (35)                                     =           0
 WARNING: original distributed matrix is not allocated
 ** Rank of processor needing largest memory in solve     :       127
 ** Space in MBYTES used by this processor for solve      :       762
 ** Avg. Space in MBYTES per working proc during solve    :       404

 Leaving solve with ...
 Time to build/scatter RHS        =       0.001962
 Time in solution step (fwd/bwd)  =       0.149618
  .. Time in forward (fwd) step   =          0.080697
  .. Time in ScaLAPACK root       =          0.001431
  .. Time in backward (bwd) step  =          0.067468
 Time to gather solution(cent.sol)=       0.000000
 Time to copy/scale dist. solution=       0.000494

 Elapsed time in solve driver=       0.2936
   44 KSP Residual norm 3.029469257326e-02

Entering DMUMPS 5.6.2 from C interface with JOB, N =   3     1237277
      executing #MPI =    128 and #OMP =      2



 ****** SOLVE & CHECK STEP ********

 GLOBAL STATISTICS PRIOR SOLVE PHASE ...........
 Number of right-hand-sides                    =           1
 Blocking factor for multiple rhs              =           1
 ICNTL (9)                                     =           1
  --- (10)                                     =           0
  --- (11)                                     =           0
  --- (20)                                     =          10
  --- (21)                                     =           1
  --- (30)                                     =           0
  --- (35)                                     =           0
 WARNING: original distributed matrix is not allocated
 ** Rank of processor needing largest memory in solve     :       127
 ** Space in MBYTES used by this processor for solve      :       762
 ** Avg. Space in MBYTES per working proc during solve    :       404

 Leaving solve with ...
 Time to build/scatter RHS        =       0.001961
 Time in solution step (fwd/bwd)  =       0.143865
  .. Time in forward (fwd) step   =          0.080806
  .. Time in ScaLAPACK root       =          0.001424
  .. Time in backward (bwd) step  =          0.061613
 Time to gather solution(cent.sol)=       0.000000
 Time to copy/scale dist. solution=       0.000493

 Elapsed time in solve driver=       0.2947
   45 KSP Residual norm 3.002466922382e-02

Entering DMUMPS 5.6.2 from C interface with JOB, N =   3     1237277
      executing #MPI =    128 and #OMP =      2



 ****** SOLVE & CHECK STEP ********

 GLOBAL STATISTICS PRIOR SOLVE PHASE ...........
 Number of right-hand-sides                    =           1
 Blocking factor for multiple rhs              =           1
 ICNTL (9)                                     =           1
  --- (10)                                     =           0
  --- (11)                                     =           0
  --- (20)                                     =          10
  --- (21)                                     =           1
  --- (30)                                     =           0
  --- (35)                                     =           0
 WARNING: original distributed matrix is not allocated
 ** Rank of processor needing largest memory in solve     :       127
 ** Space in MBYTES used by this processor for solve      :       762
 ** Avg. Space in MBYTES per working proc during solve    :       404

 Leaving solve with ...
 Time to build/scatter RHS        =       0.001965
 Time in solution step (fwd/bwd)  =       0.146786
  .. Time in forward (fwd) step   =          0.081853
  .. Time in ScaLAPACK root       =          0.001406
  .. Time in backward (bwd) step  =          0.063504
 Time to gather solution(cent.sol)=       0.000000
 Time to copy/scale dist. solution=       0.000479

 Elapsed time in solve driver=       0.2959
   46 KSP Residual norm 2.983744279795e-02

Entering DMUMPS 5.6.2 from C interface with JOB, N =   3     1237277
      executing #MPI =    128 and #OMP =      2



 ****** SOLVE & CHECK STEP ********

 GLOBAL STATISTICS PRIOR SOLVE PHASE ...........
 Number of right-hand-sides                    =           1
 Blocking factor for multiple rhs              =           1
 ICNTL (9)                                     =           1
  --- (10)                                     =           0
  --- (11)                                     =           0
  --- (20)                                     =          10
  --- (21)                                     =           1
  --- (30)                                     =           0
  --- (35)                                     =           0
 WARNING: original distributed matrix is not allocated
 ** Rank of processor needing largest memory in solve     :       127
 ** Space in MBYTES used by this processor for solve      :       762
 ** Avg. Space in MBYTES per working proc during solve    :       404

 Leaving solve with ...
 Time to build/scatter RHS        =       0.001926
 Time in solution step (fwd/bwd)  =       0.143370
  .. Time in forward (fwd) step   =          0.081018
  .. Time in ScaLAPACK root       =          0.001424
  .. Time in backward (bwd) step  =          0.060907
 Time to gather solution(cent.sol)=       0.000000
 Time to copy/scale dist. solution=       0.000480

 Elapsed time in solve driver=       0.2879
   47 KSP Residual norm 2.942698995098e-02

Entering DMUMPS 5.6.2 from C interface with JOB, N =   3     1237277
      executing #MPI =    128 and #OMP =      2



 ****** SOLVE & CHECK STEP ********

 GLOBAL STATISTICS PRIOR SOLVE PHASE ...........
 Number of right-hand-sides                    =           1
 Blocking factor for multiple rhs              =           1
 ICNTL (9)                                     =           1
  --- (10)                                     =           0
  --- (11)                                     =           0
  --- (20)                                     =          10
  --- (21)                                     =           1
  --- (30)                                     =           0
  --- (35)                                     =           0
 WARNING: original distributed matrix is not allocated
 ** Rank of processor needing largest memory in solve     :       127
 ** Space in MBYTES used by this processor for solve      :       762
 ** Avg. Space in MBYTES per working proc during solve    :       404

 Leaving solve with ...
 Time to build/scatter RHS        =       0.001978
 Time in solution step (fwd/bwd)  =       0.145045
  .. Time in forward (fwd) step   =          0.080631
  .. Time in ScaLAPACK root       =          0.001447
  .. Time in backward (bwd) step  =          0.062945
 Time to gather solution(cent.sol)=       0.000000
 Time to copy/scale dist. solution=       0.000483

 Elapsed time in solve driver=       0.2922
   48 KSP Residual norm 2.851399293170e-02

Entering DMUMPS 5.6.2 from C interface with JOB, N =   3     1237277
      executing #MPI =    128 and #OMP =      2



 ****** SOLVE & CHECK STEP ********

 GLOBAL STATISTICS PRIOR SOLVE PHASE ...........
 Number of right-hand-sides                    =           1
 Blocking factor for multiple rhs              =           1
 ICNTL (9)                                     =           1
  --- (10)                                     =           0
  --- (11)                                     =           0
  --- (20)                                     =          10
  --- (21)                                     =           1
  --- (30)                                     =           0
  --- (35)                                     =           0
 WARNING: original distributed matrix is not allocated
 ** Rank of processor needing largest memory in solve     :       127
 ** Space in MBYTES used by this processor for solve      :       762
 ** Avg. Space in MBYTES per working proc during solve    :       404

 Leaving solve with ...
 Time to build/scatter RHS        =       0.001948
 Time in solution step (fwd/bwd)  =       0.144642
  .. Time in forward (fwd) step   =          0.081692
  .. Time in ScaLAPACK root       =          0.001420
  .. Time in backward (bwd) step  =          0.061505
 Time to gather solution(cent.sol)=       0.000000
 Time to copy/scale dist. solution=       0.000498

 Elapsed time in solve driver=       0.2918
   49 KSP Residual norm 2.752567242224e-02

Entering DMUMPS 5.6.2 from C interface with JOB, N =   3     1237277
      executing #MPI =    128 and #OMP =      2



 ****** SOLVE & CHECK STEP ********

 GLOBAL STATISTICS PRIOR SOLVE PHASE ...........
 Number of right-hand-sides                    =           1
 Blocking factor for multiple rhs              =           1
 ICNTL (9)                                     =           1
  --- (10)                                     =           0
  --- (11)                                     =           0
  --- (20)                                     =          10
  --- (21)                                     =           1
  --- (30)                                     =           0
  --- (35)                                     =           0
 WARNING: original distributed matrix is not allocated
 ** Rank of processor needing largest memory in solve     :       127
 ** Space in MBYTES used by this processor for solve      :       762
 ** Avg. Space in MBYTES per working proc during solve    :       404

 Leaving solve with ...
 Time to build/scatter RHS        =       0.001993
 Time in solution step (fwd/bwd)  =       0.141601
  .. Time in forward (fwd) step   =          0.081385
  .. Time in ScaLAPACK root       =          0.001441
  .. Time in backward (bwd) step  =          0.058743
 Time to gather solution(cent.sol)=       0.000000
 Time to copy/scale dist. solution=       0.000491

 Elapsed time in solve driver=       0.2886
   50 KSP Residual norm 2.627364045596e-02

Entering DMUMPS 5.6.2 from C interface with JOB, N =   3     1237277
      executing #MPI =    128 and #OMP =      2



 ****** SOLVE & CHECK STEP ********

 GLOBAL STATISTICS PRIOR SOLVE PHASE ...........
 Number of right-hand-sides                    =           1
 Blocking factor for multiple rhs              =           1
 ICNTL (9)                                     =           1
  --- (10)                                     =           0
  --- (11)                                     =           0
  --- (20)                                     =          10
  --- (21)                                     =           1
  --- (30)                                     =           0
  --- (35)                                     =           0
 WARNING: original distributed matrix is not allocated
 ** Rank of processor needing largest memory in solve     :       127
 ** Space in MBYTES used by this processor for solve      :       762
 ** Avg. Space in MBYTES per working proc during solve    :       404

 Leaving solve with ...
 Time to build/scatter RHS        =       0.001999
 Time in solution step (fwd/bwd)  =       0.145228
  .. Time in forward (fwd) step   =          0.081105
  .. Time in ScaLAPACK root       =          0.001449
  .. Time in backward (bwd) step  =          0.062649
 Time to gather solution(cent.sol)=       0.000000
 Time to copy/scale dist. solution=       0.000465

 Elapsed time in solve driver=       0.2878
   51 KSP Residual norm 2.530029455716e-02

Entering DMUMPS 5.6.2 from C interface with JOB, N =   3     1237277
      executing #MPI =    128 and #OMP =      2



 ****** SOLVE & CHECK STEP ********

 GLOBAL STATISTICS PRIOR SOLVE PHASE ...........
 Number of right-hand-sides                    =           1
 Blocking factor for multiple rhs              =           1
 ICNTL (9)                                     =           1
  --- (10)                                     =           0
  --- (11)                                     =           0
  --- (20)                                     =          10
  --- (21)                                     =           1
  --- (30)                                     =           0
  --- (35)                                     =           0
 WARNING: original distributed matrix is not allocated
 ** Rank of processor needing largest memory in solve     :       127
 ** Space in MBYTES used by this processor for solve      :       762
 ** Avg. Space in MBYTES per working proc during solve    :       404

 Leaving solve with ...
 Time to build/scatter RHS        =       0.001972
 Time in solution step (fwd/bwd)  =       0.145047
  .. Time in forward (fwd) step   =          0.079792
  .. Time in ScaLAPACK root       =          0.001442
  .. Time in backward (bwd) step  =          0.063790
 Time to gather solution(cent.sol)=       0.000000
 Time to copy/scale dist. solution=       0.000486

 Elapsed time in solve driver=       0.2957
   52 KSP Residual norm 2.438142289477e-02

Entering DMUMPS 5.6.2 from C interface with JOB, N =   3     1237277
      executing #MPI =    128 and #OMP =      2



 ****** SOLVE & CHECK STEP ********

 GLOBAL STATISTICS PRIOR SOLVE PHASE ...........
 Number of right-hand-sides                    =           1
 Blocking factor for multiple rhs              =           1
 ICNTL (9)                                     =           1
  --- (10)                                     =           0
  --- (11)                                     =           0
  --- (20)                                     =          10
  --- (21)                                     =           1
  --- (30)                                     =           0
  --- (35)                                     =           0
 WARNING: original distributed matrix is not allocated
 ** Rank of processor needing largest memory in solve     :       127
 ** Space in MBYTES used by this processor for solve      :       762
 ** Avg. Space in MBYTES per working proc during solve    :       404

 Leaving solve with ...
 Time to build/scatter RHS        =       0.002198
 Time in solution step (fwd/bwd)  =       0.142146
  .. Time in forward (fwd) step   =          0.081212
  .. Time in ScaLAPACK root       =          0.001407
  .. Time in backward (bwd) step  =          0.059505
 Time to gather solution(cent.sol)=       0.000000
 Time to copy/scale dist. solution=       0.000514

 Elapsed time in solve driver=       0.2892
   53 KSP Residual norm 2.331156375306e-02

Entering DMUMPS 5.6.2 from C interface with JOB, N =   3     1237277
      executing #MPI =    128 and #OMP =      2



 ****** SOLVE & CHECK STEP ********

 GLOBAL STATISTICS PRIOR SOLVE PHASE ...........
 Number of right-hand-sides                    =           1
 Blocking factor for multiple rhs              =           1
 ICNTL (9)                                     =           1
  --- (10)                                     =           0
  --- (11)                                     =           0
  --- (20)                                     =          10
  --- (21)                                     =           1
  --- (30)                                     =           0
  --- (35)                                     =           0
 WARNING: original distributed matrix is not allocated
 ** Rank of processor needing largest memory in solve     :       127
 ** Space in MBYTES used by this processor for solve      :       762
 ** Avg. Space in MBYTES per working proc during solve    :       404

 Leaving solve with ...
 Time to build/scatter RHS        =       0.002084
 Time in solution step (fwd/bwd)  =       0.145283
  .. Time in forward (fwd) step   =          0.079884
  .. Time in ScaLAPACK root       =          0.001427
  .. Time in backward (bwd) step  =          0.063946
 Time to gather solution(cent.sol)=       0.000000
 Time to copy/scale dist. solution=       0.000491

 Elapsed time in solve driver=       0.2936
   54 KSP Residual norm 2.172205254367e-02

Entering DMUMPS 5.6.2 from C interface with JOB, N =   3     1237277
      executing #MPI =    128 and #OMP =      2



 ****** SOLVE & CHECK STEP ********

 GLOBAL STATISTICS PRIOR SOLVE PHASE ...........
 Number of right-hand-sides                    =           1
 Blocking factor for multiple rhs              =           1
 ICNTL (9)                                     =           1
  --- (10)                                     =           0
  --- (11)                                     =           0
  --- (20)                                     =          10
  --- (21)                                     =           1
  --- (30)                                     =           0
  --- (35)                                     =           0
 WARNING: original distributed matrix is not allocated
 ** Rank of processor needing largest memory in solve     :       127
 ** Space in MBYTES used by this processor for solve      :       762
 ** Avg. Space in MBYTES per working proc during solve    :       404

 Leaving solve with ...
 Time to build/scatter RHS        =       0.002049
 Time in solution step (fwd/bwd)  =       0.145865
  .. Time in forward (fwd) step   =          0.080903
  .. Time in ScaLAPACK root       =          0.001441
  .. Time in backward (bwd) step  =          0.063500
 Time to gather solution(cent.sol)=       0.000000
 Time to copy/scale dist. solution=       0.000482

 Elapsed time in solve driver=       0.2934
   55 KSP Residual norm 1.944491083330e-02

Entering DMUMPS 5.6.2 from C interface with JOB, N =   3     1237277
      executing #MPI =    128 and #OMP =      2



 ****** SOLVE & CHECK STEP ********

 GLOBAL STATISTICS PRIOR SOLVE PHASE ...........
 Number of right-hand-sides                    =           1
 Blocking factor for multiple rhs              =           1
 ICNTL (9)                                     =           1
  --- (10)                                     =           0
  --- (11)                                     =           0
  --- (20)                                     =          10
  --- (21)                                     =           1
  --- (30)                                     =           0
  --- (35)                                     =           0
 WARNING: original distributed matrix is not allocated
 ** Rank of processor needing largest memory in solve     :       127
 ** Space in MBYTES used by this processor for solve      :       762
 ** Avg. Space in MBYTES per working proc during solve    :       404

 Leaving solve with ...
 Time to build/scatter RHS        =       0.001961
 Time in solution step (fwd/bwd)  =       0.145538
  .. Time in forward (fwd) step   =          0.080462
  .. Time in ScaLAPACK root       =          0.001425
  .. Time in backward (bwd) step  =          0.063632
 Time to gather solution(cent.sol)=       0.000000
 Time to copy/scale dist. solution=       0.000484

 Elapsed time in solve driver=       0.2919
   56 KSP Residual norm 1.657062139530e-02

Entering DMUMPS 5.6.2 from C interface with JOB, N =   3     1237277
      executing #MPI =    128 and #OMP =      2



 ****** SOLVE & CHECK STEP ********

 GLOBAL STATISTICS PRIOR SOLVE PHASE ...........
 Number of right-hand-sides                    =           1
 Blocking factor for multiple rhs              =           1
 ICNTL (9)                                     =           1
  --- (10)                                     =           0
  --- (11)                                     =           0
  --- (20)                                     =          10
  --- (21)                                     =           1
  --- (30)                                     =           0
  --- (35)                                     =           0
 WARNING: original distributed matrix is not allocated
 ** Rank of processor needing largest memory in solve     :       127
 ** Space in MBYTES used by this processor for solve      :       762
 ** Avg. Space in MBYTES per working proc during solve    :       404

 Leaving solve with ...
 Time to build/scatter RHS        =       0.001945
 Time in solution step (fwd/bwd)  =       0.146174
  .. Time in forward (fwd) step   =          0.081413
  .. Time in ScaLAPACK root       =          0.001437
  .. Time in backward (bwd) step  =          0.063292
 Time to gather solution(cent.sol)=       0.000000
 Time to copy/scale dist. solution=       0.000472

 Elapsed time in solve driver=       0.2967
   57 KSP Residual norm 1.463139767604e-02

Entering DMUMPS 5.6.2 from C interface with JOB, N =   3     1237277
      executing #MPI =    128 and #OMP =      2



 ****** SOLVE & CHECK STEP ********

 GLOBAL STATISTICS PRIOR SOLVE PHASE ...........
 Number of right-hand-sides                    =           1
 Blocking factor for multiple rhs              =           1
 ICNTL (9)                                     =           1
  --- (10)                                     =           0
  --- (11)                                     =           0
  --- (20)                                     =          10
  --- (21)                                     =           1
  --- (30)                                     =           0
  --- (35)                                     =           0
 WARNING: original distributed matrix is not allocated
 ** Rank of processor needing largest memory in solve     :       127
 ** Space in MBYTES used by this processor for solve      :       762
 ** Avg. Space in MBYTES per working proc during solve    :       404

 Leaving solve with ...
 Time to build/scatter RHS        =       0.002068
 Time in solution step (fwd/bwd)  =       0.146451
  .. Time in forward (fwd) step   =          0.080845
  .. Time in ScaLAPACK root       =          0.001434
  .. Time in backward (bwd) step  =          0.064152
 Time to gather solution(cent.sol)=       0.000000
 Time to copy/scale dist. solution=       0.000486

 Elapsed time in solve driver=       0.2950
   58 KSP Residual norm 1.293515258076e-02

Entering DMUMPS 5.6.2 from C interface with JOB, N =   3     1237277
      executing #MPI =    128 and #OMP =      2



 ****** SOLVE & CHECK STEP ********

 GLOBAL STATISTICS PRIOR SOLVE PHASE ...........
 Number of right-hand-sides                    =           1
 Blocking factor for multiple rhs              =           1
 ICNTL (9)                                     =           1
  --- (10)                                     =           0
  --- (11)                                     =           0
  --- (20)                                     =          10
  --- (21)                                     =           1
  --- (30)                                     =           0
  --- (35)                                     =           0
 WARNING: original distributed matrix is not allocated
 ** Rank of processor needing largest memory in solve     :       127
 ** Space in MBYTES used by this processor for solve      :       762
 ** Avg. Space in MBYTES per working proc during solve    :       404

 Leaving solve with ...
 Time to build/scatter RHS        =       0.002043
 Time in solution step (fwd/bwd)  =       0.145496
  .. Time in forward (fwd) step   =          0.080306
  .. Time in ScaLAPACK root       =          0.001420
  .. Time in backward (bwd) step  =          0.063744
 Time to gather solution(cent.sol)=       0.000000
 Time to copy/scale dist. solution=       0.000487

 Elapsed time in solve driver=       0.2910
   59 KSP Residual norm 1.162386641642e-02

Entering DMUMPS 5.6.2 from C interface with JOB, N =   3     1237277
      executing #MPI =    128 and #OMP =      2



 ****** SOLVE & CHECK STEP ********

 GLOBAL STATISTICS PRIOR SOLVE PHASE ...........
 Number of right-hand-sides                    =           1
 Blocking factor for multiple rhs              =           1
 ICNTL (9)                                     =           1
  --- (10)                                     =           0
  --- (11)                                     =           0
  --- (20)                                     =          10
  --- (21)                                     =           1
  --- (30)                                     =           0
  --- (35)                                     =           0
 WARNING: original distributed matrix is not allocated
 ** Rank of processor needing largest memory in solve     :       127
 ** Space in MBYTES used by this processor for solve      :       762
 ** Avg. Space in MBYTES per working proc during solve    :       404

 Leaving solve with ...
 Time to build/scatter RHS        =       0.001918
 Time in solution step (fwd/bwd)  =       0.141090
  .. Time in forward (fwd) step   =          0.081399
  .. Time in ScaLAPACK root       =          0.001424
  .. Time in backward (bwd) step  =          0.058247
 Time to gather solution(cent.sol)=       0.000000
 Time to copy/scale dist. solution=       0.000502

 Elapsed time in solve driver=       0.2863
   60 KSP Residual norm 1.024831990480e-02

Entering DMUMPS 5.6.2 from C interface with JOB, N =   3     1237277
      executing #MPI =    128 and #OMP =      2



 ****** SOLVE & CHECK STEP ********

 GLOBAL STATISTICS PRIOR SOLVE PHASE ...........
 Number of right-hand-sides                    =           1
 Blocking factor for multiple rhs              =           1
 ICNTL (9)                                     =           1
  --- (10)                                     =           0
  --- (11)                                     =           0
  --- (20)                                     =          10
  --- (21)                                     =           1
  --- (30)                                     =           0
  --- (35)                                     =           0
 WARNING: original distributed matrix is not allocated
 ** Rank of processor needing largest memory in solve     :       127
 ** Space in MBYTES used by this processor for solve      :       762
 ** Avg. Space in MBYTES per working proc during solve    :       404

 Leaving solve with ...
 Time to build/scatter RHS        =       0.001960
 Time in solution step (fwd/bwd)  =       0.148801
  .. Time in forward (fwd) step   =          0.081168
  .. Time in ScaLAPACK root       =          0.001441
  .. Time in backward (bwd) step  =          0.066165
 Time to gather solution(cent.sol)=       0.000000
 Time to copy/scale dist. solution=       0.000786

 Elapsed time in solve driver=       0.2939
   61 KSP Residual norm 8.487728347109e-03

Entering DMUMPS 5.6.2 from C interface with JOB, N =   3     1237277
      executing #MPI =    128 and #OMP =      2



 ****** SOLVE & CHECK STEP ********

 GLOBAL STATISTICS PRIOR SOLVE PHASE ...........
 Number of right-hand-sides                    =           1
 Blocking factor for multiple rhs              =           1
 ICNTL (9)                                     =           1
  --- (10)                                     =           0
  --- (11)                                     =           0
  --- (20)                                     =          10
  --- (21)                                     =           1
  --- (30)                                     =           0
  --- (35)                                     =           0
 WARNING: original distributed matrix is not allocated
 ** Rank of processor needing largest memory in solve     :       127
 ** Space in MBYTES used by this processor for solve      :       762
 ** Avg. Space in MBYTES per working proc during solve    :       404

 Leaving solve with ...
 Time to build/scatter RHS        =       0.001967
 Time in solution step (fwd/bwd)  =       0.146426
  .. Time in forward (fwd) step   =          0.080771
  .. Time in ScaLAPACK root       =          0.001451
  .. Time in backward (bwd) step  =          0.064178
 Time to gather solution(cent.sol)=       0.000000
 Time to copy/scale dist. solution=       0.000485

 Elapsed time in solve driver=       0.2917
   62 KSP Residual norm 7.239306699722e-03

Entering DMUMPS 5.6.2 from C interface with JOB, N =   3     1237277
      executing #MPI =    128 and #OMP =      2



 ****** SOLVE & CHECK STEP ********

 GLOBAL STATISTICS PRIOR SOLVE PHASE ...........
 Number of right-hand-sides                    =           1
 Blocking factor for multiple rhs              =           1
 ICNTL (9)                                     =           1
  --- (10)                                     =           0
  --- (11)                                     =           0
  --- (20)                                     =          10
  --- (21)                                     =           1
  --- (30)                                     =           0
  --- (35)                                     =           0
 WARNING: original distributed matrix is not allocated
 ** Rank of processor needing largest memory in solve     :       127
 ** Space in MBYTES used by this processor for solve      :       762
 ** Avg. Space in MBYTES per working proc during solve    :       404

 Leaving solve with ...
 Time to build/scatter RHS        =       0.002073
 Time in solution step (fwd/bwd)  =       0.141084
  .. Time in forward (fwd) step   =          0.080282
  .. Time in ScaLAPACK root       =          0.001422
  .. Time in backward (bwd) step  =          0.059357
 Time to gather solution(cent.sol)=       0.000000
 Time to copy/scale dist. solution=       0.000494

 Elapsed time in solve driver=       0.2872
   63 KSP Residual norm 6.253293493782e-03

Entering DMUMPS 5.6.2 from C interface with JOB, N =   3     1237277
      executing #MPI =    128 and #OMP =      2



 ****** SOLVE & CHECK STEP ********

 GLOBAL STATISTICS PRIOR SOLVE PHASE ...........
 Number of right-hand-sides                    =           1
 Blocking factor for multiple rhs              =           1
 ICNTL (9)                                     =           1
  --- (10)                                     =           0
  --- (11)                                     =           0
  --- (20)                                     =          10
  --- (21)                                     =           1
  --- (30)                                     =           0
  --- (35)                                     =           0
 WARNING: original distributed matrix is not allocated
 ** Rank of processor needing largest memory in solve     :       127
 ** Space in MBYTES used by this processor for solve      :       762
 ** Avg. Space in MBYTES per working proc during solve    :       404

 Leaving solve with ...
 Time to build/scatter RHS        =       0.002048
 Time in solution step (fwd/bwd)  =       0.142183
  .. Time in forward (fwd) step   =          0.080731
  .. Time in ScaLAPACK root       =          0.001407
  .. Time in backward (bwd) step  =          0.060014
 Time to gather solution(cent.sol)=       0.000000
 Time to copy/scale dist. solution=       0.000481

 Elapsed time in solve driver=       0.2942
   64 KSP Residual norm 5.671697108996e-03

Entering DMUMPS 5.6.2 from C interface with JOB, N =   3     1237277
      executing #MPI =    128 and #OMP =      2



 ****** SOLVE & CHECK STEP ********

 GLOBAL STATISTICS PRIOR SOLVE PHASE ...........
 Number of right-hand-sides                    =           1
 Blocking factor for multiple rhs              =           1
 ICNTL (9)                                     =           1
  --- (10)                                     =           0
  --- (11)                                     =           0
  --- (20)                                     =          10
  --- (21)                                     =           1
  --- (30)                                     =           0
  --- (35)                                     =           0
 WARNING: original distributed matrix is not allocated
 ** Rank of processor needing largest memory in solve     :       127
 ** Space in MBYTES used by this processor for solve      :       762
 ** Avg. Space in MBYTES per working proc during solve    :       404

 Leaving solve with ...
 Time to build/scatter RHS        =       0.002049
 Time in solution step (fwd/bwd)  =       0.146579
  .. Time in forward (fwd) step   =          0.080457
  .. Time in ScaLAPACK root       =          0.001424
  .. Time in backward (bwd) step  =          0.064673
 Time to gather solution(cent.sol)=       0.000000
 Time to copy/scale dist. solution=       0.000480

 Elapsed time in solve driver=       0.2960
   65 KSP Residual norm 5.213947534826e-03

Entering DMUMPS 5.6.2 from C interface with JOB, N =   3     1237277
      executing #MPI =    128 and #OMP =      2



 ****** SOLVE & CHECK STEP ********

 GLOBAL STATISTICS PRIOR SOLVE PHASE ...........
 Number of right-hand-sides                    =           1
 Blocking factor for multiple rhs              =           1
 ICNTL (9)                                     =           1
  --- (10)                                     =           0
  --- (11)                                     =           0
  --- (20)                                     =          10
  --- (21)                                     =           1
  --- (30)                                     =           0
  --- (35)                                     =           0
 WARNING: original distributed matrix is not allocated
 ** Rank of processor needing largest memory in solve     :       127
 ** Space in MBYTES used by this processor for solve      :       762
 ** Avg. Space in MBYTES per working proc during solve    :       404

 Leaving solve with ...
 Time to build/scatter RHS        =       0.001950
 Time in solution step (fwd/bwd)  =       0.145433
  .. Time in forward (fwd) step   =          0.080774
  .. Time in ScaLAPACK root       =          0.001427
  .. Time in backward (bwd) step  =          0.063224
 Time to gather solution(cent.sol)=       0.000000
 Time to copy/scale dist. solution=       0.000474

 Elapsed time in solve driver=       0.2937
   66 KSP Residual norm 4.766987321362e-03

Entering DMUMPS 5.6.2 from C interface with JOB, N =   3     1237277
      executing #MPI =    128 and #OMP =      2



 ****** SOLVE & CHECK STEP ********

 GLOBAL STATISTICS PRIOR SOLVE PHASE ...........
 Number of right-hand-sides                    =           1
 Blocking factor for multiple rhs              =           1
 ICNTL (9)                                     =           1
  --- (10)                                     =           0
  --- (11)                                     =           0
  --- (20)                                     =          10
  --- (21)                                     =           1
  --- (30)                                     =           0
  --- (35)                                     =           0
 WARNING: original distributed matrix is not allocated
 ** Rank of processor needing largest memory in solve     :       127
 ** Space in MBYTES used by this processor for solve      :       762
 ** Avg. Space in MBYTES per working proc during solve    :       404

 Leaving solve with ...
 Time to build/scatter RHS        =       0.002026
 Time in solution step (fwd/bwd)  =       0.143017
  .. Time in forward (fwd) step   =          0.080792
  .. Time in ScaLAPACK root       =          0.001433
  .. Time in backward (bwd) step  =          0.060773
 Time to gather solution(cent.sol)=       0.000000
 Time to copy/scale dist. solution=       0.000496

 Elapsed time in solve driver=       0.2879
   67 KSP Residual norm 4.275802727926e-03

Entering DMUMPS 5.6.2 from C interface with JOB, N =   3     1237277
      executing #MPI =    128 and #OMP =      2



 ****** SOLVE & CHECK STEP ********

 GLOBAL STATISTICS PRIOR SOLVE PHASE ...........
 Number of right-hand-sides                    =           1
 Blocking factor for multiple rhs              =           1
 ICNTL (9)                                     =           1
  --- (10)                                     =           0
  --- (11)                                     =           0
  --- (20)                                     =          10
  --- (21)                                     =           1
  --- (30)                                     =           0
  --- (35)                                     =           0
 WARNING: original distributed matrix is not allocated
 ** Rank of processor needing largest memory in solve     :       127
 ** Space in MBYTES used by this processor for solve      :       762
 ** Avg. Space in MBYTES per working proc during solve    :       404

 Leaving solve with ...
 Time to build/scatter RHS        =       0.002071
 Time in solution step (fwd/bwd)  =       0.145282
  .. Time in forward (fwd) step   =          0.080340
  .. Time in ScaLAPACK root       =          0.001422
  .. Time in backward (bwd) step  =          0.063501
 Time to gather solution(cent.sol)=       0.000000
 Time to copy/scale dist. solution=       0.000481

 Elapsed time in solve driver=       0.2883
   68 KSP Residual norm 3.615364035102e-03

Entering DMUMPS 5.6.2 from C interface with JOB, N =   3     1237277
      executing #MPI =    128 and #OMP =      2



 ****** SOLVE & CHECK STEP ********

 GLOBAL STATISTICS PRIOR SOLVE PHASE ...........
 Number of right-hand-sides                    =           1
 Blocking factor for multiple rhs              =           1
 ICNTL (9)                                     =           1
  --- (10)                                     =           0
  --- (11)                                     =           0
  --- (20)                                     =          10
  --- (21)                                     =           1
  --- (30)                                     =           0
  --- (35)                                     =           0
 WARNING: original distributed matrix is not allocated
 ** Rank of processor needing largest memory in solve     :       127
 ** Space in MBYTES used by this processor for solve      :       762
 ** Avg. Space in MBYTES per working proc during solve    :       404

 Leaving solve with ...
 Time to build/scatter RHS        =       0.001956
 Time in solution step (fwd/bwd)  =       0.140358
  .. Time in forward (fwd) step   =          0.080279
  .. Time in ScaLAPACK root       =          0.001430
  .. Time in backward (bwd) step  =          0.058630
 Time to gather solution(cent.sol)=       0.000000
 Time to copy/scale dist. solution=       0.000492

 Elapsed time in solve driver=       0.2863
   69 KSP Residual norm 2.965547593656e-03

Entering DMUMPS 5.6.2 from C interface with JOB, N =   3     1237277
      executing #MPI =    128 and #OMP =      2



 ****** SOLVE & CHECK STEP ********

 GLOBAL STATISTICS PRIOR SOLVE PHASE ...........
 Number of right-hand-sides                    =           1
 Blocking factor for multiple rhs              =           1
 ICNTL (9)                                     =           1
  --- (10)                                     =           0
  --- (11)                                     =           0
  --- (20)                                     =          10
  --- (21)                                     =           1
  --- (30)                                     =           0
  --- (35)                                     =           0
 WARNING: original distributed matrix is not allocated
 ** Rank of processor needing largest memory in solve     :       127
 ** Space in MBYTES used by this processor for solve      :       762
 ** Avg. Space in MBYTES per working proc during solve    :       404

 Leaving solve with ...
 Time to build/scatter RHS        =       0.001943
 Time in solution step (fwd/bwd)  =       0.144710
  .. Time in forward (fwd) step   =          0.080569
  .. Time in ScaLAPACK root       =          0.001512
  .. Time in backward (bwd) step  =          0.062600
 Time to gather solution(cent.sol)=       0.000000
 Time to copy/scale dist. solution=       0.000489

 Elapsed time in solve driver=       0.2911
   70 KSP Residual norm 2.492737321166e-03

Entering DMUMPS 5.6.2 from C interface with JOB, N =   3     1237277
      executing #MPI =    128 and #OMP =      2



 ****** SOLVE & CHECK STEP ********

 GLOBAL STATISTICS PRIOR SOLVE PHASE ...........
 Number of right-hand-sides                    =           1
 Blocking factor for multiple rhs              =           1
 ICNTL (9)                                     =           1
  --- (10)                                     =           0
  --- (11)                                     =           0
  --- (20)                                     =          10
  --- (21)                                     =           1
  --- (30)                                     =           0
  --- (35)                                     =           0
 WARNING: original distributed matrix is not allocated
 ** Rank of processor needing largest memory in solve     :       127
 ** Space in MBYTES used by this processor for solve      :       762
 ** Avg. Space in MBYTES per working proc during solve    :       404

 Leaving solve with ...
 Time to build/scatter RHS        =       0.002793
 Time in solution step (fwd/bwd)  =       0.144756
  .. Time in forward (fwd) step   =          0.081483
  .. Time in ScaLAPACK root       =          0.001469
  .. Time in backward (bwd) step  =          0.061775
 Time to gather solution(cent.sol)=       0.000000
 Time to copy/scale dist. solution=       0.000667

 Elapsed time in solve driver=       0.3211
   71 KSP Residual norm 2.111923073573e-03

Entering DMUMPS 5.6.2 from C interface with JOB, N =   3     1237277
      executing #MPI =    128 and #OMP =      2



 ****** SOLVE & CHECK STEP ********

 GLOBAL STATISTICS PRIOR SOLVE PHASE ...........
 Number of right-hand-sides                    =           1
 Blocking factor for multiple rhs              =           1
 ICNTL (9)                                     =           1
  --- (10)                                     =           0
  --- (11)                                     =           0
  --- (20)                                     =          10
  --- (21)                                     =           1
  --- (30)                                     =           0
  --- (35)                                     =           0
 WARNING: original distributed matrix is not allocated
 ** Rank of processor needing largest memory in solve     :       127
 ** Space in MBYTES used by this processor for solve      :       762
 ** Avg. Space in MBYTES per working proc during solve    :       404

 Leaving solve with ...
 Time to build/scatter RHS        =       0.050393
 Time in solution step (fwd/bwd)  =       0.463348
  .. Time in forward (fwd) step   =          0.398359
  .. Time in ScaLAPACK root       =          0.001500
  .. Time in backward (bwd) step  =          0.063467
 Time to gather solution(cent.sol)=       0.000000
 Time to copy/scale dist. solution=       0.000486

 Elapsed time in solve driver=       0.6581
   72 KSP Residual norm 1.825702227946e-03

Entering DMUMPS 5.6.2 from C interface with JOB, N =   3     1237277
      executing #MPI =    128 and #OMP =      2



 ****** SOLVE & CHECK STEP ********

 GLOBAL STATISTICS PRIOR SOLVE PHASE ...........
 Number of right-hand-sides                    =           1
 Blocking factor for multiple rhs              =           1
 ICNTL (9)                                     =           1
  --- (10)                                     =           0
  --- (11)                                     =           0
  --- (20)                                     =          10
  --- (21)                                     =           1
  --- (30)                                     =           0
  --- (35)                                     =           0
 WARNING: original distributed matrix is not allocated
 ** Rank of processor needing largest memory in solve     :       127
 ** Space in MBYTES used by this processor for solve      :       762
 ** Avg. Space in MBYTES per working proc during solve    :       404

 Leaving solve with ...
 Time to build/scatter RHS        =       0.019948
 Time in solution step (fwd/bwd)  =       0.147743
  .. Time in forward (fwd) step   =          0.081657
  .. Time in ScaLAPACK root       =          0.001437
  .. Time in backward (bwd) step  =          0.064623
 Time to gather solution(cent.sol)=       0.000000
 Time to copy/scale dist. solution=       0.000478

 Elapsed time in solve driver=       0.3127
   73 KSP Residual norm 1.604816357729e-03

Entering DMUMPS 5.6.2 from C interface with JOB, N =   3     1237277
      executing #MPI =    128 and #OMP =      2



 ****** SOLVE & CHECK STEP ********

 GLOBAL STATISTICS PRIOR SOLVE PHASE ...........
 Number of right-hand-sides                    =           1
 Blocking factor for multiple rhs              =           1
 ICNTL (9)                                     =           1
  --- (10)                                     =           0
  --- (11)                                     =           0
  --- (20)                                     =          10
  --- (21)                                     =           1
  --- (30)                                     =           0
  --- (35)                                     =           0
 WARNING: original distributed matrix is not allocated
 ** Rank of processor needing largest memory in solve     :       127
 ** Space in MBYTES used by this processor for solve      :       762
 ** Avg. Space in MBYTES per working proc during solve    :       404

 Leaving solve with ...
 Time to build/scatter RHS        =       0.063009
 Time in solution step (fwd/bwd)  =       0.148459
  .. Time in forward (fwd) step   =          0.082049
  .. Time in ScaLAPACK root       =          0.001446
  .. Time in backward (bwd) step  =          0.064946
 Time to gather solution(cent.sol)=       0.000000
 Time to copy/scale dist. solution=       0.000484

 Elapsed time in solve driver=       0.3559
   74 KSP Residual norm 1.366154135262e-03

Entering DMUMPS 5.6.2 from C interface with JOB, N =   3     1237277
      executing #MPI =    128 and #OMP =      2



 ****** SOLVE & CHECK STEP ********

 GLOBAL STATISTICS PRIOR SOLVE PHASE ...........
 Number of right-hand-sides                    =           1
 Blocking factor for multiple rhs              =           1
 ICNTL (9)                                     =           1
  --- (10)                                     =           0
  --- (11)                                     =           0
  --- (20)                                     =          10
  --- (21)                                     =           1
  --- (30)                                     =           0
  --- (35)                                     =           0
 WARNING: original distributed matrix is not allocated
 ** Rank of processor needing largest memory in solve     :       127
 ** Space in MBYTES used by this processor for solve      :       762
 ** Avg. Space in MBYTES per working proc during solve    :       404

 Leaving solve with ...
 Time to build/scatter RHS        =       0.001968
 Time in solution step (fwd/bwd)  =       0.141594
  .. Time in forward (fwd) step   =          0.080530
  .. Time in ScaLAPACK root       =          0.001427
  .. Time in backward (bwd) step  =          0.059618
 Time to gather solution(cent.sol)=       0.000000
 Time to copy/scale dist. solution=       0.000507

 Elapsed time in solve driver=       0.2880
   75 KSP Residual norm 1.204517767934e-03

Entering DMUMPS 5.6.2 from C interface with JOB, N =   3     1237277
      executing #MPI =    128 and #OMP =      2



 ****** SOLVE & CHECK STEP ********

 GLOBAL STATISTICS PRIOR SOLVE PHASE ...........
 Number of right-hand-sides                    =           1
 Blocking factor for multiple rhs              =           1
 ICNTL (9)                                     =           1
  --- (10)                                     =           0
  --- (11)                                     =           0
  --- (20)                                     =          10
  --- (21)                                     =           1
  --- (30)                                     =           0
  --- (35)                                     =           0
 WARNING: original distributed matrix is not allocated
 ** Rank of processor needing largest memory in solve     :       127
 ** Space in MBYTES used by this processor for solve      :       762
 ** Avg. Space in MBYTES per working proc during solve    :       404

 Leaving solve with ...
 Time to build/scatter RHS        =       0.001994
 Time in solution step (fwd/bwd)  =       0.140647
  .. Time in forward (fwd) step   =          0.081406
  .. Time in ScaLAPACK root       =          0.001434
  .. Time in backward (bwd) step  =          0.057781
 Time to gather solution(cent.sol)=       0.000000
 Time to copy/scale dist. solution=       0.000493

 Elapsed time in solve driver=       0.2893
   76 KSP Residual norm 1.090521240925e-03

Entering DMUMPS 5.6.2 from C interface with JOB, N =   3     1237277
      executing #MPI =    128 and #OMP =      2



 ****** SOLVE & CHECK STEP ********

 GLOBAL STATISTICS PRIOR SOLVE PHASE ...........
 Number of right-hand-sides                    =           1
 Blocking factor for multiple rhs              =           1
 ICNTL (9)                                     =           1
  --- (10)                                     =           0
  --- (11)                                     =           0
  --- (20)                                     =          10
  --- (21)                                     =           1
  --- (30)                                     =           0
  --- (35)                                     =           0
 WARNING: original distributed matrix is not allocated
 ** Rank of processor needing largest memory in solve     :       127
 ** Space in MBYTES used by this processor for solve      :       762
 ** Avg. Space in MBYTES per working proc during solve    :       404

 Leaving solve with ...
 Time to build/scatter RHS        =       0.001999
 Time in solution step (fwd/bwd)  =       0.140342
  .. Time in forward (fwd) step   =          0.080997
  .. Time in ScaLAPACK root       =          0.001418
  .. Time in backward (bwd) step  =          0.057907
 Time to gather solution(cent.sol)=       0.000000
 Time to copy/scale dist. solution=       0.000512

 Elapsed time in solve driver=       0.2929
   77 KSP Residual norm 1.018272210605e-03

Entering DMUMPS 5.6.2 from C interface with JOB, N =   3     1237277
      executing #MPI =    128 and #OMP =      2



 ****** SOLVE & CHECK STEP ********

 GLOBAL STATISTICS PRIOR SOLVE PHASE ...........
 Number of right-hand-sides                    =           1
 Blocking factor for multiple rhs              =           1
 ICNTL (9)                                     =           1
  --- (10)                                     =           0
  --- (11)                                     =           0
  --- (20)                                     =          10
  --- (21)                                     =           1
  --- (30)                                     =           0
  --- (35)                                     =           0
 WARNING: original distributed matrix is not allocated
 ** Rank of processor needing largest memory in solve     :       127
 ** Space in MBYTES used by this processor for solve      :       762
 ** Avg. Space in MBYTES per working proc during solve    :       404

 Leaving solve with ...
 Time to build/scatter RHS        =       0.002039
 Time in solution step (fwd/bwd)  =       0.147144
  .. Time in forward (fwd) step   =          0.081043
  .. Time in ScaLAPACK root       =          0.001432
  .. Time in backward (bwd) step  =          0.064636
 Time to gather solution(cent.sol)=       0.000000
 Time to copy/scale dist. solution=       0.000487

 Elapsed time in solve driver=       0.2930
   78 KSP Residual norm 9.682333643133e-04

Entering DMUMPS 5.6.2 from C interface with JOB, N =   3     1237277
      executing #MPI =    128 and #OMP =      2



 ****** SOLVE & CHECK STEP ********

 GLOBAL STATISTICS PRIOR SOLVE PHASE ...........
 Number of right-hand-sides                    =           1
 Blocking factor for multiple rhs              =           1
 ICNTL (9)                                     =           1
  --- (10)                                     =           0
  --- (11)                                     =           0
  --- (20)                                     =          10
  --- (21)                                     =           1
  --- (30)                                     =           0
  --- (35)                                     =           0
 WARNING: original distributed matrix is not allocated
 ** Rank of processor needing largest memory in solve     :       127
 ** Space in MBYTES used by this processor for solve      :       762
 ** Avg. Space in MBYTES per working proc during solve    :       404

 Leaving solve with ...
 Time to build/scatter RHS        =       0.001976
 Time in solution step (fwd/bwd)  =       0.147444
  .. Time in forward (fwd) step   =          0.081242
  .. Time in ScaLAPACK root       =          0.001463
  .. Time in backward (bwd) step  =          0.064719
 Time to gather solution(cent.sol)=       0.000000
 Time to copy/scale dist. solution=       0.000483

 Elapsed time in solve driver=       0.2952
   79 KSP Residual norm 9.404584013922e-04

Entering DMUMPS 5.6.2 from C interface with JOB, N =   3     1237277
      executing #MPI =    128 and #OMP =      2



 ****** SOLVE & CHECK STEP ********

 GLOBAL STATISTICS PRIOR SOLVE PHASE ...........
 Number of right-hand-sides                    =           1
 Blocking factor for multiple rhs              =           1
 ICNTL (9)                                     =           1
  --- (10)                                     =           0
  --- (11)                                     =           0
  --- (20)                                     =          10
  --- (21)                                     =           1
  --- (30)                                     =           0
  --- (35)                                     =           0
 WARNING: original distributed matrix is not allocated
 ** Rank of processor needing largest memory in solve     :       127
 ** Space in MBYTES used by this processor for solve      :       762
 ** Avg. Space in MBYTES per working proc during solve    :       404

 Leaving solve with ...
 Time to build/scatter RHS        =       0.012905
 Time in solution step (fwd/bwd)  =       0.149173
  .. Time in forward (fwd) step   =          0.081172
  .. Time in ScaLAPACK root       =          0.001450
  .. Time in backward (bwd) step  =          0.066532
 Time to gather solution(cent.sol)=       0.000000
 Time to copy/scale dist. solution=       0.000476

 Elapsed time in solve driver=       0.3042
   80 KSP Residual norm 9.274714839212e-04

Entering DMUMPS 5.6.2 from C interface with JOB, N =   3     1237277
      executing #MPI =    128 and #OMP =      2



 ****** SOLVE & CHECK STEP ********

 GLOBAL STATISTICS PRIOR SOLVE PHASE ...........
 Number of right-hand-sides                    =           1
 Blocking factor for multiple rhs              =           1
 ICNTL (9)                                     =           1
  --- (10)                                     =           0
  --- (11)                                     =           0
  --- (20)                                     =          10
  --- (21)                                     =           1
  --- (30)                                     =           0
  --- (35)                                     =           0
 WARNING: original distributed matrix is not allocated
 ** Rank of processor needing largest memory in solve     :       127
 ** Space in MBYTES used by this processor for solve      :       762
 ** Avg. Space in MBYTES per working proc during solve    :       404

 Leaving solve with ...
 Time to build/scatter RHS        =       0.003463
 Time in solution step (fwd/bwd)  =       0.146507
  .. Time in forward (fwd) step   =          0.080572
  .. Time in ScaLAPACK root       =          0.001433
  .. Time in backward (bwd) step  =          0.064482
 Time to gather solution(cent.sol)=       0.000000
 Time to copy/scale dist. solution=       0.000482

 Elapsed time in solve driver=       0.2926
   81 KSP Residual norm 9.193357959597e-04

Entering DMUMPS 5.6.2 from C interface with JOB, N =   3     1237277
      executing #MPI =    128 and #OMP =      2



 ****** SOLVE & CHECK STEP ********

 GLOBAL STATISTICS PRIOR SOLVE PHASE ...........
 Number of right-hand-sides                    =           1
 Blocking factor for multiple rhs              =           1
 ICNTL (9)                                     =           1
  --- (10)                                     =           0
  --- (11)                                     =           0
  --- (20)                                     =          10
  --- (21)                                     =           1
  --- (30)                                     =           0
  --- (35)                                     =           0
 WARNING: original distributed matrix is not allocated
 ** Rank of processor needing largest memory in solve     :       127
 ** Space in MBYTES used by this processor for solve      :       762
 ** Avg. Space in MBYTES per working proc during solve    :       404

 Leaving solve with ...
 Time to build/scatter RHS        =       0.063000
 Time in solution step (fwd/bwd)  =       0.143948
  .. Time in forward (fwd) step   =          0.082037
  .. Time in ScaLAPACK root       =          0.001471
  .. Time in backward (bwd) step  =          0.060412
 Time to gather solution(cent.sol)=       0.000000
 Time to copy/scale dist. solution=       0.000501

 Elapsed time in solve driver=       0.3523
   82 KSP Residual norm 8.978090584221e-04

Entering DMUMPS 5.6.2 from C interface with JOB, N =   3     1237277
      executing #MPI =    128 and #OMP =      2



 ****** SOLVE & CHECK STEP ********

 GLOBAL STATISTICS PRIOR SOLVE PHASE ...........
 Number of right-hand-sides                    =           1
 Blocking factor for multiple rhs              =           1
 ICNTL (9)                                     =           1
  --- (10)                                     =           0
  --- (11)                                     =           0
  --- (20)                                     =          10
  --- (21)                                     =           1
  --- (30)                                     =           0
  --- (35)                                     =           0
 WARNING: original distributed matrix is not allocated
 ** Rank of processor needing largest memory in solve     :       127
 ** Space in MBYTES used by this processor for solve      :       762
 ** Avg. Space in MBYTES per working proc during solve    :       404

 Leaving solve with ...
 Time to build/scatter RHS        =       0.032685
 Time in solution step (fwd/bwd)  =       0.143231
  .. Time in forward (fwd) step   =          0.081474
  .. Time in ScaLAPACK root       =          0.001527
  .. Time in backward (bwd) step  =          0.060206
 Time to gather solution(cent.sol)=       0.000000
 Time to copy/scale dist. solution=       0.000565

 Elapsed time in solve driver=       0.3235
   83 KSP Residual norm 8.471891146606e-04

Entering DMUMPS 5.6.2 from C interface with JOB, N =   3     1237277
      executing #MPI =    128 and #OMP =      2



 ****** SOLVE & CHECK STEP ********

 GLOBAL STATISTICS PRIOR SOLVE PHASE ...........
 Number of right-hand-sides                    =           1
 Blocking factor for multiple rhs              =           1
 ICNTL (9)                                     =           1
  --- (10)                                     =           0
  --- (11)                                     =           0
  --- (20)                                     =          10
  --- (21)                                     =           1
  --- (30)                                     =           0
  --- (35)                                     =           0
 WARNING: original distributed matrix is not allocated
 ** Rank of processor needing largest memory in solve     :       127
 ** Space in MBYTES used by this processor for solve      :       762
 ** Avg. Space in MBYTES per working proc during solve    :       404

 Leaving solve with ...
 Time to build/scatter RHS        =       0.011569
 Time in solution step (fwd/bwd)  =       0.147971
  .. Time in forward (fwd) step   =          0.080857
  .. Time in ScaLAPACK root       =          0.001461
  .. Time in backward (bwd) step  =          0.065630
 Time to gather solution(cent.sol)=       0.000000
 Time to copy/scale dist. solution=       0.000499

 Elapsed time in solve driver=       0.3091
   84 KSP Residual norm 7.520046152206e-04

Entering DMUMPS 5.6.2 from C interface with JOB, N =   3     1237277
      executing #MPI =    128 and #OMP =      2



 ****** SOLVE & CHECK STEP ********

 GLOBAL STATISTICS PRIOR SOLVE PHASE ...........
 Number of right-hand-sides                    =           1
 Blocking factor for multiple rhs              =           1
 ICNTL (9)                                     =           1
  --- (10)                                     =           0
  --- (11)                                     =           0
  --- (20)                                     =          10
  --- (21)                                     =           1
  --- (30)                                     =           0
  --- (35)                                     =           0
 WARNING: original distributed matrix is not allocated
 ** Rank of processor needing largest memory in solve     :       127
 ** Space in MBYTES used by this processor for solve      :       762
 ** Avg. Space in MBYTES per working proc during solve    :       404

 Leaving solve with ...
 Time to build/scatter RHS        =       0.033322
 Time in solution step (fwd/bwd)  =       0.146713
  .. Time in forward (fwd) step   =          0.081334
  .. Time in ScaLAPACK root       =          0.001463
  .. Time in backward (bwd) step  =          0.063881
 Time to gather solution(cent.sol)=       0.000000
 Time to copy/scale dist. solution=       0.000494

 Elapsed time in solve driver=       0.3288
   85 KSP Residual norm 6.392444313528e-04

Entering DMUMPS 5.6.2 from C interface with JOB, N =   3     1237277
      executing #MPI =    128 and #OMP =      2



 ****** SOLVE & CHECK STEP ********

 GLOBAL STATISTICS PRIOR SOLVE PHASE ...........
 Number of right-hand-sides                    =           1
 Blocking factor for multiple rhs              =           1
 ICNTL (9)                                     =           1
  --- (10)                                     =           0
  --- (11)                                     =           0
  --- (20)                                     =          10
  --- (21)                                     =           1
  --- (30)                                     =           0
  --- (35)                                     =           0
 WARNING: original distributed matrix is not allocated
 ** Rank of processor needing largest memory in solve     :       127
 ** Space in MBYTES used by this processor for solve      :       762
 ** Avg. Space in MBYTES per working proc during solve    :       404

 Leaving solve with ...
 Time to build/scatter RHS        =       0.002078
 Time in solution step (fwd/bwd)  =       0.144739
  .. Time in forward (fwd) step   =          0.081724
  .. Time in ScaLAPACK root       =          0.001421
  .. Time in backward (bwd) step  =          0.061576
 Time to gather solution(cent.sol)=       0.000000
 Time to copy/scale dist. solution=       0.000491

 Elapsed time in solve driver=       0.2954
   86 KSP Residual norm 5.573589319013e-04

Entering DMUMPS 5.6.2 from C interface with JOB, N =   3     1237277
      executing #MPI =    128 and #OMP =      2



 ****** SOLVE & CHECK STEP ********

 GLOBAL STATISTICS PRIOR SOLVE PHASE ...........
 Number of right-hand-sides                    =           1
 Blocking factor for multiple rhs              =           1
 ICNTL (9)                                     =           1
  --- (10)                                     =           0
  --- (11)                                     =           0
  --- (20)                                     =          10
  --- (21)                                     =           1
  --- (30)                                     =           0
  --- (35)                                     =           0
 WARNING: original distributed matrix is not allocated
 ** Rank of processor needing largest memory in solve     :       127
 ** Space in MBYTES used by this processor for solve      :       762
 ** Avg. Space in MBYTES per working proc during solve    :       404

 Leaving solve with ...
 Time to build/scatter RHS        =       0.001983
 Time in solution step (fwd/bwd)  =       0.141911
  .. Time in forward (fwd) step   =          0.081026
  .. Time in ScaLAPACK root       =          0.001616
  .. Time in backward (bwd) step  =          0.059246
 Time to gather solution(cent.sol)=       0.000000
 Time to copy/scale dist. solution=       0.000490

 Elapsed time in solve driver=       0.2923
   87 KSP Residual norm 4.953805411492e-04

Entering DMUMPS 5.6.2 from C interface with JOB, N =   3     1237277
      executing #MPI =    128 and #OMP =      2



 ****** SOLVE & CHECK STEP ********

 GLOBAL STATISTICS PRIOR SOLVE PHASE ...........
 Number of right-hand-sides                    =           1
 Blocking factor for multiple rhs              =           1
 ICNTL (9)                                     =           1
  --- (10)                                     =           0
  --- (11)                                     =           0
  --- (20)                                     =          10
  --- (21)                                     =           1
  --- (30)                                     =           0
  --- (35)                                     =           0
 WARNING: original distributed matrix is not allocated
 ** Rank of processor needing largest memory in solve     :       127
 ** Space in MBYTES used by this processor for solve      :       762
 ** Avg. Space in MBYTES per working proc during solve    :       404

 Leaving solve with ...
 Time to build/scatter RHS        =       0.002361
 Time in solution step (fwd/bwd)  =       0.143766
  .. Time in forward (fwd) step   =          0.080898
  .. Time in ScaLAPACK root       =          0.001411
  .. Time in backward (bwd) step  =          0.061426
 Time to gather solution(cent.sol)=       0.000000
 Time to copy/scale dist. solution=       0.000472

 Elapsed time in solve driver=       0.2923
   88 KSP Residual norm 4.431101712703e-04

Entering DMUMPS 5.6.2 from C interface with JOB, N =   3     1237277
      executing #MPI =    128 and #OMP =      2



 ****** SOLVE & CHECK STEP ********

 GLOBAL STATISTICS PRIOR SOLVE PHASE ...........
 Number of right-hand-sides                    =           1
 Blocking factor for multiple rhs              =           1
 ICNTL (9)                                     =           1
  --- (10)                                     =           0
  --- (11)                                     =           0
  --- (20)                                     =          10
  --- (21)                                     =           1
  --- (30)                                     =           0
  --- (35)                                     =           0
 WARNING: original distributed matrix is not allocated
 ** Rank of processor needing largest memory in solve     :       127
 ** Space in MBYTES used by this processor for solve      :       762
 ** Avg. Space in MBYTES per working proc during solve    :       404

 Leaving solve with ...
 Time to build/scatter RHS        =       0.001894
 Time in solution step (fwd/bwd)  =       0.141751
  .. Time in forward (fwd) step   =          0.080764
  .. Time in ScaLAPACK root       =          0.001438
  .. Time in backward (bwd) step  =          0.059525
 Time to gather solution(cent.sol)=       0.000000
 Time to copy/scale dist. solution=       0.000494

 Elapsed time in solve driver=       0.2935
   89 KSP Residual norm 3.972769799983e-04

Entering DMUMPS 5.6.2 from C interface with JOB, N =   3     1237277
      executing #MPI =    128 and #OMP =      2



 ****** SOLVE & CHECK STEP ********

 GLOBAL STATISTICS PRIOR SOLVE PHASE ...........
 Number of right-hand-sides                    =           1
 Blocking factor for multiple rhs              =           1
 ICNTL (9)                                     =           1
  --- (10)                                     =           0
  --- (11)                                     =           0
  --- (20)                                     =          10
  --- (21)                                     =           1
  --- (30)                                     =           0
  --- (35)                                     =           0
 WARNING: original distributed matrix is not allocated
 ** Rank of processor needing largest memory in solve     :       127
 ** Space in MBYTES used by this processor for solve      :       762
 ** Avg. Space in MBYTES per working proc during solve    :       404

 Leaving solve with ...
 Time to build/scatter RHS        =       0.001876
 Time in solution step (fwd/bwd)  =       0.147351
  .. Time in forward (fwd) step   =          0.080995
  .. Time in ScaLAPACK root       =          0.001447
  .. Time in backward (bwd) step  =          0.064885
 Time to gather solution(cent.sol)=       0.000000
 Time to copy/scale dist. solution=       0.000485

 Elapsed time in solve driver=       0.2977
   90 KSP Residual norm 3.600983124415e-04

Entering DMUMPS 5.6.2 from C interface with JOB, N =   3     1237277
      executing #MPI =    128 and #OMP =      2



 ****** SOLVE & CHECK STEP ********

 GLOBAL STATISTICS PRIOR SOLVE PHASE ...........
 Number of right-hand-sides                    =           1
 Blocking factor for multiple rhs              =           1
 ICNTL (9)                                     =           1
  --- (10)                                     =           0
  --- (11)                                     =           0
  --- (20)                                     =          10
  --- (21)                                     =           1
  --- (30)                                     =           0
  --- (35)                                     =           0
 WARNING: original distributed matrix is not allocated
 ** Rank of processor needing largest memory in solve     :       127
 ** Space in MBYTES used by this processor for solve      :       762
 ** Avg. Space in MBYTES per working proc during solve    :       404

 Leaving solve with ...
 Time to build/scatter RHS        =       0.002144
 Time in solution step (fwd/bwd)  =       0.142534
  .. Time in forward (fwd) step   =          0.080742
  .. Time in ScaLAPACK root       =          0.001431
  .. Time in backward (bwd) step  =          0.060343
 Time to gather solution(cent.sol)=       0.000000
 Time to copy/scale dist. solution=       0.000488

 Elapsed time in solve driver=       0.2960
   91 KSP Residual norm 3.310339975448e-04

Entering DMUMPS 5.6.2 from C interface with JOB, N =   3     1237277
      executing #MPI =    128 and #OMP =      2



 ****** SOLVE & CHECK STEP ********

 GLOBAL STATISTICS PRIOR SOLVE PHASE ...........
 Number of right-hand-sides                    =           1
 Blocking factor for multiple rhs              =           1
 ICNTL (9)                                     =           1
  --- (10)                                     =           0
  --- (11)                                     =           0
  --- (20)                                     =          10
  --- (21)                                     =           1
  --- (30)                                     =           0
  --- (35)                                     =           0
 WARNING: original distributed matrix is not allocated
 ** Rank of processor needing largest memory in solve     :       127
 ** Space in MBYTES used by this processor for solve      :       762
 ** Avg. Space in MBYTES per working proc during solve    :       404

 Leaving solve with ...
 Time to build/scatter RHS        =       0.001871
 Time in solution step (fwd/bwd)  =       0.145269
  .. Time in forward (fwd) step   =          0.080247
  .. Time in ScaLAPACK root       =          0.001440
  .. Time in backward (bwd) step  =          0.063551
 Time to gather solution(cent.sol)=       0.000000
 Time to copy/scale dist. solution=       0.000489

 Elapsed time in solve driver=       0.2954
   92 KSP Residual norm 3.055499466683e-04

Entering DMUMPS 5.6.2 from C interface with JOB, N =   3     1237277
      executing #MPI =    128 and #OMP =      2



 ****** SOLVE & CHECK STEP ********

 GLOBAL STATISTICS PRIOR SOLVE PHASE ...........
 Number of right-hand-sides                    =           1
 Blocking factor for multiple rhs              =           1
 ICNTL (9)                                     =           1
  --- (10)                                     =           0
  --- (11)                                     =           0
  --- (20)                                     =          10
  --- (21)                                     =           1
  --- (30)                                     =           0
  --- (35)                                     =           0
 WARNING: original distributed matrix is not allocated
 ** Rank of processor needing largest memory in solve     :       127
 ** Space in MBYTES used by this processor for solve      :       762
 ** Avg. Space in MBYTES per working proc during solve    :       404

 Leaving solve with ...
 Time to build/scatter RHS        =       0.002177
 Time in solution step (fwd/bwd)  =       0.143904
  .. Time in forward (fwd) step   =          0.081041
  .. Time in ScaLAPACK root       =          0.001427
  .. Time in backward (bwd) step  =          0.061416
 Time to gather solution(cent.sol)=       0.000000
 Time to copy/scale dist. solution=       0.000480

 Elapsed time in solve driver=       0.3012
   93 KSP Residual norm 2.828630198111e-04

Entering DMUMPS 5.6.2 from C interface with JOB, N =   3     1237277
      executing #MPI =    128 and #OMP =      2



 ****** SOLVE & CHECK STEP ********

 GLOBAL STATISTICS PRIOR SOLVE PHASE ...........
 Number of right-hand-sides                    =           1
 Blocking factor for multiple rhs              =           1
 ICNTL (9)                                     =           1
  --- (10)                                     =           0
  --- (11)                                     =           0
  --- (20)                                     =          10
  --- (21)                                     =           1
  --- (30)                                     =           0
  --- (35)                                     =           0
 WARNING: original distributed matrix is not allocated
 ** Rank of processor needing largest memory in solve     :       127
 ** Space in MBYTES used by this processor for solve      :       762
 ** Avg. Space in MBYTES per working proc during solve    :       404

 Leaving solve with ...
 Time to build/scatter RHS        =       0.001961
 Time in solution step (fwd/bwd)  =       0.144635
  .. Time in forward (fwd) step   =          0.080328
  .. Time in ScaLAPACK root       =          0.001416
  .. Time in backward (bwd) step  =          0.062869
 Time to gather solution(cent.sol)=       0.000000
 Time to copy/scale dist. solution=       0.000493

 Elapsed time in solve driver=       0.2947
   94 KSP Residual norm 2.522370097628e-04

Entering DMUMPS 5.6.2 from C interface with JOB, N =   3     1237277
      executing #MPI =    128 and #OMP =      2



 ****** SOLVE & CHECK STEP ********

 GLOBAL STATISTICS PRIOR SOLVE PHASE ...........
 Number of right-hand-sides                    =           1
 Blocking factor for multiple rhs              =           1
 ICNTL (9)                                     =           1
  --- (10)                                     =           0
  --- (11)                                     =           0
  --- (20)                                     =          10
  --- (21)                                     =           1
  --- (30)                                     =           0
  --- (35)                                     =           0
 WARNING: original distributed matrix is not allocated
 ** Rank of processor needing largest memory in solve     :       127
 ** Space in MBYTES used by this processor for solve      :       762
 ** Avg. Space in MBYTES per working proc during solve    :       404

 Leaving solve with ...
 Time to build/scatter RHS        =       0.002244
 Time in solution step (fwd/bwd)  =       0.142493
  .. Time in forward (fwd) step   =          0.080894
  .. Time in ScaLAPACK root       =          0.001457
  .. Time in backward (bwd) step  =          0.060123
 Time to gather solution(cent.sol)=       0.000000
 Time to copy/scale dist. solution=       0.000497

 Elapsed time in solve driver=       0.2916
   95 KSP Residual norm 2.183340324589e-04

Entering DMUMPS 5.6.2 from C interface with JOB, N =   3     1237277
      executing #MPI =    128 and #OMP =      2



 ****** SOLVE & CHECK STEP ********

 GLOBAL STATISTICS PRIOR SOLVE PHASE ...........
 Number of right-hand-sides                    =           1
 Blocking factor for multiple rhs              =           1
 ICNTL (9)                                     =           1
  --- (10)                                     =           0
  --- (11)                                     =           0
  --- (20)                                     =          10
  --- (21)                                     =           1
  --- (30)                                     =           0
  --- (35)                                     =           0
 WARNING: original distributed matrix is not allocated
 ** Rank of processor needing largest memory in solve     :       127
 ** Space in MBYTES used by this processor for solve      :       762
 ** Avg. Space in MBYTES per working proc during solve    :       404

 Leaving solve with ...
 Time to build/scatter RHS        =       0.001969
 Time in solution step (fwd/bwd)  =       0.143393
  .. Time in forward (fwd) step   =          0.081665
  .. Time in ScaLAPACK root       =          0.001428
  .. Time in backward (bwd) step  =          0.060281
 Time to gather solution(cent.sol)=       0.000000
 Time to copy/scale dist. solution=       0.000484

 Elapsed time in solve driver=       0.2936
   96 KSP Residual norm 1.833421407078e-04

Entering DMUMPS 5.6.2 from C interface with JOB, N =   3     1237277
      executing #MPI =    128 and #OMP =      2



 ****** SOLVE & CHECK STEP ********

 GLOBAL STATISTICS PRIOR SOLVE PHASE ...........
 Number of right-hand-sides                    =           1
 Blocking factor for multiple rhs              =           1
 ICNTL (9)                                     =           1
  --- (10)                                     =           0
  --- (11)                                     =           0
  --- (20)                                     =          10
  --- (21)                                     =           1
  --- (30)                                     =           0
  --- (35)                                     =           0
 WARNING: original distributed matrix is not allocated
 ** Rank of processor needing largest memory in solve     :       127
 ** Space in MBYTES used by this processor for solve      :       762
 ** Avg. Space in MBYTES per working proc during solve    :       404

 Leaving solve with ...
 Time to build/scatter RHS        =       0.001983
 Time in solution step (fwd/bwd)  =       0.146016
  .. Time in forward (fwd) step   =          0.080378
  .. Time in ScaLAPACK root       =          0.001453
  .. Time in backward (bwd) step  =          0.064156
 Time to gather solution(cent.sol)=       0.000000
 Time to copy/scale dist. solution=       0.000484

 Elapsed time in solve driver=       0.2946
   97 KSP Residual norm 1.512695385128e-04

Entering DMUMPS 5.6.2 from C interface with JOB, N =   3     1237277
      executing #MPI =    128 and #OMP =      2



 ****** SOLVE & CHECK STEP ********

 GLOBAL STATISTICS PRIOR SOLVE PHASE ...........
 Number of right-hand-sides                    =           1
 Blocking factor for multiple rhs              =           1
 ICNTL (9)                                     =           1
  --- (10)                                     =           0
  --- (11)                                     =           0
  --- (20)                                     =          10
  --- (21)                                     =           1
  --- (30)                                     =           0
  --- (35)                                     =           0
 WARNING: original distributed matrix is not allocated
 ** Rank of processor needing largest memory in solve     :       127
 ** Space in MBYTES used by this processor for solve      :       762
 ** Avg. Space in MBYTES per working proc during solve    :       404

 Leaving solve with ...
 Time to build/scatter RHS        =       0.001978
 Time in solution step (fwd/bwd)  =       0.147245
  .. Time in forward (fwd) step   =          0.081367
  .. Time in ScaLAPACK root       =          0.001438
  .. Time in backward (bwd) step  =          0.064418
 Time to gather solution(cent.sol)=       0.000000
 Time to copy/scale dist. solution=       0.000480

 Elapsed time in solve driver=       0.3011
   98 KSP Residual norm 1.323791179378e-04

Entering DMUMPS 5.6.2 from C interface with JOB, N =   3     1237277
      executing #MPI =    128 and #OMP =      2



 ****** SOLVE & CHECK STEP ********

 GLOBAL STATISTICS PRIOR SOLVE PHASE ...........
 Number of right-hand-sides                    =           1
 Blocking factor for multiple rhs              =           1
 ICNTL (9)                                     =           1
  --- (10)                                     =           0
  --- (11)                                     =           0
  --- (20)                                     =          10
  --- (21)                                     =           1
  --- (30)                                     =           0
  --- (35)                                     =           0
 WARNING: original distributed matrix is not allocated
 ** Rank of processor needing largest memory in solve     :       127
 ** Space in MBYTES used by this processor for solve      :       762
 ** Avg. Space in MBYTES per working proc during solve    :       404

 Leaving solve with ...
 Time to build/scatter RHS        =       0.002054
 Time in solution step (fwd/bwd)  =       0.145676
  .. Time in forward (fwd) step   =          0.080586
  .. Time in ScaLAPACK root       =          0.001421
  .. Time in backward (bwd) step  =          0.063630
 Time to gather solution(cent.sol)=       0.000000
 Time to copy/scale dist. solution=       0.000492

 Elapsed time in solve driver=       0.2975
   99 KSP Residual norm 1.192304063154e-04

Entering DMUMPS 5.6.2 from C interface with JOB, N =   3     1237277
      executing #MPI =    128 and #OMP =      2



 ****** SOLVE & CHECK STEP ********

 GLOBAL STATISTICS PRIOR SOLVE PHASE ...........
 Number of right-hand-sides                    =           1
 Blocking factor for multiple rhs              =           1
 ICNTL (9)                                     =           1
  --- (10)                                     =           0
  --- (11)                                     =           0
  --- (20)                                     =          10
  --- (21)                                     =           1
  --- (30)                                     =           0
  --- (35)                                     =           0
 WARNING: original distributed matrix is not allocated
 ** Rank of processor needing largest memory in solve     :       127
 ** Space in MBYTES used by this processor for solve      :       762
 ** Avg. Space in MBYTES per working proc during solve    :       404

 Leaving solve with ...
 Time to build/scatter RHS        =       0.001923
 Time in solution step (fwd/bwd)  =       0.141846
  .. Time in forward (fwd) step   =          0.079356
  .. Time in ScaLAPACK root       =          0.001439
  .. Time in backward (bwd) step  =          0.061031
 Time to gather solution(cent.sol)=       0.000000
 Time to copy/scale dist. solution=       0.000479

 Elapsed time in solve driver=       0.2880
  100 KSP Residual norm 1.065399510110e-04

Entering DMUMPS 5.6.2 from C interface with JOB, N =   3     1237277
      executing #MPI =    128 and #OMP =      2



 ****** SOLVE & CHECK STEP ********

 GLOBAL STATISTICS PRIOR SOLVE PHASE ...........
 Number of right-hand-sides                    =           1
 Blocking factor for multiple rhs              =           1
 ICNTL (9)                                     =           1
  --- (10)                                     =           0
  --- (11)                                     =           0
  --- (20)                                     =          10
  --- (21)                                     =           1
  --- (30)                                     =           0
  --- (35)                                     =           0
 WARNING: original distributed matrix is not allocated
 ** Rank of processor needing largest memory in solve     :       127
 ** Space in MBYTES used by this processor for solve      :       762
 ** Avg. Space in MBYTES per working proc during solve    :       404

 Leaving solve with ...
 Time to build/scatter RHS        =       0.001846
 Time in solution step (fwd/bwd)  =       0.142823
  .. Time in forward (fwd) step   =          0.081752
  .. Time in ScaLAPACK root       =          0.001430
  .. Time in backward (bwd) step  =          0.059616
 Time to gather solution(cent.sol)=       0.000000
 Time to copy/scale dist. solution=       0.000491

 Elapsed time in solve driver=       0.2929
  101 KSP Residual norm 9.114973404109e-05

Entering DMUMPS 5.6.2 from C interface with JOB, N =   3     1237277
      executing #MPI =    128 and #OMP =      2



 ****** SOLVE & CHECK STEP ********

 GLOBAL STATISTICS PRIOR SOLVE PHASE ...........
 Number of right-hand-sides                    =           1
 Blocking factor for multiple rhs              =           1
 ICNTL (9)                                     =           1
  --- (10)                                     =           0
  --- (11)                                     =           0
  --- (20)                                     =          10
  --- (21)                                     =           1
  --- (30)                                     =           0
  --- (35)                                     =           0
 WARNING: original distributed matrix is not allocated
 ** Rank of processor needing largest memory in solve     :       127
 ** Space in MBYTES used by this processor for solve      :       762
 ** Avg. Space in MBYTES per working proc during solve    :       404

 Leaving solve with ...
 Time to build/scatter RHS        =       0.001962
 Time in solution step (fwd/bwd)  =       0.145725
  .. Time in forward (fwd) step   =          0.080722
  .. Time in ScaLAPACK root       =          0.001438
  .. Time in backward (bwd) step  =          0.063545
 Time to gather solution(cent.sol)=       0.000000
 Time to copy/scale dist. solution=       0.000479

 Elapsed time in solve driver=       0.2949
  102 KSP Residual norm 7.616301953297e-05

Entering DMUMPS 5.6.2 from C interface with JOB, N =   3     1237277
      executing #MPI =    128 and #OMP =      2



 ****** SOLVE & CHECK STEP ********

 GLOBAL STATISTICS PRIOR SOLVE PHASE ...........
 Number of right-hand-sides                    =           1
 Blocking factor for multiple rhs              =           1
 ICNTL (9)                                     =           1
  --- (10)                                     =           0
  --- (11)                                     =           0
  --- (20)                                     =          10
  --- (21)                                     =           1
  --- (30)                                     =           0
  --- (35)                                     =           0
 WARNING: original distributed matrix is not allocated
 ** Rank of processor needing largest memory in solve     :       127
 ** Space in MBYTES used by this processor for solve      :       762
 ** Avg. Space in MBYTES per working proc during solve    :       404

 Leaving solve with ...
 Time to build/scatter RHS        =       0.002241
 Time in solution step (fwd/bwd)  =       0.141869
  .. Time in forward (fwd) step   =          0.081644
  .. Time in ScaLAPACK root       =          0.001420
  .. Time in backward (bwd) step  =          0.058781
 Time to gather solution(cent.sol)=       0.000000
 Time to copy/scale dist. solution=       0.000493

 Elapsed time in solve driver=       0.2932
  103 KSP Residual norm 6.152697093702e-05

Entering DMUMPS 5.6.2 from C interface with JOB, N =   3     1237277
      executing #MPI =    128 and #OMP =      2



 ****** SOLVE & CHECK STEP ********

 GLOBAL STATISTICS PRIOR SOLVE PHASE ...........
 Number of right-hand-sides                    =           1
 Blocking factor for multiple rhs              =           1
 ICNTL (9)                                     =           1
  --- (10)                                     =           0
  --- (11)                                     =           0
  --- (20)                                     =          10
  --- (21)                                     =           1
  --- (30)                                     =           0
  --- (35)                                     =           0
 WARNING: original distributed matrix is not allocated
 ** Rank of processor needing largest memory in solve     :       127
 ** Space in MBYTES used by this processor for solve      :       762
 ** Avg. Space in MBYTES per working proc during solve    :       404

 Leaving solve with ...
 Time to build/scatter RHS        =       0.002144
 Time in solution step (fwd/bwd)  =       0.145594
  .. Time in forward (fwd) step   =          0.080992
  .. Time in ScaLAPACK root       =          0.001418
  .. Time in backward (bwd) step  =          0.063152
 Time to gather solution(cent.sol)=       0.000000
 Time to copy/scale dist. solution=       0.000491

 Elapsed time in solve driver=       0.2953
  104 KSP Residual norm 5.023164573272e-05

Entering DMUMPS 5.6.2 from C interface with JOB, N =   3     1237277
      executing #MPI =    128 and #OMP =      2



 ****** SOLVE & CHECK STEP ********

 GLOBAL STATISTICS PRIOR SOLVE PHASE ...........
 Number of right-hand-sides                    =           1
 Blocking factor for multiple rhs              =           1
 ICNTL (9)                                     =           1
  --- (10)                                     =           0
  --- (11)                                     =           0
  --- (20)                                     =          10
  --- (21)                                     =           1
  --- (30)                                     =           0
  --- (35)                                     =           0
 WARNING: original distributed matrix is not allocated
 ** Rank of processor needing largest memory in solve     :       127
 ** Space in MBYTES used by this processor for solve      :       762
 ** Avg. Space in MBYTES per working proc during solve    :       404

 Leaving solve with ...
 Time to build/scatter RHS        =       0.002218
 Time in solution step (fwd/bwd)  =       0.145363
  .. Time in forward (fwd) step   =          0.080950
  .. Time in ScaLAPACK root       =          0.001421
  .. Time in backward (bwd) step  =          0.062967
 Time to gather solution(cent.sol)=       0.000000
 Time to copy/scale dist. solution=       0.000484

 Elapsed time in solve driver=       0.2968
  105 KSP Residual norm 4.381204704128e-05

Entering DMUMPS 5.6.2 from C interface with JOB, N =   3     1237277
      executing #MPI =    128 and #OMP =      2



 ****** SOLVE & CHECK STEP ********

 GLOBAL STATISTICS PRIOR SOLVE PHASE ...........
 Number of right-hand-sides                    =           1
 Blocking factor for multiple rhs              =           1
 ICNTL (9)                                     =           1
  --- (10)                                     =           0
  --- (11)                                     =           0
  --- (20)                                     =          10
  --- (21)                                     =           1
  --- (30)                                     =           0
  --- (35)                                     =           0
 WARNING: original distributed matrix is not allocated
 ** Rank of processor needing largest memory in solve     :       127
 ** Space in MBYTES used by this processor for solve      :       762
 ** Avg. Space in MBYTES per working proc during solve    :       404

 Leaving solve with ...
 Time to build/scatter RHS        =       0.001915
 Time in solution step (fwd/bwd)  =       0.144081
  .. Time in forward (fwd) step   =          0.081750
  .. Time in ScaLAPACK root       =          0.001419
  .. Time in backward (bwd) step  =          0.060879
 Time to gather solution(cent.sol)=       0.000000
 Time to copy/scale dist. solution=       0.000485

 Elapsed time in solve driver=       0.2951
  106 KSP Residual norm 3.948695795235e-05

Entering DMUMPS 5.6.2 from C interface with JOB, N =   3     1237277
      executing #MPI =    128 and #OMP =      2



 ****** SOLVE & CHECK STEP ********

 GLOBAL STATISTICS PRIOR SOLVE PHASE ...........
 Number of right-hand-sides                    =           1
 Blocking factor for multiple rhs              =           1
 ICNTL (9)                                     =           1
  --- (10)                                     =           0
  --- (11)                                     =           0
  --- (20)                                     =          10
  --- (21)                                     =           1
  --- (30)                                     =           0
  --- (35)                                     =           0
 WARNING: original distributed matrix is not allocated
 ** Rank of processor needing largest memory in solve     :       127
 ** Space in MBYTES used by this processor for solve      :       762
 ** Avg. Space in MBYTES per working proc during solve    :       404

 Leaving solve with ...
 Time to build/scatter RHS        =       0.001940
 Time in solution step (fwd/bwd)  =       0.145345
  .. Time in forward (fwd) step   =          0.080123
  .. Time in ScaLAPACK root       =          0.001430
  .. Time in backward (bwd) step  =          0.063772
 Time to gather solution(cent.sol)=       0.000000
 Time to copy/scale dist. solution=       0.000482

 Elapsed time in solve driver=       0.2959
  107 KSP Residual norm 3.628332697008e-05

Entering DMUMPS 5.6.2 from C interface with JOB, N =   3     1237277
      executing #MPI =    128 and #OMP =      2



 ****** SOLVE & CHECK STEP ********

 GLOBAL STATISTICS PRIOR SOLVE PHASE ...........
 Number of right-hand-sides                    =           1
 Blocking factor for multiple rhs              =           1
 ICNTL (9)                                     =           1
  --- (10)                                     =           0
  --- (11)                                     =           0
  --- (20)                                     =          10
  --- (21)                                     =           1
  --- (30)                                     =           0
  --- (35)                                     =           0
 WARNING: original distributed matrix is not allocated
 ** Rank of processor needing largest memory in solve     :       127
 ** Space in MBYTES used by this processor for solve      :       762
 ** Avg. Space in MBYTES per working proc during solve    :       404

 Leaving solve with ...
 Time to build/scatter RHS        =       0.002004
 Time in solution step (fwd/bwd)  =       0.142778
  .. Time in forward (fwd) step   =          0.081438
  .. Time in ScaLAPACK root       =          0.001432
  .. Time in backward (bwd) step  =          0.059882
 Time to gather solution(cent.sol)=       0.000000
 Time to copy/scale dist. solution=       0.000495

 Elapsed time in solve driver=       0.2921
  108 KSP Residual norm 3.221224184605e-05

Entering DMUMPS 5.6.2 from C interface with JOB, N =   3     1237277
      executing #MPI =    128 and #OMP =      2



 ****** SOLVE & CHECK STEP ********

 GLOBAL STATISTICS PRIOR SOLVE PHASE ...........
 Number of right-hand-sides                    =           1
 Blocking factor for multiple rhs              =           1
 ICNTL (9)                                     =           1
  --- (10)                                     =           0
  --- (11)                                     =           0
  --- (20)                                     =          10
  --- (21)                                     =           1
  --- (30)                                     =           0
  --- (35)                                     =           0
 WARNING: original distributed matrix is not allocated
 ** Rank of processor needing largest memory in solve     :       127
 ** Space in MBYTES used by this processor for solve      :       762
 ** Avg. Space in MBYTES per working proc during solve    :       404

 Leaving solve with ...
 Time to build/scatter RHS        =       0.001958
 Time in solution step (fwd/bwd)  =       0.140993
  .. Time in forward (fwd) step   =          0.079890
  .. Time in ScaLAPACK root       =          0.001419
  .. Time in backward (bwd) step  =          0.059664
 Time to gather solution(cent.sol)=       0.000000
 Time to copy/scale dist. solution=       0.000489

 Elapsed time in solve driver=       0.2898
  109 KSP Residual norm 2.896624292929e-05

Entering DMUMPS 5.6.2 from C interface with JOB, N =   3     1237277
      executing #MPI =    128 and #OMP =      2



 ****** SOLVE & CHECK STEP ********

 GLOBAL STATISTICS PRIOR SOLVE PHASE ...........
 Number of right-hand-sides                    =           1
 Blocking factor for multiple rhs              =           1
 ICNTL (9)                                     =           1
  --- (10)                                     =           0
  --- (11)                                     =           0
  --- (20)                                     =          10
  --- (21)                                     =           1
  --- (30)                                     =           0
  --- (35)                                     =           0
 WARNING: original distributed matrix is not allocated
 ** Rank of processor needing largest memory in solve     :       127
 ** Space in MBYTES used by this processor for solve      :       762
 ** Avg. Space in MBYTES per working proc during solve    :       404

 Leaving solve with ...
 Time to build/scatter RHS        =       0.002098
 Time in solution step (fwd/bwd)  =       0.141293
  .. Time in forward (fwd) step   =          0.080882
  .. Time in ScaLAPACK root       =          0.001454
  .. Time in backward (bwd) step  =          0.058937
 Time to gather solution(cent.sol)=       0.000000
 Time to copy/scale dist. solution=       0.000510

 Elapsed time in solve driver=       0.2920
  110 KSP Residual norm 2.500004717308e-05

Entering DMUMPS 5.6.2 from C interface with JOB, N =   3     1237277
      executing #MPI =    128 and #OMP =      2



 ****** SOLVE & CHECK STEP ********

 GLOBAL STATISTICS PRIOR SOLVE PHASE ...........
 Number of right-hand-sides                    =           1
 Blocking factor for multiple rhs              =           1
 ICNTL (9)                                     =           1
  --- (10)                                     =           0
  --- (11)                                     =           0
  --- (20)                                     =          10
  --- (21)                                     =           1
  --- (30)                                     =           0
  --- (35)                                     =           0
 WARNING: original distributed matrix is not allocated
 ** Rank of processor needing largest memory in solve     :       127
 ** Space in MBYTES used by this processor for solve      :       762
 ** Avg. Space in MBYTES per working proc during solve    :       404

 Leaving solve with ...
 Time to build/scatter RHS        =       0.002040
 Time in solution step (fwd/bwd)  =       0.146593
  .. Time in forward (fwd) step   =          0.080595
  .. Time in ScaLAPACK root       =          0.001420
  .. Time in backward (bwd) step  =          0.064560
 Time to gather solution(cent.sol)=       0.000000
 Time to copy/scale dist. solution=       0.000485

 Elapsed time in solve driver=       0.2976
  111 KSP Residual norm 2.278117296548e-05

Entering DMUMPS 5.6.2 from C interface with JOB, N =   3     1237277
      executing #MPI =    128 and #OMP =      2



 ****** SOLVE & CHECK STEP ********

 GLOBAL STATISTICS PRIOR SOLVE PHASE ...........
 Number of right-hand-sides                    =           1
 Blocking factor for multiple rhs              =           1
 ICNTL (9)                                     =           1
  --- (10)                                     =           0
  --- (11)                                     =           0
  --- (20)                                     =          10
  --- (21)                                     =           1
  --- (30)                                     =           0
  --- (35)                                     =           0
 WARNING: original distributed matrix is not allocated
 ** Rank of processor needing largest memory in solve     :       127
 ** Space in MBYTES used by this processor for solve      :       762
 ** Avg. Space in MBYTES per working proc during solve    :       404

 Leaving solve with ...
 Time to build/scatter RHS        =       0.001936
 Time in solution step (fwd/bwd)  =       0.147795
  .. Time in forward (fwd) step   =          0.081976
  .. Time in ScaLAPACK root       =          0.001405
  .. Time in backward (bwd) step  =          0.064391
 Time to gather solution(cent.sol)=       0.000000
 Time to copy/scale dist. solution=       0.000475

 Elapsed time in solve driver=       0.3002
  112 KSP Residual norm 2.018298338796e-05

Entering DMUMPS 5.6.2 from C interface with JOB, N =   3     1237277
      executing #MPI =    128 and #OMP =      2



 ****** SOLVE & CHECK STEP ********

 GLOBAL STATISTICS PRIOR SOLVE PHASE ...........
 Number of right-hand-sides                    =           1
 Blocking factor for multiple rhs              =           1
 ICNTL (9)                                     =           1
  --- (10)                                     =           0
  --- (11)                                     =           0
  --- (20)                                     =          10
  --- (21)                                     =           1
  --- (30)                                     =           0
  --- (35)                                     =           0
 WARNING: original distributed matrix is not allocated
 ** Rank of processor needing largest memory in solve     :       127
 ** Space in MBYTES used by this processor for solve      :       762
 ** Avg. Space in MBYTES per working proc during solve    :       404

 Leaving solve with ...
 Time to build/scatter RHS        =       0.005992
 Time in solution step (fwd/bwd)  =       0.146379
  .. Time in forward (fwd) step   =          0.081930
  .. Time in ScaLAPACK root       =          0.001518
  .. Time in backward (bwd) step  =          0.062894
 Time to gather solution(cent.sol)=       0.000000
 Time to copy/scale dist. solution=       0.000505

 Elapsed time in solve driver=       0.3008
  113 KSP Residual norm 1.800906471850e-05

Entering DMUMPS 5.6.2 from C interface with JOB, N =   3     1237277
      executing #MPI =    128 and #OMP =      2



 ****** SOLVE & CHECK STEP ********

 GLOBAL STATISTICS PRIOR SOLVE PHASE ...........
 Number of right-hand-sides                    =           1
 Blocking factor for multiple rhs              =           1
 ICNTL (9)                                     =           1
  --- (10)                                     =           0
  --- (11)                                     =           0
  --- (20)                                     =          10
  --- (21)                                     =           1
  --- (30)                                     =           0
  --- (35)                                     =           0
 WARNING: original distributed matrix is not allocated
 ** Rank of processor needing largest memory in solve     :       127
 ** Space in MBYTES used by this processor for solve      :       762
 ** Avg. Space in MBYTES per working proc during solve    :       404

 Leaving solve with ...
 Time to build/scatter RHS        =       0.052286
 Time in solution step (fwd/bwd)  =       0.148479
  .. Time in forward (fwd) step   =          0.080986
  .. Time in ScaLAPACK root       =          0.001433
  .. Time in backward (bwd) step  =          0.066033
 Time to gather solution(cent.sol)=       0.000000
 Time to copy/scale dist. solution=       0.000480

 Elapsed time in solve driver=       0.3481
  114 KSP Residual norm 1.650754479300e-05

Entering DMUMPS 5.6.2 from C interface with JOB, N =   3     1237277
      executing #MPI =    128 and #OMP =      2



 ****** SOLVE & CHECK STEP ********

 GLOBAL STATISTICS PRIOR SOLVE PHASE ...........
 Number of right-hand-sides                    =           1
 Blocking factor for multiple rhs              =           1
 ICNTL (9)                                     =           1
  --- (10)                                     =           0
  --- (11)                                     =           0
  --- (20)                                     =          10
  --- (21)                                     =           1
  --- (30)                                     =           0
  --- (35)                                     =           0
 WARNING: original distributed matrix is not allocated
 ** Rank of processor needing largest memory in solve     :       127
 ** Space in MBYTES used by this processor for solve      :       762
 ** Avg. Space in MBYTES per working proc during solve    :       404

 Leaving solve with ...
 Time to build/scatter RHS        =       0.002033
 Time in solution step (fwd/bwd)  =       0.143817
  .. Time in forward (fwd) step   =          0.080843
  .. Time in ScaLAPACK root       =          0.001416
  .. Time in backward (bwd) step  =          0.061534
 Time to gather solution(cent.sol)=       0.000000
 Time to copy/scale dist. solution=       0.000478

 Elapsed time in solve driver=       0.2950
  115 KSP Residual norm 1.497776652235e-05

Entering DMUMPS 5.6.2 from C interface with JOB, N =   3     1237277
      executing #MPI =    128 and #OMP =      2



 ****** SOLVE & CHECK STEP ********

 GLOBAL STATISTICS PRIOR SOLVE PHASE ...........
 Number of right-hand-sides                    =           1
 Blocking factor for multiple rhs              =           1
 ICNTL (9)                                     =           1
  --- (10)                                     =           0
  --- (11)                                     =           0
  --- (20)                                     =          10
  --- (21)                                     =           1
  --- (30)                                     =           0
  --- (35)                                     =           0
 WARNING: original distributed matrix is not allocated
 ** Rank of processor needing largest memory in solve     :       127
 ** Space in MBYTES used by this processor for solve      :       762
 ** Avg. Space in MBYTES per working proc during solve    :       404

 Leaving solve with ...
 Time to build/scatter RHS        =       0.001982
 Time in solution step (fwd/bwd)  =       0.143802
  .. Time in forward (fwd) step   =          0.080409
  .. Time in ScaLAPACK root       =          0.001414
  .. Time in backward (bwd) step  =          0.061958
 Time to gather solution(cent.sol)=       0.000000
 Time to copy/scale dist. solution=       0.000482

 Elapsed time in solve driver=       0.2924
  116 KSP Residual norm 1.403335734550e-05

Entering DMUMPS 5.6.2 from C interface with JOB, N =   3     1237277
      executing #MPI =    128 and #OMP =      2



 ****** SOLVE & CHECK STEP ********

 GLOBAL STATISTICS PRIOR SOLVE PHASE ...........
 Number of right-hand-sides                    =           1
 Blocking factor for multiple rhs              =           1
 ICNTL (9)                                     =           1
  --- (10)                                     =           0
  --- (11)                                     =           0
  --- (20)                                     =          10
  --- (21)                                     =           1
  --- (30)                                     =           0
  --- (35)                                     =           0
 WARNING: original distributed matrix is not allocated
 ** Rank of processor needing largest memory in solve     :       127
 ** Space in MBYTES used by this processor for solve      :       762
 ** Avg. Space in MBYTES per working proc during solve    :       404

 Leaving solve with ...
 Time to build/scatter RHS        =       0.001955
 Time in solution step (fwd/bwd)  =       0.145343
  .. Time in forward (fwd) step   =          0.080284
  .. Time in ScaLAPACK root       =          0.001434
  .. Time in backward (bwd) step  =          0.063604
 Time to gather solution(cent.sol)=       0.000000
 Time to copy/scale dist. solution=       0.000484

 Elapsed time in solve driver=       0.2951
  117 KSP Residual norm 1.314703427402e-05

Entering DMUMPS 5.6.2 from C interface with JOB, N =   3     1237277
      executing #MPI =    128 and #OMP =      2



 ****** SOLVE & CHECK STEP ********

 GLOBAL STATISTICS PRIOR SOLVE PHASE ...........
 Number of right-hand-sides                    =           1
 Blocking factor for multiple rhs              =           1
 ICNTL (9)                                     =           1
  --- (10)                                     =           0
  --- (11)                                     =           0
  --- (20)                                     =          10
  --- (21)                                     =           1
  --- (30)                                     =           0
  --- (35)                                     =           0
 WARNING: original distributed matrix is not allocated
 ** Rank of processor needing largest memory in solve     :       127
 ** Space in MBYTES used by this processor for solve      :       762
 ** Avg. Space in MBYTES per working proc during solve    :       404

 Leaving solve with ...
 Time to build/scatter RHS        =       0.001999
 Time in solution step (fwd/bwd)  =       0.146511
  .. Time in forward (fwd) step   =          0.080657
  .. Time in ScaLAPACK root       =          0.001593
  .. Time in backward (bwd) step  =          0.064237
 Time to gather solution(cent.sol)=       0.000000
 Time to copy/scale dist. solution=       0.000485

 Elapsed time in solve driver=       0.2947
  118 KSP Residual norm 1.203922272521e-05

Entering DMUMPS 5.6.2 from C interface with JOB, N =   3     1237277
      executing #MPI =    128 and #OMP =      2



 ****** SOLVE & CHECK STEP ********

 GLOBAL STATISTICS PRIOR SOLVE PHASE ...........
 Number of right-hand-sides                    =           1
 Blocking factor for multiple rhs              =           1
 ICNTL (9)                                     =           1
  --- (10)                                     =           0
  --- (11)                                     =           0
  --- (20)                                     =          10
  --- (21)                                     =           1
  --- (30)                                     =           0
  --- (35)                                     =           0
 WARNING: original distributed matrix is not allocated
 ** Rank of processor needing largest memory in solve     :       127
 ** Space in MBYTES used by this processor for solve      :       762
 ** Avg. Space in MBYTES per working proc during solve    :       404

 Leaving solve with ...
 Time to build/scatter RHS        =       0.002010
 Time in solution step (fwd/bwd)  =       0.146106
  .. Time in forward (fwd) step   =          0.080272
  .. Time in ScaLAPACK root       =          0.001441
  .. Time in backward (bwd) step  =          0.064374
 Time to gather solution(cent.sol)=       0.000000
 Time to copy/scale dist. solution=       0.000479

 Elapsed time in solve driver=       0.2958
  119 KSP Residual norm 1.084188815533e-05

Entering DMUMPS 5.6.2 from C interface with JOB, N =   3     1237277
      executing #MPI =    128 and #OMP =      2



 ****** SOLVE & CHECK STEP ********

 GLOBAL STATISTICS PRIOR SOLVE PHASE ...........
 Number of right-hand-sides                    =           1
 Blocking factor for multiple rhs              =           1
 ICNTL (9)                                     =           1
  --- (10)                                     =           0
  --- (11)                                     =           0
  --- (20)                                     =          10
  --- (21)                                     =           1
  --- (30)                                     =           0
  --- (35)                                     =           0
 WARNING: original distributed matrix is not allocated
 ** Rank of processor needing largest memory in solve     :       127
 ** Space in MBYTES used by this processor for solve      :       762
 ** Avg. Space in MBYTES per working proc during solve    :       404

 Leaving solve with ...
 Time to build/scatter RHS        =       0.002063
 Time in solution step (fwd/bwd)  =       0.144812
  .. Time in forward (fwd) step   =          0.081089
  .. Time in ScaLAPACK root       =          0.001420
  .. Time in backward (bwd) step  =          0.062268
 Time to gather solution(cent.sol)=       0.000000
 Time to copy/scale dist. solution=       0.000487

 Elapsed time in solve driver=       0.2965
  120 KSP Residual norm 9.605470131819e-06

Entering DMUMPS 5.6.2 from C interface with JOB, N =   3     1237277
      executing #MPI =    128 and #OMP =      2



 ****** SOLVE & CHECK STEP ********

 GLOBAL STATISTICS PRIOR SOLVE PHASE ...........
 Number of right-hand-sides                    =           1
 Blocking factor for multiple rhs              =           1
 ICNTL (9)                                     =           1
  --- (10)                                     =           0
  --- (11)                                     =           0
  --- (20)                                     =          10
  --- (21)                                     =           1
  --- (30)                                     =           0
  --- (35)                                     =           0
 WARNING: original distributed matrix is not allocated
 ** Rank of processor needing largest memory in solve     :       127
 ** Space in MBYTES used by this processor for solve      :       762
 ** Avg. Space in MBYTES per working proc during solve    :       404

 Leaving solve with ...
 Time to build/scatter RHS        =       0.002073
 Time in solution step (fwd/bwd)  =       0.148983
  .. Time in forward (fwd) step   =          0.081595
  .. Time in ScaLAPACK root       =          0.001436
  .. Time in backward (bwd) step  =          0.065929
 Time to gather solution(cent.sol)=       0.000000
 Time to copy/scale dist. solution=       0.000484

 Elapsed time in solve driver=       0.2992
  121 KSP Residual norm 8.342077528582e-06

Entering DMUMPS 5.6.2 from C interface with JOB, N =   3     1237277
      executing #MPI =    128 and #OMP =      2



 ****** SOLVE & CHECK STEP ********

 GLOBAL STATISTICS PRIOR SOLVE PHASE ...........
 Number of right-hand-sides                    =           1
 Blocking factor for multiple rhs              =           1
 ICNTL (9)                                     =           1
  --- (10)                                     =           0
  --- (11)                                     =           0
  --- (20)                                     =          10
  --- (21)                                     =           1
  --- (30)                                     =           0
  --- (35)                                     =           0
 WARNING: original distributed matrix is not allocated
 ** Rank of processor needing largest memory in solve     :       127
 ** Space in MBYTES used by this processor for solve      :       762
 ** Avg. Space in MBYTES per working proc during solve    :       404

 Leaving solve with ...
 Time to build/scatter RHS        =       0.002055
 Time in solution step (fwd/bwd)  =       0.143267
  .. Time in forward (fwd) step   =          0.080936
  .. Time in ScaLAPACK root       =          0.001424
  .. Time in backward (bwd) step  =          0.060888
 Time to gather solution(cent.sol)=       0.000000
 Time to copy/scale dist. solution=       0.000500

 Elapsed time in solve driver=       0.2963
  122 KSP Residual norm 7.266434629272e-06

Entering DMUMPS 5.6.2 from C interface with JOB, N =   3     1237277
      executing #MPI =    128 and #OMP =      2



 ****** SOLVE & CHECK STEP ********

 GLOBAL STATISTICS PRIOR SOLVE PHASE ...........
 Number of right-hand-sides                    =           1
 Blocking factor for multiple rhs              =           1
 ICNTL (9)                                     =           1
  --- (10)                                     =           0
  --- (11)                                     =           0
  --- (20)                                     =          10
  --- (21)                                     =           1
  --- (30)                                     =           0
  --- (35)                                     =           0
 WARNING: original distributed matrix is not allocated
 ** Rank of processor needing largest memory in solve     :       127
 ** Space in MBYTES used by this processor for solve      :       762
 ** Avg. Space in MBYTES per working proc during solve    :       404

 Leaving solve with ...
 Time to build/scatter RHS        =       0.002270
 Time in solution step (fwd/bwd)  =       0.146630
  .. Time in forward (fwd) step   =          0.081249
  .. Time in ScaLAPACK root       =          0.001425
  .. Time in backward (bwd) step  =          0.063937
 Time to gather solution(cent.sol)=       0.000000
 Time to copy/scale dist. solution=       0.000511

 Elapsed time in solve driver=       0.2943
  123 KSP Residual norm 6.400026970195e-06

Entering DMUMPS 5.6.2 from C interface with JOB, N =   3     1237277
      executing #MPI =    128 and #OMP =      2



 ****** SOLVE & CHECK STEP ********

 GLOBAL STATISTICS PRIOR SOLVE PHASE ...........
 Number of right-hand-sides                    =           1
 Blocking factor for multiple rhs              =           1
 ICNTL (9)                                     =           1
  --- (10)                                     =           0
  --- (11)                                     =           0
  --- (20)                                     =          10
  --- (21)                                     =           1
  --- (30)                                     =           0
  --- (35)                                     =           0
 WARNING: original distributed matrix is not allocated
 ** Rank of processor needing largest memory in solve     :       127
 ** Space in MBYTES used by this processor for solve      :       762
 ** Avg. Space in MBYTES per working proc during solve    :       404

 Leaving solve with ...
 Time to build/scatter RHS        =       0.002013
 Time in solution step (fwd/bwd)  =       0.146358
  .. Time in forward (fwd) step   =          0.081195
  .. Time in ScaLAPACK root       =          0.001449
  .. Time in backward (bwd) step  =          0.063692
 Time to gather solution(cent.sol)=       0.000000
 Time to copy/scale dist. solution=       0.000492

 Elapsed time in solve driver=       0.2950
  124 KSP Residual norm 5.722291142784e-06

Entering DMUMPS 5.6.2 from C interface with JOB, N =   3     1237277
      executing #MPI =    128 and #OMP =      2



 ****** SOLVE & CHECK STEP ********

 GLOBAL STATISTICS PRIOR SOLVE PHASE ...........
 Number of right-hand-sides                    =           1
 Blocking factor for multiple rhs              =           1
 ICNTL (9)                                     =           1
  --- (10)                                     =           0
  --- (11)                                     =           0
  --- (20)                                     =          10
  --- (21)                                     =           1
  --- (30)                                     =           0
  --- (35)                                     =           0
 WARNING: original distributed matrix is not allocated
 ** Rank of processor needing largest memory in solve     :       127
 ** Space in MBYTES used by this processor for solve      :       762
 ** Avg. Space in MBYTES per working proc during solve    :       404

 Leaving solve with ...
 Time to build/scatter RHS        =       0.001977
 Time in solution step (fwd/bwd)  =       0.143597
  .. Time in forward (fwd) step   =          0.079717
  .. Time in ScaLAPACK root       =          0.001412
  .. Time in backward (bwd) step  =          0.062450
 Time to gather solution(cent.sol)=       0.000000
 Time to copy/scale dist. solution=       0.000483

 Elapsed time in solve driver=       0.2920
  125 KSP Residual norm 5.265905843053e-06

Entering DMUMPS 5.6.2 from C interface with JOB, N =   3     1237277
      executing #MPI =    128 and #OMP =      2



 ****** SOLVE & CHECK STEP ********

 GLOBAL STATISTICS PRIOR SOLVE PHASE ...........
 Number of right-hand-sides                    =           1
 Blocking factor for multiple rhs              =           1
 ICNTL (9)                                     =           1
  --- (10)                                     =           0
  --- (11)                                     =           0
  --- (20)                                     =          10
  --- (21)                                     =           1
  --- (30)                                     =           0
  --- (35)                                     =           0
 WARNING: original distributed matrix is not allocated
 ** Rank of processor needing largest memory in solve     :       127
 ** Space in MBYTES used by this processor for solve      :       762
 ** Avg. Space in MBYTES per working proc during solve    :       404

 Leaving solve with ...
 Time to build/scatter RHS        =       0.001992
 Time in solution step (fwd/bwd)  =       0.144719
  .. Time in forward (fwd) step   =          0.079787
  .. Time in ScaLAPACK root       =          0.001432
  .. Time in backward (bwd) step  =          0.063476
 Time to gather solution(cent.sol)=       0.000000
 Time to copy/scale dist. solution=       0.000484

 Elapsed time in solve driver=       0.2944
  126 KSP Residual norm 4.884468464572e-06

Entering DMUMPS 5.6.2 from C interface with JOB, N =   3     1237277
      executing #MPI =    128 and #OMP =      2



 ****** SOLVE & CHECK STEP ********

 GLOBAL STATISTICS PRIOR SOLVE PHASE ...........
 Number of right-hand-sides                    =           1
 Blocking factor for multiple rhs              =           1
 ICNTL (9)                                     =           1
  --- (10)                                     =           0
  --- (11)                                     =           0
  --- (20)                                     =          10
  --- (21)                                     =           1
  --- (30)                                     =           0
  --- (35)                                     =           0
 WARNING: original distributed matrix is not allocated
 ** Rank of processor needing largest memory in solve     :       127
 ** Space in MBYTES used by this processor for solve      :       762
 ** Avg. Space in MBYTES per working proc during solve    :       404

 Leaving solve with ...
 Time to build/scatter RHS        =       0.002033
 Time in solution step (fwd/bwd)  =       0.145224
  .. Time in forward (fwd) step   =          0.080376
  .. Time in ScaLAPACK root       =          0.001438
  .. Time in backward (bwd) step  =          0.063374
 Time to gather solution(cent.sol)=       0.000000
 Time to copy/scale dist. solution=       0.000476

 Elapsed time in solve driver=       0.2956
  127 KSP Residual norm 4.512062599520e-06

Entering DMUMPS 5.6.2 from C interface with JOB, N =   3     1237277
      executing #MPI =    128 and #OMP =      2



 ****** SOLVE & CHECK STEP ********

 GLOBAL STATISTICS PRIOR SOLVE PHASE ...........
 Number of right-hand-sides                    =           1
 Blocking factor for multiple rhs              =           1
 ICNTL (9)                                     =           1
  --- (10)                                     =           0
  --- (11)                                     =           0
  --- (20)                                     =          10
  --- (21)                                     =           1
  --- (30)                                     =           0
  --- (35)                                     =           0
 WARNING: original distributed matrix is not allocated
 ** Rank of processor needing largest memory in solve     :       127
 ** Space in MBYTES used by this processor for solve      :       762
 ** Avg. Space in MBYTES per working proc during solve    :       404

 Leaving solve with ...
 Time to build/scatter RHS        =       0.002270
 Time in solution step (fwd/bwd)  =       0.146507
  .. Time in forward (fwd) step   =          0.080974
  .. Time in ScaLAPACK root       =          0.001419
  .. Time in backward (bwd) step  =          0.064094
 Time to gather solution(cent.sol)=       0.000000
 Time to copy/scale dist. solution=       0.000501

 Elapsed time in solve driver=       0.2958
  128 KSP Residual norm 4.079277839500e-06

Entering DMUMPS 5.6.2 from C interface with JOB, N =   3     1237277
      executing #MPI =    128 and #OMP =      2



 ****** SOLVE & CHECK STEP ********

 GLOBAL STATISTICS PRIOR SOLVE PHASE ...........
 Number of right-hand-sides                    =           1
 Blocking factor for multiple rhs              =           1
 ICNTL (9)                                     =           1
  --- (10)                                     =           0
  --- (11)                                     =           0
  --- (20)                                     =          10
  --- (21)                                     =           1
  --- (30)                                     =           0
  --- (35)                                     =           0
 WARNING: original distributed matrix is not allocated
 ** Rank of processor needing largest memory in solve     :       127
 ** Space in MBYTES used by this processor for solve      :       762
 ** Avg. Space in MBYTES per working proc during solve    :       404

 Leaving solve with ...
 Time to build/scatter RHS        =       0.002128
 Time in solution step (fwd/bwd)  =       0.145762
  .. Time in forward (fwd) step   =          0.081846
  .. Time in ScaLAPACK root       =          0.001426
  .. Time in backward (bwd) step  =          0.062470
 Time to gather solution(cent.sol)=       0.000000
 Time to copy/scale dist. solution=       0.000487

 Elapsed time in solve driver=       0.2962
  129 KSP Residual norm 3.746624589318e-06

Entering DMUMPS 5.6.2 from C interface with JOB, N =   3     1237277
      executing #MPI =    128 and #OMP =      2



 ****** SOLVE & CHECK STEP ********

 GLOBAL STATISTICS PRIOR SOLVE PHASE ...........
 Number of right-hand-sides                    =           1
 Blocking factor for multiple rhs              =           1
 ICNTL (9)                                     =           1
  --- (10)                                     =           0
  --- (11)                                     =           0
  --- (20)                                     =          10
  --- (21)                                     =           1
  --- (30)                                     =           0
  --- (35)                                     =           0
 WARNING: original distributed matrix is not allocated
 ** Rank of processor needing largest memory in solve     :       127
 ** Space in MBYTES used by this processor for solve      :       762
 ** Avg. Space in MBYTES per working proc during solve    :       404

 Leaving solve with ...
 Time to build/scatter RHS        =       0.002022
 Time in solution step (fwd/bwd)  =       0.144135
  .. Time in forward (fwd) step   =          0.081416
  .. Time in ScaLAPACK root       =          0.001455
  .. Time in backward (bwd) step  =          0.061245
 Time to gather solution(cent.sol)=       0.000000
 Time to copy/scale dist. solution=       0.000481

 Elapsed time in solve driver=       0.2966
  130 KSP Residual norm 3.454155575188e-06

Entering DMUMPS 5.6.2 from C interface with JOB, N =   3     1237277
      executing #MPI =    128 and #OMP =      2



 ****** SOLVE & CHECK STEP ********

 GLOBAL STATISTICS PRIOR SOLVE PHASE ...........
 Number of right-hand-sides                    =           1
 Blocking factor for multiple rhs              =           1
 ICNTL (9)                                     =           1
  --- (10)                                     =           0
  --- (11)                                     =           0
  --- (20)                                     =          10
  --- (21)                                     =           1
  --- (30)                                     =           0
  --- (35)                                     =           0
 WARNING: original distributed matrix is not allocated
 ** Rank of processor needing largest memory in solve     :       127
 ** Space in MBYTES used by this processor for solve      :       762
 ** Avg. Space in MBYTES per working proc during solve    :       404

 Leaving solve with ...
 Time to build/scatter RHS        =       0.002185
 Time in solution step (fwd/bwd)  =       0.147591
  .. Time in forward (fwd) step   =          0.081392
  .. Time in ScaLAPACK root       =          0.001419
  .. Time in backward (bwd) step  =          0.064755
 Time to gather solution(cent.sol)=       0.000000
 Time to copy/scale dist. solution=       0.000482

 Elapsed time in solve driver=       0.2963
  131 KSP Residual norm 3.119434316086e-06

Entering DMUMPS 5.6.2 from C interface with JOB, N =   3     1237277
      executing #MPI =    128 and #OMP =      2



 ****** SOLVE & CHECK STEP ********

 GLOBAL STATISTICS PRIOR SOLVE PHASE ...........
 Number of right-hand-sides                    =           1
 Blocking factor for multiple rhs              =           1
 ICNTL (9)                                     =           1
  --- (10)                                     =           0
  --- (11)                                     =           0
  --- (20)                                     =          10
  --- (21)                                     =           1
  --- (30)                                     =           0
  --- (35)                                     =           0
 WARNING: original distributed matrix is not allocated
 ** Rank of processor needing largest memory in solve     :       127
 ** Space in MBYTES used by this processor for solve      :       762
 ** Avg. Space in MBYTES per working proc during solve    :       404

 Leaving solve with ...
 Time to build/scatter RHS        =       0.001990
 Time in solution step (fwd/bwd)  =       0.144694
  .. Time in forward (fwd) step   =          0.079997
  .. Time in ScaLAPACK root       =          0.001429
  .. Time in backward (bwd) step  =          0.063244
 Time to gather solution(cent.sol)=       0.000000
 Time to copy/scale dist. solution=       0.000498

 Elapsed time in solve driver=       0.2936
  132 KSP Residual norm 2.630341307884e-06

Entering DMUMPS 5.6.2 from C interface with JOB, N =   3     1237277
      executing #MPI =    128 and #OMP =      2



 ****** SOLVE & CHECK STEP ********

 GLOBAL STATISTICS PRIOR SOLVE PHASE ...........
 Number of right-hand-sides                    =           1
 Blocking factor for multiple rhs              =           1
 ICNTL (9)                                     =           1
  --- (10)                                     =           0
  --- (11)                                     =           0
  --- (20)                                     =          10
  --- (21)                                     =           1
  --- (30)                                     =           0
  --- (35)                                     =           0
 WARNING: original distributed matrix is not allocated
 ** Rank of processor needing largest memory in solve     :       127
 ** Space in MBYTES used by this processor for solve      :       762
 ** Avg. Space in MBYTES per working proc during solve    :       404

 Leaving solve with ...
 Time to build/scatter RHS        =       0.002355
 Time in solution step (fwd/bwd)  =       0.142001
  .. Time in forward (fwd) step   =          0.081752
  .. Time in ScaLAPACK root       =          0.001423
  .. Time in backward (bwd) step  =          0.058801
 Time to gather solution(cent.sol)=       0.000000
 Time to copy/scale dist. solution=       0.000481

 Elapsed time in solve driver=       0.2915
  133 KSP Residual norm 2.085437116016e-06

Entering DMUMPS 5.6.2 from C interface with JOB, N =   3     1237277
      executing #MPI =    128 and #OMP =      2



 ****** SOLVE & CHECK STEP ********

 GLOBAL STATISTICS PRIOR SOLVE PHASE ...........
 Number of right-hand-sides                    =           1
 Blocking factor for multiple rhs              =           1
 ICNTL (9)                                     =           1
  --- (10)                                     =           0
  --- (11)                                     =           0
  --- (20)                                     =          10
  --- (21)                                     =           1
  --- (30)                                     =           0
  --- (35)                                     =           0
 WARNING: original distributed matrix is not allocated
 ** Rank of processor needing largest memory in solve     :       127
 ** Space in MBYTES used by this processor for solve      :       762
 ** Avg. Space in MBYTES per working proc during solve    :       404

 Leaving solve with ...
 Time to build/scatter RHS        =       0.002181
 Time in solution step (fwd/bwd)  =       0.146393
  .. Time in forward (fwd) step   =          0.079840
  .. Time in ScaLAPACK root       =          0.001422
  .. Time in backward (bwd) step  =          0.065100
 Time to gather solution(cent.sol)=       0.000000
 Time to copy/scale dist. solution=       0.000484

 Elapsed time in solve driver=       0.2960
  134 KSP Residual norm 1.588835552708e-06

Entering DMUMPS 5.6.2 from C interface with JOB, N =   3     1237277
      executing #MPI =    128 and #OMP =      2



 ****** SOLVE & CHECK STEP ********

 GLOBAL STATISTICS PRIOR SOLVE PHASE ...........
 Number of right-hand-sides                    =           1
 Blocking factor for multiple rhs              =           1
 ICNTL (9)                                     =           1
  --- (10)                                     =           0
  --- (11)                                     =           0
  --- (20)                                     =          10
  --- (21)                                     =           1
  --- (30)                                     =           0
  --- (35)                                     =           0
 WARNING: original distributed matrix is not allocated
 ** Rank of processor needing largest memory in solve     :       127
 ** Space in MBYTES used by this processor for solve      :       762
 ** Avg. Space in MBYTES per working proc during solve    :       404

 Leaving solve with ...
 Time to build/scatter RHS        =       0.002046
 Time in solution step (fwd/bwd)  =       0.146765
  .. Time in forward (fwd) step   =          0.080570
  .. Time in ScaLAPACK root       =          0.001425
  .. Time in backward (bwd) step  =          0.064750
 Time to gather solution(cent.sol)=       0.000000
 Time to copy/scale dist. solution=       0.000481

 Elapsed time in solve driver=       0.2953
  135 KSP Residual norm 1.254565031373e-06

Entering DMUMPS 5.6.2 from C interface with JOB, N =   3     1237277
      executing #MPI =    128 and #OMP =      2



 ****** SOLVE & CHECK STEP ********

 GLOBAL STATISTICS PRIOR SOLVE PHASE ...........
 Number of right-hand-sides                    =           1
 Blocking factor for multiple rhs              =           1
 ICNTL (9)                                     =           1
  --- (10)                                     =           0
  --- (11)                                     =           0
  --- (20)                                     =          10
  --- (21)                                     =           1
  --- (30)                                     =           0
  --- (35)                                     =           0
 WARNING: original distributed matrix is not allocated
 ** Rank of processor needing largest memory in solve     :       127
 ** Space in MBYTES used by this processor for solve      :       762
 ** Avg. Space in MBYTES per working proc during solve    :       404

 Leaving solve with ...
 Time to build/scatter RHS        =       0.002178
 Time in solution step (fwd/bwd)  =       0.142272
  .. Time in forward (fwd) step   =          0.080582
  .. Time in ScaLAPACK root       =          0.001419
  .. Time in backward (bwd) step  =          0.060248
 Time to gather solution(cent.sol)=       0.000000
 Time to copy/scale dist. solution=       0.000496

 Elapsed time in solve driver=       0.2924
  136 KSP Residual norm 1.037023663446e-06

Entering DMUMPS 5.6.2 from C interface with JOB, N =   3     1237277
      executing #MPI =    128 and #OMP =      2



 ****** SOLVE & CHECK STEP ********

 GLOBAL STATISTICS PRIOR SOLVE PHASE ...........
 Number of right-hand-sides                    =           1
 Blocking factor for multiple rhs              =           1
 ICNTL (9)                                     =           1
  --- (10)                                     =           0
  --- (11)                                     =           0
  --- (20)                                     =          10
  --- (21)                                     =           1
  --- (30)                                     =           0
  --- (35)                                     =           0
 WARNING: original distributed matrix is not allocated
 ** Rank of processor needing largest memory in solve     :       127
 ** Space in MBYTES used by this processor for solve      :       762
 ** Avg. Space in MBYTES per working proc during solve    :       404

 Leaving solve with ...
 Time to build/scatter RHS        =       0.002138
 Time in solution step (fwd/bwd)  =       0.141565
  .. Time in forward (fwd) step   =          0.080732
  .. Time in ScaLAPACK root       =          0.001454
  .. Time in backward (bwd) step  =          0.059357
 Time to gather solution(cent.sol)=       0.000000
 Time to copy/scale dist. solution=       0.000496

 Elapsed time in solve driver=       0.2927
  137 KSP Residual norm 8.875306605051e-07

Entering DMUMPS 5.6.2 from C interface with JOB, N =   3     1237277
      executing #MPI =    128 and #OMP =      2



 ****** SOLVE & CHECK STEP ********

 GLOBAL STATISTICS PRIOR SOLVE PHASE ...........
 Number of right-hand-sides                    =           1
 Blocking factor for multiple rhs              =           1
 ICNTL (9)                                     =           1
  --- (10)                                     =           0
  --- (11)                                     =           0
  --- (20)                                     =          10
  --- (21)                                     =           1
  --- (30)                                     =           0
  --- (35)                                     =           0
 WARNING: original distributed matrix is not allocated
 ** Rank of processor needing largest memory in solve     :       127
 ** Space in MBYTES used by this processor for solve      :       762
 ** Avg. Space in MBYTES per working proc during solve    :       404

 Leaving solve with ...
 Time to build/scatter RHS        =       0.002036
 Time in solution step (fwd/bwd)  =       0.145099
  .. Time in forward (fwd) step   =          0.081025
  .. Time in ScaLAPACK root       =          0.001433
  .. Time in backward (bwd) step  =          0.062620
 Time to gather solution(cent.sol)=       0.000000
 Time to copy/scale dist. solution=       0.000488

 Elapsed time in solve driver=       0.2928
  138 KSP Residual norm 7.666756835922e-07

Entering DMUMPS 5.6.2 from C interface with JOB, N =   3     1237277
      executing #MPI =    128 and #OMP =      2



 ****** SOLVE & CHECK STEP ********

 GLOBAL STATISTICS PRIOR SOLVE PHASE ...........
 Number of right-hand-sides                    =           1
 Blocking factor for multiple rhs              =           1
 ICNTL (9)                                     =           1
  --- (10)                                     =           0
  --- (11)                                     =           0
  --- (20)                                     =          10
  --- (21)                                     =           1
  --- (30)                                     =           0
  --- (35)                                     =           0
 WARNING: original distributed matrix is not allocated
 ** Rank of processor needing largest memory in solve     :       127
 ** Space in MBYTES used by this processor for solve      :       762
 ** Avg. Space in MBYTES per working proc during solve    :       404

 Leaving solve with ...
 Time to build/scatter RHS        =       0.001993
 Time in solution step (fwd/bwd)  =       0.145584
  .. Time in forward (fwd) step   =          0.080727
  .. Time in ScaLAPACK root       =          0.001432
  .. Time in backward (bwd) step  =          0.063405
 Time to gather solution(cent.sol)=       0.000000
 Time to copy/scale dist. solution=       0.000481

 Elapsed time in solve driver=       0.2939
  139 KSP Residual norm 6.425314619698e-07

Entering DMUMPS 5.6.2 from C interface with JOB, N =   3     1237277
      executing #MPI =    128 and #OMP =      2



 ****** SOLVE & CHECK STEP ********

 GLOBAL STATISTICS PRIOR SOLVE PHASE ...........
 Number of right-hand-sides                    =           1
 Blocking factor for multiple rhs              =           1
 ICNTL (9)                                     =           1
  --- (10)                                     =           0
  --- (11)                                     =           0
  --- (20)                                     =          10
  --- (21)                                     =           1
  --- (30)                                     =           0
  --- (35)                                     =           0
 WARNING: original distributed matrix is not allocated
 ** Rank of processor needing largest memory in solve     :       127
 ** Space in MBYTES used by this processor for solve      :       762
 ** Avg. Space in MBYTES per working proc during solve    :       404

 Leaving solve with ...
 Time to build/scatter RHS        =       0.002037
 Time in solution step (fwd/bwd)  =       0.146799
  .. Time in forward (fwd) step   =          0.081517
  .. Time in ScaLAPACK root       =          0.001413
  .. Time in backward (bwd) step  =          0.063844
 Time to gather solution(cent.sol)=       0.000000
 Time to copy/scale dist. solution=       0.000490

 Elapsed time in solve driver=       0.2980
  140 KSP Residual norm 5.501689589647e-07

Entering DMUMPS 5.6.2 from C interface with JOB, N =   3     1237277
      executing #MPI =    128 and #OMP =      2



 ****** SOLVE & CHECK STEP ********

 GLOBAL STATISTICS PRIOR SOLVE PHASE ...........
 Number of right-hand-sides                    =           1
 Blocking factor for multiple rhs              =           1
 ICNTL (9)                                     =           1
  --- (10)                                     =           0
  --- (11)                                     =           0
  --- (20)                                     =          10
  --- (21)                                     =           1
  --- (30)                                     =           0
  --- (35)                                     =           0
 WARNING: original distributed matrix is not allocated
 ** Rank of processor needing largest memory in solve     :       127
 ** Space in MBYTES used by this processor for solve      :       762
 ** Avg. Space in MBYTES per working proc during solve    :       404

 Leaving solve with ...
 Time to build/scatter RHS        =       0.002276
 Time in solution step (fwd/bwd)  =       0.147065
  .. Time in forward (fwd) step   =          0.081248
  .. Time in ScaLAPACK root       =          0.001415
  .. Time in backward (bwd) step  =          0.064371
 Time to gather solution(cent.sol)=       0.000000
 Time to copy/scale dist. solution=       0.000497

 Elapsed time in solve driver=       0.2976
  141 KSP Residual norm 4.650421765839e-07

Entering DMUMPS 5.6.2 from C interface with JOB, N =   3     1237277
      executing #MPI =    128 and #OMP =      2



 ****** SOLVE & CHECK STEP ********

 GLOBAL STATISTICS PRIOR SOLVE PHASE ...........
 Number of right-hand-sides                    =           1
 Blocking factor for multiple rhs              =           1
 ICNTL (9)                                     =           1
  --- (10)                                     =           0
  --- (11)                                     =           0
  --- (20)                                     =          10
  --- (21)                                     =           1
  --- (30)                                     =           0
  --- (35)                                     =           0
 WARNING: original distributed matrix is not allocated
 ** Rank of processor needing largest memory in solve     :       127
 ** Space in MBYTES used by this processor for solve      :       762
 ** Avg. Space in MBYTES per working proc during solve    :       404

 Leaving solve with ...
 Time to build/scatter RHS        =       0.001948
 Time in solution step (fwd/bwd)  =       0.142364
  .. Time in forward (fwd) step   =          0.080434
  .. Time in ScaLAPACK root       =          0.001442
  .. Time in backward (bwd) step  =          0.060471
 Time to gather solution(cent.sol)=       0.000000
 Time to copy/scale dist. solution=       0.000495

 Elapsed time in solve driver=       0.2920
  142 KSP Residual norm 4.027422147012e-07

Entering DMUMPS 5.6.2 from C interface with JOB, N =   3     1237277
      executing #MPI =    128 and #OMP =      2



 ****** SOLVE & CHECK STEP ********

 GLOBAL STATISTICS PRIOR SOLVE PHASE ...........
 Number of right-hand-sides                    =           1
 Blocking factor for multiple rhs              =           1
 ICNTL (9)                                     =           1
  --- (10)                                     =           0
  --- (11)                                     =           0
  --- (20)                                     =          10
  --- (21)                                     =           1
  --- (30)                                     =           0
  --- (35)                                     =           0
 WARNING: original distributed matrix is not allocated
 ** Rank of processor needing largest memory in solve     :       127
 ** Space in MBYTES used by this processor for solve      :       762
 ** Avg. Space in MBYTES per working proc during solve    :       404

 Leaving solve with ...
 Time to build/scatter RHS        =       0.002440
 Time in solution step (fwd/bwd)  =       0.147054
  .. Time in forward (fwd) step   =          0.081444
  .. Time in ScaLAPACK root       =          0.001443
  .. Time in backward (bwd) step  =          0.064143
 Time to gather solution(cent.sol)=       0.000000
 Time to copy/scale dist. solution=       0.000484

 Elapsed time in solve driver=       0.2993
  143 KSP Residual norm 3.578934408877e-07

Entering DMUMPS 5.6.2 from C interface with JOB, N =   3     1237277
      executing #MPI =    128 and #OMP =      2



 ****** SOLVE & CHECK STEP ********

 GLOBAL STATISTICS PRIOR SOLVE PHASE ...........
 Number of right-hand-sides                    =           1
 Blocking factor for multiple rhs              =           1
 ICNTL (9)                                     =           1
  --- (10)                                     =           0
  --- (11)                                     =           0
  --- (20)                                     =          10
  --- (21)                                     =           1
  --- (30)                                     =           0
  --- (35)                                     =           0
 WARNING: original distributed matrix is not allocated
 ** Rank of processor needing largest memory in solve     :       127
 ** Space in MBYTES used by this processor for solve      :       762
 ** Avg. Space in MBYTES per working proc during solve    :       404

 Leaving solve with ...
 Time to build/scatter RHS        =       0.002394
 Time in solution step (fwd/bwd)  =       0.145366
  .. Time in forward (fwd) step   =          0.080860
  .. Time in ScaLAPACK root       =          0.001408
  .. Time in backward (bwd) step  =          0.063077
 Time to gather solution(cent.sol)=       0.000000
 Time to copy/scale dist. solution=       0.000478

 Elapsed time in solve driver=       0.2988
  144 KSP Residual norm 3.036519087421e-07

Entering DMUMPS 5.6.2 from C interface with JOB, N =   3     1237277
      executing #MPI =    128 and #OMP =      2



 ****** SOLVE & CHECK STEP ********

 GLOBAL STATISTICS PRIOR SOLVE PHASE ...........
 Number of right-hand-sides                    =           1
 Blocking factor for multiple rhs              =           1
 ICNTL (9)                                     =           1
  --- (10)                                     =           0
  --- (11)                                     =           0
  --- (20)                                     =          10
  --- (21)                                     =           1
  --- (30)                                     =           0
  --- (35)                                     =           0
 WARNING: original distributed matrix is not allocated
 ** Rank of processor needing largest memory in solve     :       127
 ** Space in MBYTES used by this processor for solve      :       762
 ** Avg. Space in MBYTES per working proc during solve    :       404

 Leaving solve with ...
 Time to build/scatter RHS        =       0.002125
 Time in solution step (fwd/bwd)  =       0.149124
  .. Time in forward (fwd) step   =          0.081764
  .. Time in ScaLAPACK root       =          0.001446
  .. Time in backward (bwd) step  =          0.065892
 Time to gather solution(cent.sol)=       0.000000
 Time to copy/scale dist. solution=       0.000483

 Elapsed time in solve driver=       0.3054
  145 KSP Residual norm 2.508194967018e-07

Entering DMUMPS 5.6.2 from C interface with JOB, N =   3     1237277
      executing #MPI =    128 and #OMP =      2



 ****** SOLVE & CHECK STEP ********

 GLOBAL STATISTICS PRIOR SOLVE PHASE ...........
 Number of right-hand-sides                    =           1
 Blocking factor for multiple rhs              =           1
 ICNTL (9)                                     =           1
  --- (10)                                     =           0
  --- (11)                                     =           0
  --- (20)                                     =          10
  --- (21)                                     =           1
  --- (30)                                     =           0
  --- (35)                                     =           0
 WARNING: original distributed matrix is not allocated
 ** Rank of processor needing largest memory in solve     :       127
 ** Space in MBYTES used by this processor for solve      :       762
 ** Avg. Space in MBYTES per working proc during solve    :       404

 Leaving solve with ...
 Time to build/scatter RHS        =       0.002077
 Time in solution step (fwd/bwd)  =       0.145424
  .. Time in forward (fwd) step   =          0.080553
  .. Time in ScaLAPACK root       =          0.001426
  .. Time in backward (bwd) step  =          0.063426
 Time to gather solution(cent.sol)=       0.000000
 Time to copy/scale dist. solution=       0.000472

 Elapsed time in solve driver=       0.2961
  146 KSP Residual norm 1.998435497645e-07

Entering DMUMPS 5.6.2 from C interface with JOB, N =   3     1237277
      executing #MPI =    128 and #OMP =      2



 ****** SOLVE & CHECK STEP ********

 GLOBAL STATISTICS PRIOR SOLVE PHASE ...........
 Number of right-hand-sides                    =           1
 Blocking factor for multiple rhs              =           1
 ICNTL (9)                                     =           1
  --- (10)                                     =           0
  --- (11)                                     =           0
  --- (20)                                     =          10
  --- (21)                                     =           1
  --- (30)                                     =           0
  --- (35)                                     =           0
 WARNING: original distributed matrix is not allocated
 ** Rank of processor needing largest memory in solve     :       127
 ** Space in MBYTES used by this processor for solve      :       762
 ** Avg. Space in MBYTES per working proc during solve    :       404

 Leaving solve with ...
 Time to build/scatter RHS        =       0.002120
 Time in solution step (fwd/bwd)  =       0.147737
  .. Time in forward (fwd) step   =          0.081614
  .. Time in ScaLAPACK root       =          0.001438
  .. Time in backward (bwd) step  =          0.064664
 Time to gather solution(cent.sol)=       0.000000
 Time to copy/scale dist. solution=       0.000480

 Elapsed time in solve driver=       0.2975
  147 KSP Residual norm 1.615381075520e-07

Entering DMUMPS 5.6.2 from C interface with JOB, N =   3     1237277
      executing #MPI =    128 and #OMP =      2



 ****** SOLVE & CHECK STEP ********

 GLOBAL STATISTICS PRIOR SOLVE PHASE ...........
 Number of right-hand-sides                    =           1
 Blocking factor for multiple rhs              =           1
 ICNTL (9)                                     =           1
  --- (10)                                     =           0
  --- (11)                                     =           0
  --- (20)                                     =          10
  --- (21)                                     =           1
  --- (30)                                     =           0
  --- (35)                                     =           0
 WARNING: original distributed matrix is not allocated
 ** Rank of processor needing largest memory in solve     :       127
 ** Space in MBYTES used by this processor for solve      :       762
 ** Avg. Space in MBYTES per working proc during solve    :       404

 Leaving solve with ...
 Time to build/scatter RHS        =       0.002044
 Time in solution step (fwd/bwd)  =       0.148435
  .. Time in forward (fwd) step   =          0.081022
  .. Time in ScaLAPACK root       =          0.001432
  .. Time in backward (bwd) step  =          0.065947
 Time to gather solution(cent.sol)=       0.000000
 Time to copy/scale dist. solution=       0.000474

 Elapsed time in solve driver=       0.2979
  148 KSP Residual norm 1.357855586190e-07

Entering DMUMPS 5.6.2 from C interface with JOB, N =   3     1237277
      executing #MPI =    128 and #OMP =      2



 ****** SOLVE & CHECK STEP ********

 GLOBAL STATISTICS PRIOR SOLVE PHASE ...........
 Number of right-hand-sides                    =           1
 Blocking factor for multiple rhs              =           1
 ICNTL (9)                                     =           1
  --- (10)                                     =           0
  --- (11)                                     =           0
  --- (20)                                     =          10
  --- (21)                                     =           1
  --- (30)                                     =           0
  --- (35)                                     =           0
 WARNING: original distributed matrix is not allocated
 ** Rank of processor needing largest memory in solve     :       127
 ** Space in MBYTES used by this processor for solve      :       762
 ** Avg. Space in MBYTES per working proc during solve    :       404

 Leaving solve with ...
 Time to build/scatter RHS        =       0.002069
 Time in solution step (fwd/bwd)  =       0.147559
  .. Time in forward (fwd) step   =          0.082144
  .. Time in ScaLAPACK root       =          0.001427
  .. Time in backward (bwd) step  =          0.063966
 Time to gather solution(cent.sol)=       0.000000
 Time to copy/scale dist. solution=       0.000492

 Elapsed time in solve driver=       0.2995
  149 KSP Residual norm 1.159035938209e-07

Entering DMUMPS 5.6.2 from C interface with JOB, N =   3     1237277
      executing #MPI =    128 and #OMP =      2



 ****** SOLVE & CHECK STEP ********

 GLOBAL STATISTICS PRIOR SOLVE PHASE ...........
 Number of right-hand-sides                    =           1
 Blocking factor for multiple rhs              =           1
 ICNTL (9)                                     =           1
  --- (10)                                     =           0
  --- (11)                                     =           0
  --- (20)                                     =          10
  --- (21)                                     =           1
  --- (30)                                     =           0
  --- (35)                                     =           0
 WARNING: original distributed matrix is not allocated
 ** Rank of processor needing largest memory in solve     :       127
 ** Space in MBYTES used by this processor for solve      :       762
 ** Avg. Space in MBYTES per working proc during solve    :       404

 Leaving solve with ...
 Time to build/scatter RHS        =       0.006632
 Time in solution step (fwd/bwd)  =       0.147926
  .. Time in forward (fwd) step   =          0.081379
  .. Time in ScaLAPACK root       =          0.001412
  .. Time in backward (bwd) step  =          0.065115
 Time to gather solution(cent.sol)=       0.000000
 Time to copy/scale dist. solution=       0.000495

 Elapsed time in solve driver=       0.3021
  150 KSP Residual norm 1.029545230251e-07

Entering DMUMPS 5.6.2 from C interface with JOB, N =   3     1237277
      executing #MPI =    128 and #OMP =      2



 ****** SOLVE & CHECK STEP ********

 GLOBAL STATISTICS PRIOR SOLVE PHASE ...........
 Number of right-hand-sides                    =           1
 Blocking factor for multiple rhs              =           1
 ICNTL (9)                                     =           1
  --- (10)                                     =           0
  --- (11)                                     =           0
  --- (20)                                     =          10
  --- (21)                                     =           1
  --- (30)                                     =           0
  --- (35)                                     =           0
 WARNING: original distributed matrix is not allocated
 ** Rank of processor needing largest memory in solve     :       127
 ** Space in MBYTES used by this processor for solve      :       762
 ** Avg. Space in MBYTES per working proc during solve    :       404

 Leaving solve with ...
 Time to build/scatter RHS        =       0.002049
 Time in solution step (fwd/bwd)  =       0.147779
  .. Time in forward (fwd) step   =          0.080808
  .. Time in ScaLAPACK root       =          0.001424
  .. Time in backward (bwd) step  =          0.065529
 Time to gather solution(cent.sol)=       0.000000
 Time to copy/scale dist. solution=       0.000478

 Elapsed time in solve driver=       0.2980
  151 KSP Residual norm 9.292945528274e-08

Entering DMUMPS 5.6.2 from C interface with JOB, N =   3     1237277
      executing #MPI =    128 and #OMP =      2



 ****** SOLVE & CHECK STEP ********

 GLOBAL STATISTICS PRIOR SOLVE PHASE ...........
 Number of right-hand-sides                    =           1
 Blocking factor for multiple rhs              =           1
 ICNTL (9)                                     =           1
  --- (10)                                     =           0
  --- (11)                                     =           0
  --- (20)                                     =          10
  --- (21)                                     =           1
  --- (30)                                     =           0
  --- (35)                                     =           0
 WARNING: original distributed matrix is not allocated
 ** Rank of processor needing largest memory in solve     :       127
 ** Space in MBYTES used by this processor for solve      :       762
 ** Avg. Space in MBYTES per working proc during solve    :       404

 Leaving solve with ...
 Time to build/scatter RHS        =       0.002065
 Time in solution step (fwd/bwd)  =       0.144318
  .. Time in forward (fwd) step   =          0.080211
  .. Time in ScaLAPACK root       =          0.001457
  .. Time in backward (bwd) step  =          0.062631
 Time to gather solution(cent.sol)=       0.000000
 Time to copy/scale dist. solution=       0.000492

 Elapsed time in solve driver=       0.3001
  152 KSP Residual norm 8.068433023854e-08

Entering DMUMPS 5.6.2 from C interface with JOB, N =   3     1237277
      executing #MPI =    128 and #OMP =      2



 ****** SOLVE & CHECK STEP ********

 GLOBAL STATISTICS PRIOR SOLVE PHASE ...........
 Number of right-hand-sides                    =           1
 Blocking factor for multiple rhs              =           1
 ICNTL (9)                                     =           1
  --- (10)                                     =           0
  --- (11)                                     =           0
  --- (20)                                     =          10
  --- (21)                                     =           1
  --- (30)                                     =           0
  --- (35)                                     =           0
 WARNING: original distributed matrix is not allocated
 ** Rank of processor needing largest memory in solve     :       127
 ** Space in MBYTES used by this processor for solve      :       762
 ** Avg. Space in MBYTES per working proc during solve    :       404

 Leaving solve with ...
 Time to build/scatter RHS        =       0.008784
 Time in solution step (fwd/bwd)  =       0.147112
  .. Time in forward (fwd) step   =          0.081986
  .. Time in ScaLAPACK root       =          0.001464
  .. Time in backward (bwd) step  =          0.063638
 Time to gather solution(cent.sol)=       0.000000
 Time to copy/scale dist. solution=       0.000494

 Elapsed time in solve driver=       0.3019
  153 KSP Residual norm 7.086014136303e-08

Entering DMUMPS 5.6.2 from C interface with JOB, N =   3     1237277
      executing #MPI =    128 and #OMP =      2



 ****** SOLVE & CHECK STEP ********

 GLOBAL STATISTICS PRIOR SOLVE PHASE ...........
 Number of right-hand-sides                    =           1
 Blocking factor for multiple rhs              =           1
 ICNTL (9)                                     =           1
  --- (10)                                     =           0
  --- (11)                                     =           0
  --- (20)                                     =          10
  --- (21)                                     =           1
  --- (30)                                     =           0
  --- (35)                                     =           0
 WARNING: original distributed matrix is not allocated
 ** Rank of processor needing largest memory in solve     :       127
 ** Space in MBYTES used by this processor for solve      :       762
 ** Avg. Space in MBYTES per working proc during solve    :       404

 Leaving solve with ...
 Time to build/scatter RHS        =       0.065197
 Time in solution step (fwd/bwd)  =       0.146667
  .. Time in forward (fwd) step   =          0.081073
  .. Time in ScaLAPACK root       =          0.001424
  .. Time in backward (bwd) step  =          0.064142
 Time to gather solution(cent.sol)=       0.000000
 Time to copy/scale dist. solution=       0.000503

 Elapsed time in solve driver=       0.3609
  154 KSP Residual norm 6.129560053719e-08

Entering DMUMPS 5.6.2 from C interface with JOB, N =   3     1237277
      executing #MPI =    128 and #OMP =      2



 ****** SOLVE & CHECK STEP ********

 GLOBAL STATISTICS PRIOR SOLVE PHASE ...........
 Number of right-hand-sides                    =           1
 Blocking factor for multiple rhs              =           1
 ICNTL (9)                                     =           1
  --- (10)                                     =           0
  --- (11)                                     =           0
  --- (20)                                     =          10
  --- (21)                                     =           1
  --- (30)                                     =           0
  --- (35)                                     =           0
 WARNING: original distributed matrix is not allocated
 ** Rank of processor needing largest memory in solve     :       127
 ** Space in MBYTES used by this processor for solve      :       762
 ** Avg. Space in MBYTES per working proc during solve    :       404

 Leaving solve with ...
 Time to build/scatter RHS        =       0.002061
 Time in solution step (fwd/bwd)  =       0.142713
  .. Time in forward (fwd) step   =          0.081304
  .. Time in ScaLAPACK root       =          0.001449
  .. Time in backward (bwd) step  =          0.059930
 Time to gather solution(cent.sol)=       0.000000
 Time to copy/scale dist. solution=       0.000491

 Elapsed time in solve driver=       0.2937
  155 KSP Residual norm 5.472808427583e-08

Entering DMUMPS 5.6.2 from C interface with JOB, N =   3     1237277
      executing #MPI =    128 and #OMP =      2



 ****** SOLVE & CHECK STEP ********

 GLOBAL STATISTICS PRIOR SOLVE PHASE ...........
 Number of right-hand-sides                    =           1
 Blocking factor for multiple rhs              =           1
 ICNTL (9)                                     =           1
  --- (10)                                     =           0
  --- (11)                                     =           0
  --- (20)                                     =          10
  --- (21)                                     =           1
  --- (30)                                     =           0
  --- (35)                                     =           0
 WARNING: original distributed matrix is not allocated
 ** Rank of processor needing largest memory in solve     :       127
 ** Space in MBYTES used by this processor for solve      :       762
 ** Avg. Space in MBYTES per working proc during solve    :       404

 Leaving solve with ...
 Time to build/scatter RHS        =       0.002236
 Time in solution step (fwd/bwd)  =       0.141948
  .. Time in forward (fwd) step   =          0.081030
  .. Time in ScaLAPACK root       =          0.001420
  .. Time in backward (bwd) step  =          0.059471
 Time to gather solution(cent.sol)=       0.000000
 Time to copy/scale dist. solution=       0.000577

 Elapsed time in solve driver=       0.2950
  156 KSP Residual norm 5.000209149711e-08

Entering DMUMPS 5.6.2 from C interface with JOB, N =   3     1237277
      executing #MPI =    128 and #OMP =      2



 ****** SOLVE & CHECK STEP ********

 GLOBAL STATISTICS PRIOR SOLVE PHASE ...........
 Number of right-hand-sides                    =           1
 Blocking factor for multiple rhs              =           1
 ICNTL (9)                                     =           1
  --- (10)                                     =           0
  --- (11)                                     =           0
  --- (20)                                     =          10
  --- (21)                                     =           1
  --- (30)                                     =           0
  --- (35)                                     =           0
 WARNING: original distributed matrix is not allocated
 ** Rank of processor needing largest memory in solve     :       127
 ** Space in MBYTES used by this processor for solve      :       762
 ** Avg. Space in MBYTES per working proc during solve    :       404

 Leaving solve with ...
 Time to build/scatter RHS        =       0.002025
 Time in solution step (fwd/bwd)  =       0.143040
  .. Time in forward (fwd) step   =          0.081736
  .. Time in ScaLAPACK root       =          0.001442
  .. Time in backward (bwd) step  =          0.059838
 Time to gather solution(cent.sol)=       0.000000
 Time to copy/scale dist. solution=       0.000486

 Elapsed time in solve driver=       0.2947
  157 KSP Residual norm 4.677481614130e-08

Entering DMUMPS 5.6.2 from C interface with JOB, N =   3     1237277
      executing #MPI =    128 and #OMP =      2



 ****** SOLVE & CHECK STEP ********

 GLOBAL STATISTICS PRIOR SOLVE PHASE ...........
 Number of right-hand-sides                    =           1
 Blocking factor for multiple rhs              =           1
 ICNTL (9)                                     =           1
  --- (10)                                     =           0
  --- (11)                                     =           0
  --- (20)                                     =          10
  --- (21)                                     =           1
  --- (30)                                     =           0
  --- (35)                                     =           0
 WARNING: original distributed matrix is not allocated
 ** Rank of processor needing largest memory in solve     :       127
 ** Space in MBYTES used by this processor for solve      :       762
 ** Avg. Space in MBYTES per working proc during solve    :       404

 Leaving solve with ...
 Time to build/scatter RHS        =       0.002082
 Time in solution step (fwd/bwd)  =       0.146235
  .. Time in forward (fwd) step   =          0.080928
  .. Time in ScaLAPACK root       =          0.001472
  .. Time in backward (bwd) step  =          0.063785
 Time to gather solution(cent.sol)=       0.000000
 Time to copy/scale dist. solution=       0.000484

 Elapsed time in solve driver=       0.2982
  158 KSP Residual norm 4.332617180172e-08

Entering DMUMPS 5.6.2 from C interface with JOB, N =   3     1237277
      executing #MPI =    128 and #OMP =      2



 ****** SOLVE & CHECK STEP ********

 GLOBAL STATISTICS PRIOR SOLVE PHASE ...........
 Number of right-hand-sides                    =           1
 Blocking factor for multiple rhs              =           1
 ICNTL (9)                                     =           1
  --- (10)                                     =           0
  --- (11)                                     =           0
  --- (20)                                     =          10
  --- (21)                                     =           1
  --- (30)                                     =           0
  --- (35)                                     =           0
 WARNING: original distributed matrix is not allocated
 ** Rank of processor needing largest memory in solve     :       127
 ** Space in MBYTES used by this processor for solve      :       762
 ** Avg. Space in MBYTES per working proc during solve    :       404

 Leaving solve with ...
 Time to build/scatter RHS        =       0.002002
 Time in solution step (fwd/bwd)  =       0.143414
  .. Time in forward (fwd) step   =          0.080841
  .. Time in ScaLAPACK root       =          0.001442
  .. Time in backward (bwd) step  =          0.061112
 Time to gather solution(cent.sol)=       0.000000
 Time to copy/scale dist. solution=       0.000481

 Elapsed time in solve driver=       0.3263
  159 KSP Residual norm 4.105073683640e-08

Entering DMUMPS 5.6.2 from C interface with JOB, N =   3     1237277
      executing #MPI =    128 and #OMP =      2



 ****** SOLVE & CHECK STEP ********

 GLOBAL STATISTICS PRIOR SOLVE PHASE ...........
 Number of right-hand-sides                    =           1
 Blocking factor for multiple rhs              =           1
 ICNTL (9)                                     =           1
  --- (10)                                     =           0
  --- (11)                                     =           0
  --- (20)                                     =          10
  --- (21)                                     =           1
  --- (30)                                     =           0
  --- (35)                                     =           0
 WARNING: original distributed matrix is not allocated
 ** Rank of processor needing largest memory in solve     :       127
 ** Space in MBYTES used by this processor for solve      :       762
 ** Avg. Space in MBYTES per working proc during solve    :       404

 Leaving solve with ...
 Time to build/scatter RHS        =       0.002059
 Time in solution step (fwd/bwd)  =       0.147441
  .. Time in forward (fwd) step   =          0.080506
  .. Time in ScaLAPACK root       =          0.001425
  .. Time in backward (bwd) step  =          0.065484
 Time to gather solution(cent.sol)=       0.000000
 Time to copy/scale dist. solution=       0.000494

 Elapsed time in solve driver=       0.2961
  160 KSP Residual norm 3.889980948473e-08

Entering DMUMPS 5.6.2 from C interface with JOB, N =   3     1237277
      executing #MPI =    128 and #OMP =      2



 ****** SOLVE & CHECK STEP ********

 GLOBAL STATISTICS PRIOR SOLVE PHASE ...........
 Number of right-hand-sides                    =           1
 Blocking factor for multiple rhs              =           1
 ICNTL (9)                                     =           1
  --- (10)                                     =           0
  --- (11)                                     =           0
  --- (20)                                     =          10
  --- (21)                                     =           1
  --- (30)                                     =           0
  --- (35)                                     =           0
 WARNING: original distributed matrix is not allocated
 ** Rank of processor needing largest memory in solve     :       127
 ** Space in MBYTES used by this processor for solve      :       762
 ** Avg. Space in MBYTES per working proc during solve    :       404

 Leaving solve with ...
 Time to build/scatter RHS        =       0.002020
 Time in solution step (fwd/bwd)  =       0.142393
  .. Time in forward (fwd) step   =          0.080605
  .. Time in ScaLAPACK root       =          0.001416
  .. Time in backward (bwd) step  =          0.060347
 Time to gather solution(cent.sol)=       0.000000
 Time to copy/scale dist. solution=       0.000516

 Elapsed time in solve driver=       0.2928
  161 KSP Residual norm 3.654187110659e-08

Entering DMUMPS 5.6.2 from C interface with JOB, N =   3     1237277
      executing #MPI =    128 and #OMP =      2



 ****** SOLVE & CHECK STEP ********

 GLOBAL STATISTICS PRIOR SOLVE PHASE ...........
 Number of right-hand-sides                    =           1
 Blocking factor for multiple rhs              =           1
 ICNTL (9)                                     =           1
  --- (10)                                     =           0
  --- (11)                                     =           0
  --- (20)                                     =          10
  --- (21)                                     =           1
  --- (30)                                     =           0
  --- (35)                                     =           0
 WARNING: original distributed matrix is not allocated
 ** Rank of processor needing largest memory in solve     :       127
 ** Space in MBYTES used by this processor for solve      :       762
 ** Avg. Space in MBYTES per working proc during solve    :       404

 Leaving solve with ...
 Time to build/scatter RHS        =       0.001947
 Time in solution step (fwd/bwd)  =       0.142835
  .. Time in forward (fwd) step   =          0.079533
  .. Time in ScaLAPACK root       =          0.001467
  .. Time in backward (bwd) step  =          0.061805
 Time to gather solution(cent.sol)=       0.000000
 Time to copy/scale dist. solution=       0.000480

 Elapsed time in solve driver=       0.2950
  162 KSP Residual norm 3.394155632251e-08
KSP Object: 128 MPI processes
  type: gmres
    restart=2000, using Classical (unmodified) Gram-Schmidt Orthogonalization with no iterative refinement
    happy breakdown tolerance 1e-30
  maximum iterations=10000, initial guess is zero
  tolerances: relative=1e-07, absolute=1e-50, divergence=10000.
  left preconditioning
  using PRECONDITIONED norm type for convergence test
PC Object: 128 MPI processes
  type: lu
    out-of-place factorization
    tolerance for zero pivot 2.22045e-14
    matrix ordering: external
    factor fill ratio given 0., needed 0.
      Factored matrix follows:
        Mat Object: 128 MPI processes
          type: mumps
          rows=1237277, cols=1237277
          package used to perform factorization: mumps
          total: nonzeros=-1171967296, allocated nonzeros=-1171967296
            MUMPS run parameters:
              Use -ksp_view ::ascii_info_detail to display information for all processes
              RINFOG(1) (global estimated flops for the elimination after analysis): 8.19315e+12
              RINFOG(2) (global estimated flops for the assembly after factorization): 1.22149e+10
              RINFOG(3) (global estimated flops for the elimination after factorization): 8.19315e+12
              (RINFOG(12) RINFOG(13))*2^INFOG(34) (determinant): (0.,0.)*(2^0)
              INFOG(3) (estimated real workspace for factors on all processors after analysis): -3150
              INFOG(4) (estimated integer workspace for factors on all processors after analysis): 23493785
              INFOG(5) (estimated maximum front size in the complete tree): 6150
              INFOG(6) (number of nodes in the complete tree): 15740
              INFOG(7) (ordering option effectively used after analysis): 3
              INFOG(8) (structural symmetry in percent of the permuted matrix after analysis): -1
              INFOG(9) (total real/complex workspace to store the matrix factors after factorization): -3123
              INFOG(10) (total integer space store the matrix factors after factorization): 22049631
              INFOG(11) (order of largest frontal matrix after factorization): 6150
              INFOG(12) (number of off-diagonal pivots): 4
              INFOG(13) (number of delayed pivots after factorization): 0
              INFOG(14) (number of memory compress after factorization): 302
              INFOG(15) (number of steps of iterative refinement after solution): 0
              INFOG(16) (estimated size (in MB) of all MUMPS internal data for factorization after analysis: value on the most memory consuming processor): 903
              INFOG(17) (estimated size of all MUMPS internal data for factorization after analysis: sum over all processors): 69448
              INFOG(18) (size of all MUMPS internal data allocated during factorization: value on the most memory consuming processor): 903
              INFOG(19) (size of all MUMPS internal data allocated during factorization: sum over all processors): 69448
              INFOG(20) (estimated number of entries in the factors): -3123
              INFOG(21) (size in MB of memory effectively used during factorization - value on the most memory consuming processor): 658
              INFOG(22) (size in MB of memory effectively used during factorization - sum over all processors): 57055
              INFOG(23) (after analysis: value of ICNTL(6) effectively used): 0
              INFOG(24) (after analysis: value of ICNTL(12) effectively used): 1
              INFOG(25) (after factorization: number of pivots modified by static pivoting): 0
              INFOG(28) (after factorization: number of null pivots encountered): 0
              INFOG(29) (after factorization: effective number of entries in the factors (sum over all processors)): -3123
              INFOG(30, 31) (after solution: size in Mbytes of memory used during solution phase): 762, 51825
              INFOG(32) (after analysis: type of analysis done): 1
              INFOG(33) (value used for ICNTL(8)): 7
              INFOG(34) (exponent of the determinant if determinant is requested): 0
              INFOG(35) (after factorization: number of entries taking into account BLR factor compression - sum over all processors): -3123
              INFOG(36) (after analysis: estimated size of all MUMPS internal data for running BLR in-core - value on the most memory consuming processor): 0
              INFOG(37) (after analysis: estimated size of all MUMPS internal data for running BLR in-core - sum over all processors): 0
              INFOG(38) (after analysis: estimated size of all MUMPS internal data for running BLR out-of-core - value on the most memory consuming processor): 0
              INFOG(39) (after analysis: estimated size of all MUMPS internal data for running BLR out-of-core - sum over all processors): 0
  linear system matrix followed by preconditioner matrix:
  Mat Object: 128 MPI processes
    type: mpiaij
    rows=1237277, cols=1237277
    total: nonzeros=49824155, allocated nonzeros=175740734
    total number of mallocs used during MatSetValues calls=0
      not using I-node (on process 0) routines
  Mat Object: 128 MPI processes
    type: mpiaij
    rows=1237277, cols=1237277
    total: nonzeros=33192601, allocated nonzeros=175740734
    total number of mallocs used during MatSetValues calls=0
      not using I-node (on process 0) routines
 evaluateResidual called.
 Beginning preallocation for whichMatrix =            3
 Running populateMatrix with whichMatrix =            3
 Time to pre-assemble residual f1 matrix:   0.37535060000027443       seconds.
 Time to assemble residual f1 matrix:   0.21774297299998580       seconds.
 # of nonzeros in residual f1 matrix:    49824155 , allocated:   175740734 , mallocs:           0  (should be 0)
--------- Completed iteration    1 of SNES -----------------------------------
--------- Residual function norm:  1.7784539E-06 -----------------------------
 Linear iteration (KSP) converged.  KSPConvergedReason =            2
   KSP_CONVERGED_RTOL: Norm decreased by rtol.
 Computing diagnostics.
 Initializing f0
    FSADensityPerturbation:     1.2656245283771431E-015
    FSABFlow:                  -4.3705221771355482
    max and min Mach #:        -6.4746146384242642E-002  -6.9575933864484768E-002
    FSAPressurePerturbation:    4.4970652361653601E-015
    NTV:                        0.0000000000000000
    particleFlux_vm0_psiHat     2.7400457052492548E-018
    particleFlux_vm_psiHat      1.8772346472618901E-005
    classicalParticleFlux       0.0000000000000000
    classicalHeatFlux           6.1179981242998413E-005
    momentumFlux_vm0_psiHat     0.0000000000000000
    momentumFlux_vm_psiHat      6.6875143789388475E-007
    heatFlux_vm0_psiHat         2.5102615485269241E-018
    heatFlux_vm_psiHat          1.6548572731738830E-004
    particle source            -1.0891071576758891E-007
    heat source                -1.3301061131416989E-004
 FSABjHat (bootstrap current):   -4.3705221771355482
 Saving diagnostics to h5 file for iteration            1
 Done with the main solve.  Time to solve:    104.07493116500018       seconds.

Entering DMUMPS 5.6.2 from C interface with JOB =  -2
      executing #MPI =    128 and #OMP =      2
 Goodbye!
