Commence .bash_profile.ext
 ****************************************************************************
 SFINCS: Stellarator Fokker-Plank Iterative Neoclassical Conservative Solver
 Version 3
 Using double precision.
 Parallel job ( 128 processes) detected.
 Successfully read parameters from general namelist in input.namelist.
 Successfully read parameters from geometryParameters namelist in input.namelist.
 Successfully read parameters from speciesParameters namelist in input.namelist.
 Successfully read parameters from physicsParameters namelist in input.namelist.
 Successfully read parameters from resolutionParameters namelist in input.namelist.
 Successfully read parameters from otherNumericalParameters namelist in input.namelist.
 Successfully read parameters from preconditionerOptions namelist in input.namelist.
 Successfully read parameters from export_f namelist in input.namelist.
 mumps detected
 superlu_dist not detected
 ---- Physics parameters: ----
 Number of particle species =            1
 Delta (rho* at reference parameters)          =    4.5694000000000004E-003
 alpha (e Phi / T at reference parameters)     =    1.0000000000000000
 nu_n (collisionality at reference parameters) =    8.3300000000000006E-003
 Linear run
 ---- Numerical parameters: ----
 Ntheta             =           25
 Nzeta              =           81
 Nxi                =          140
 NL                 =            4
 Nx                 =            7
 solverTolerance    =    9.9999999999999995E-008
 Theta derivative: centered finite differences, 5-point stencil
 Zeta derivative: centered finite differences, 5-point stencil
 For solving large linear systems, an iterative Krylov solver will be used.
 Processor    0 owns theta indices   1 to  25 and zeta indices   1 to   1
 Processor    1 owns theta indices   1 to  25 and zeta indices   2 to   2
 Processor    2 owns theta indices   1 to  25 and zeta indices   3 to   3
 Processor    3 owns theta indices   1 to  25 and zeta indices   4 to   4
 Processor    4 owns theta indices   1 to  25 and zeta indices   5 to   5
 Processor    5 owns theta indices   1 to  25 and zeta indices   6 to   6
 Processor    6 owns theta indices   1 to  25 and zeta indices   7 to   7
 Processor    7 owns theta indices   1 to  25 and zeta indices   8 to   8
 Processor    8 owns theta indices   1 to  25 and zeta indices   9 to   9
 Processor    9 owns theta indices   1 to  25 and zeta indices  10 to  10
 Processor   10 owns theta indices   1 to  25 and zeta indices  11 to  11
 Processor   11 owns theta indices   1 to  25 and zeta indices  12 to  12
 Processor   12 owns theta indices   1 to  25 and zeta indices  13 to  13
 Processor   13 owns theta indices   1 to  25 and zeta indices  14 to  14
 Processor   14 owns theta indices   1 to  25 and zeta indices  15 to  15
 Processor   15 owns theta indices   1 to  25 and zeta indices  16 to  16
 Processor   16 owns theta indices   1 to  25 and zeta indices  17 to  17
 Processor   17 owns theta indices   1 to  25 and zeta indices  18 to  18
 Processor   18 owns theta indices   1 to  25 and zeta indices  19 to  19
 Processor   19 owns theta indices   1 to  25 and zeta indices  20 to  20
 Processor   20 owns theta indices   1 to  25 and zeta indices  21 to  21
 Processor   21 owns theta indices   1 to  25 and zeta indices  22 to  22
 Processor   22 owns theta indices   1 to  25 and zeta indices  23 to  23
 Processor   23 owns theta indices   1 to  25 and zeta indices  24 to  24
 Processor   24 owns theta indices   1 to  25 and zeta indices  25 to  25
 Processor   25 owns theta indices   1 to  25 and zeta indices  26 to  26
 Processor   26 owns theta indices   1 to  25 and zeta indices  27 to  27
 Processor   27 owns theta indices   1 to  25 and zeta indices  28 to  28
 Processor   28 owns theta indices   1 to  25 and zeta indices  29 to  29
 Processor   29 owns theta indices   1 to  25 and zeta indices  30 to  30
 Processor   30 owns theta indices   1 to  25 and zeta indices  31 to  31
 Processor   31 owns theta indices   1 to  25 and zeta indices  32 to  32
 Processor   32 owns theta indices   1 to  25 and zeta indices  33 to  33
 Processor   33 owns theta indices   1 to  25 and zeta indices  34 to  34
 Processor   34 owns theta indices   1 to  25 and zeta indices  35 to  35
 Processor   35 owns theta indices   1 to  25 and zeta indices  36 to  36
 Processor   36 owns theta indices   1 to  25 and zeta indices  37 to  37
 Processor   37 owns theta indices   1 to  25 and zeta indices  38 to  38
 Processor   38 owns theta indices   1 to  25 and zeta indices  39 to  39
 Processor   39 owns theta indices   1 to  25 and zeta indices  40 to  40
 Processor   40 owns theta indices   1 to  25 and zeta indices  41 to  41
 Processor   41 owns theta indices   1 to  25 and zeta indices  42 to  42
 Processor   42 owns theta indices   1 to  25 and zeta indices  43 to  43
 Processor   43 owns theta indices   1 to  25 and zeta indices  44 to  44
 Processor   44 owns theta indices   1 to  25 and zeta indices  45 to  45
 Processor   45 owns theta indices   1 to  25 and zeta indices  46 to  46
 Processor   46 owns theta indices   1 to  25 and zeta indices  47 to  47
 Processor   47 owns theta indices   1 to  25 and zeta indices  48 to  48
 Processor   48 owns theta indices   1 to  25 and zeta indices  49 to  49
 Processor   49 owns theta indices   1 to  25 and zeta indices  50 to  50
 Processor   50 owns theta indices   1 to  25 and zeta indices  51 to  51
 Processor   51 owns theta indices   1 to  25 and zeta indices  52 to  52
 Processor   52 owns theta indices   1 to  25 and zeta indices  53 to  53
 Processor   53 owns theta indices   1 to  25 and zeta indices  54 to  54
 Processor   54 owns theta indices   1 to  25 and zeta indices  55 to  55
 Processor   55 owns theta indices   1 to  25 and zeta indices  56 to  56
 Processor   56 owns theta indices   1 to  25 and zeta indices  57 to  57
 Processor   57 owns theta indices   1 to  25 and zeta indices  58 to  58
 Processor   58 owns theta indices   1 to  25 and zeta indices  59 to  59
 Processor   59 owns theta indices   1 to  25 and zeta indices  60 to  60
 Processor   60 owns theta indices   1 to  25 and zeta indices  61 to  61
 Processor   61 owns theta indices   1 to  25 and zeta indices  62 to  62
 Processor   62 owns theta indices   1 to  25 and zeta indices  63 to  63
 Processor   63 owns theta indices   1 to  25 and zeta indices  64 to  64
 Processor   64 owns theta indices   1 to  25 and zeta indices  65 to  65
 Processor   65 owns theta indices   1 to  25 and zeta indices  66 to  66
 Processor   66 owns theta indices   1 to  25 and zeta indices  67 to  67
 Processor   67 owns theta indices   1 to  25 and zeta indices  68 to  68
 Processor   68 owns theta indices   1 to  25 and zeta indices  69 to  69
 Processor   69 owns theta indices   1 to  25 and zeta indices  70 to  70
 Processor   70 owns theta indices   1 to  25 and zeta indices  71 to  71
 Processor   71 owns theta indices   1 to  25 and zeta indices  72 to  72
 Processor   72 owns theta indices   1 to  25 and zeta indices  73 to  73
 Processor   73 owns theta indices   1 to  25 and zeta indices  74 to  74
 Processor   74 owns theta indices   1 to  25 and zeta indices  75 to  75
 Processor   75 owns theta indices   1 to  25 and zeta indices  76 to  76
 Processor   76 owns theta indices   1 to  25 and zeta indices  77 to  77
 Processor   77 owns theta indices   1 to  25 and zeta indices  78 to  78
 Processor   78 owns theta indices   1 to  25 and zeta indices  79 to  79
 Processor   79 owns theta indices   1 to  25 and zeta indices  80 to  80
 Processor   80 owns theta indices   1 to  25 and zeta indices  81 to  81
 Processor   81 owns theta indices   1 to  25 and zeta indices  82 to  81
 Processor   82 owns theta indices   1 to  25 and zeta indices  82 to  81
 Processor   83 owns theta indices   1 to  25 and zeta indices  82 to  81
 Processor   84 owns theta indices   1 to  25 and zeta indices  82 to  81
 Processor   85 owns theta indices   1 to  25 and zeta indices  82 to  81
 Processor   86 owns theta indices   1 to  25 and zeta indices  82 to  81
 Processor   87 owns theta indices   1 to  25 and zeta indices  82 to  81
 Processor   88 owns theta indices   1 to  25 and zeta indices  82 to  81
 Processor   89 owns theta indices   1 to  25 and zeta indices  82 to  81
 Processor   90 owns theta indices   1 to  25 and zeta indices  82 to  81
 Processor   91 owns theta indices   1 to  25 and zeta indices  82 to  81
 Processor   92 owns theta indices   1 to  25 and zeta indices  82 to  81
 Processor   93 owns theta indices   1 to  25 and zeta indices  82 to  81
 Processor   94 owns theta indices   1 to  25 and zeta indices  82 to  81
 Processor   95 owns theta indices   1 to  25 and zeta indices  82 to  81
 Processor   96 owns theta indices   1 to  25 and zeta indices  82 to  81
 Processor   97 owns theta indices   1 to  25 and zeta indices  82 to  81
 Processor   98 owns theta indices   1 to  25 and zeta indices  82 to  81
 Processor   99 owns theta indices   1 to  25 and zeta indices  82 to  81
 Processor  100 owns theta indices   1 to  25 and zeta indices  82 to  81
 Processor  101 owns theta indices   1 to  25 and zeta indices  82 to  81
 Processor  102 owns theta indices   1 to  25 and zeta indices  82 to  81
 Processor  103 owns theta indices   1 to  25 and zeta indices  82 to  81
 Processor  104 owns theta indices   1 to  25 and zeta indices  82 to  81
 Processor  105 owns theta indices   1 to  25 and zeta indices  82 to  81
 Processor  106 owns theta indices   1 to  25 and zeta indices  82 to  81
 Processor  107 owns theta indices   1 to  25 and zeta indices  82 to  81
 Processor  108 owns theta indices   1 to  25 and zeta indices  82 to  81
 Processor  109 owns theta indices   1 to  25 and zeta indices  82 to  81
 Processor  110 owns theta indices   1 to  25 and zeta indices  82 to  81
 Processor  111 owns theta indices   1 to  25 and zeta indices  82 to  81
 Processor  112 owns theta indices   1 to  25 and zeta indices  82 to  81
 Processor  113 owns theta indices   1 to  25 and zeta indices  82 to  81
 Processor  114 owns theta indices   1 to  25 and zeta indices  82 to  81
 Processor  115 owns theta indices   1 to  25 and zeta indices  82 to  81
 Processor  116 owns theta indices   1 to  25 and zeta indices  82 to  81
 Processor  117 owns theta indices   1 to  25 and zeta indices  82 to  81
 Processor  118 owns theta indices   1 to  25 and zeta indices  82 to  81
 Processor  119 owns theta indices   1 to  25 and zeta indices  82 to  81
 Processor  120 owns theta indices   1 to  25 and zeta indices  82 to  81
 Processor  121 owns theta indices   1 to  25 and zeta indices  82 to  81
 Processor  122 owns theta indices   1 to  25 and zeta indices  82 to  81
 Processor  123 owns theta indices   1 to  25 and zeta indices  82 to  81
 Processor  124 owns theta indices   1 to  25 and zeta indices  82 to  81
 Processor  125 owns theta indices   1 to  25 and zeta indices  82 to  81
 Processor  126 owns theta indices   1 to  25 and zeta indices  82 to  81
 Processor  127 owns theta indices   1 to  25 and zeta indices  82 to  81
 Nxi_for_x_option:           1
 x:   6.3716484606701013E-002  0.31819201888861848       0.72419898925837300        1.2380355992150891        1.8385282202709461        2.5314881513276766        3.3734564301245800
 Nxi for each x:          18          34          59          91         129         140         140
 min_x_for_L:           1           1           1           1           1           1           1           1           1           1           1           1           1           1           1           1           1           1           2           2           2           2           2           2           2           2           2           2           2           2           2           2           2           2           3           3           3           3           3           3           3           3           3           3           3           3           3           3           3           3           3           3           3           3           3           3           3           3           3           4           4           4           4           4           4           4           4           4           4           4           4           4           4           4           4           4           4           4           4           4           4           4           4           4           4           4           4           4           4           4           4           5           5           5           5           5           5           5           5           5           5           5           5           5           5           5           5           5           5           5           5           5           5           5           5           5           5           5           5           5           5           5           5           5           5           5           5           5           5           6           6           6           6           6           6           6           6           6           6           6
 The matrix is      1237277 x     1237277  elements.
 Selecting the flux surface to use based on rN_wish =   0.50000000000000000
 Reading VMEC geometry from file /pscratch/sd/l/landrema/20251212-01-sfincs_for_yancc_benchmarks//wout_NCSX.nc
 Using radial index  33 of 128 from vmec's half mesh.
 Including  213 of  221 stellarator-symmetric modes from the VMEC file.
 Equilibrium is stellarator-symmetric.
 Successfully read VMEC geometry file /pscratch/sd/l/landrema/20251212-01-sfincs_for_yancc_benchmarks//wout_NCSX.nc
 ---- Geometry parameters: ----
 Geometry scheme =            5
 psiAHat (Normalized toroidal flux at the last closed flux surface) =    7.9111180348606772E-002
 aHat (Radius of the last closed flux surface in units of RHat) =   0.32263403817640657
 GHat (Boozer component multiplying grad zeta) =    2.3203011774859217
 IHat (Boozer component multiplying grad theta) =    3.3412089914728804E-003
 iota (Rotational transform) =   0.46825939689977847
 ---- Geometry parameters: ----
 Geometry scheme =            5
 psiAHat (Normalized toroidal flux at the last closed flux surface) =    7.9111180348606772E-002
 aHat (Radius of the last closed flux surface in units of RHat) =   0.32263403817640657
 GHat (Boozer component multiplying grad zeta) =    2.3203011774859217
 IHat (Boozer component multiplying grad theta) =    3.3412089914728804E-003
 iota (Rotational transform) =   0.46825939689977847
 ------------------------------------------------------
 Done creating grids.
 Requested/actual flux surface for this calculation, in various radial coordinates:
   psiHat =    1.9777795087151693E-002 /   1.9622064417174120E-002
   psiN   =   0.25000000000000000      /  0.24803149606299213
   rHat   =   0.16131701908820328      /  0.16068065755800051
   rN     =   0.50000000000000000      /  0.49802760572381138
 Selecting the input gradients of n & T from the specified ddrHat values.
 Selecting the input gradient of Phi from the specified Er.
 Entering main solver loop.
 Initializing f0
 Beginning preallocation for whichMatrix =            1
 Beginning preallocation for whichMatrix =            0
 Since this is a linear run, we will only take a single step, and not iterate Newton's method.
 Solver package which will be used: mumps
 ------------------------------------------------------
 Finished initialization.
 Beginning the main solve.  This could take a while ...
 evaluateResidual called.
 State vector is 0 so I will skip building the first matrix when evaluating the residual.
--------- Residual function norm:  3.0513949E-01 -----------------------------
 evaluateJacobian called.
 Running populateMatrix with whichMatrix =            0
 Time to pre-assemble Jacobian preconditioner matrix:   0.34972259099959047       seconds.
 Time to assemble Jacobian preconditioner matrix:   0.15588453600003049       seconds.
 # of nonzeros in Jacobian preconditioner matrix:    33192601 , allocated:   175740734 , mallocs:           0  (should be 0)
 Running populateMatrix with whichMatrix =            1
 Time to pre-assemble Jacobian matrix:   0.35885733700024502       seconds.
 Time to assemble Jacobian matrix:   0.22892467900010161       seconds.
 # of nonzeros in Jacobian matrix:    49824155 , allocated:   175740734 , mallocs:           0  (should be 0)

Entering DMUMPS 5.6.2 from C interface with JOB, N =   1     1237277
      executing #MPI =    128 and #OMP =      2

 =================================================
 MUMPS compiled with option -Dmetis
 MUMPS compiled with option -Dparmetis
 MUMPS compiled with option -Dpord
 MUMPS compiled with option -Dptscotch
 MUMPS compiled with option -Dscotch
 =================================================
L U Solver for unsymmetric matrices
Type of parallelism: Working host

 ****** ANALYSIS STEP ********

 ** Maximum transversal (ICNTL(6)) not allowed because matrix is distributed
 Processing a graph of size:   1237277 with      31969492 edges
 Ordering based on SCOTCH
 ELAPSED TIME SPENT IN SCOTCH reordering =     42.6563
 A root of estimated size         2027  has been selected for Scalapack.

Leaving analysis phase with  ...
 INFOG(1)                                       =               0
 INFOG(2)                                       =               0
 -- (20) Number of entries in factors (estim.)  =      3181103083
 --  (3) Real space for factors    (estimated)  =      3198854976
 --  (4) Integer space for factors (estimated)  =        21618826
 --  (5) Maximum frontal size      (estimated)  =            6992
 --  (6) Number of nodes in the tree            =           15484
 -- (32) Type of analysis effectively used      =               1
 --  (7) Ordering option effectively used       =               3
 ICNTL (6) Maximum transversal option           =               0
 ICNTL (7) Pivot order option                   =               3
 ICNTL(13) Parallelism/splitting of root node   =               0
 ICNTL(14) Percentage of memory relaxation      =              50
 ICNTL(15) Analysis by block effectively used   =               0
 ICNTL(18) Distributed input matrix (on if >0)  =               3
 ICNTL(58) Symbolic factorization option        =               2
 Number of level 2 nodes                        =             443
 Number of split nodes                          =             256
 RINFOG(1) Operations during elimination (estim)= 8.670D+12
 Distributed matrix entry format (ICNTL(18))    =               3

 MEMORY ESTIMATIONS ...
 Estimations with standard Full-Rank (FR) factorization:
    Maximum estim. space in Mbytes, IC facto.    (INFOG(16)):         944
    Total space in MBytes, IC factorization      (INFOG(17)):       71470
    Maximum estim. space in Mbytes, OOC facto.   (INFOG(26)):         474
    Total space in MBytes,  OOC factorization    (INFOG(27)):       49762

 Elapsed time in analysis driver=      43.7230

Entering DMUMPS 5.6.2 from C interface with JOB, N =   2     1237277
      executing #MPI =    128 and #OMP =      2



****** FACTORIZATION STEP ********

 GLOBAL STATISTICS PRIOR NUMERICAL FACTORIZATION ...
 Number of working processes                =             128
 ICNTL(22) Out-of-core option               =               0
 ICNTL(35) BLR activation (eff. choice)     =               0
 ICNTL(37) BLR CB compression (eff. choice) =               0
 ICNTL(49) Compact workarray S (end facto.) =               0
 ICNTL(14) Memory relaxation                =              50
 INFOG(3) Real space for factors (estimated)=      3198854976
 INFOG(4) Integer space for factors (estim.)=        21618826
 Maximum frontal size (estimated)           =            6992
 Number of nodes in the tree                =           15484
 ICNTL(23) Memory allowed (value on host)   =               0
           Sum over all procs               =               0
 Memory provided by user, sum of LWK_USER   =               0
 Effective threshold for pivoting, CNTL(1)  =      0.1000D-02
 Max difference from 1 after scaling the entries for ONE-NORM (option 7/8)   = 0.48D+01
 Average Effective size of S     (based on INFO(39))=             45430864

 Redistrib: total data local/sent           =         1342649       183795800

 Elapsed time to reformat/distribute matrix =      0.1483
 ** Memory allocated, max in Mbytes             (INFOG(18)):         944

 ** Memory allocated, total in Mbytes           (INFOG(19)):       71470
 ** Memory effectively used, max in  Mbytes     (INFOG(21)):         675
 ** Memory effectively used, total in Mbytes    (INFOG(22)):       57912

 Elapsed time to process root node                  =      0.0374

 Elapsed time for factorization                     =      9.4733

Leaving factorization with ...
 RINFOG (2) Operations in node assembly             = 1.070D+10
 ------ (3) Operations in node elimination          = 8.669D+12
 ICNTL  (8) Scaling effectively used                =               7
 INFOG  (9) Real space for factors                  =      3181078175
 INFOG (10) Integer space for factors               =        20639298
 INFOG (11) Maximum front size                      =            6992
 INFOG (29) Number of entries in factors            =      3181078175
 INFOG (12) Number of off diagonal pivots           =               0
 INFOG (13) Number of delayed pivots                =               0
 INFOG (14) Number of memory compress               =             223

 Elapsed time in factorization driver               =     10.0697

Entering DMUMPS 5.6.2 from C interface with JOB, N =   3     1237277
      executing #MPI =    128 and #OMP =      2



 ****** SOLVE & CHECK STEP ********

 GLOBAL STATISTICS PRIOR SOLVE PHASE ...........
 Number of right-hand-sides                    =           1
 Blocking factor for multiple rhs              =           1
 ICNTL (9)                                     =           1
  --- (10)                                     =           0
  --- (11)                                     =           0
  --- (20)                                     =          10
  --- (21)                                     =           1
  --- (30)                                     =           0
  --- (35)                                     =           0
 WARNING: original distributed matrix is not allocated
 ** Rank of processor needing largest memory in solve     :       126
 ** Space in MBYTES used by this processor for solve      :       803
 ** Avg. Space in MBYTES per working proc during solve    :       421

 Leaving solve with ...
 Time to build/scatter RHS        =       0.002749
 Time in solution step (fwd/bwd)  =       0.169745
  .. Time in forward (fwd) step   =          0.082843
  .. Time in ScaLAPACK root       =          0.002603
  .. Time in backward (bwd) step  =          0.084135
 Time to gather solution(cent.sol)=       0.000000
 Time to copy/scale dist. solution=       0.000701

 Elapsed time in solve driver=       0.3689
    0 KSP Residual norm 3.340869028729e-01

Entering DMUMPS 5.6.2 from C interface with JOB, N =   3     1237277
      executing #MPI =    128 and #OMP =      2



 ****** SOLVE & CHECK STEP ********

 GLOBAL STATISTICS PRIOR SOLVE PHASE ...........
 Number of right-hand-sides                    =           1
 Blocking factor for multiple rhs              =           1
 ICNTL (9)                                     =           1
  --- (10)                                     =           0
  --- (11)                                     =           0
  --- (20)                                     =          10
  --- (21)                                     =           1
  --- (30)                                     =           0
  --- (35)                                     =           0
 WARNING: original distributed matrix is not allocated
 ** Rank of processor needing largest memory in solve     :       126
 ** Space in MBYTES used by this processor for solve      :       803
 ** Avg. Space in MBYTES per working proc during solve    :       421

 Leaving solve with ...
 Time to build/scatter RHS        =       0.002231
 Time in solution step (fwd/bwd)  =       0.158622
  .. Time in forward (fwd) step   =          0.081693
  .. Time in ScaLAPACK root       =          0.001580
  .. Time in backward (bwd) step  =          0.075322
 Time to gather solution(cent.sol)=       0.000000
 Time to copy/scale dist. solution=       0.000496

 Elapsed time in solve driver=       0.3148
    1 KSP Residual norm 3.293612999243e-01

Entering DMUMPS 5.6.2 from C interface with JOB, N =   3     1237277
      executing #MPI =    128 and #OMP =      2



 ****** SOLVE & CHECK STEP ********

 GLOBAL STATISTICS PRIOR SOLVE PHASE ...........
 Number of right-hand-sides                    =           1
 Blocking factor for multiple rhs              =           1
 ICNTL (9)                                     =           1
  --- (10)                                     =           0
  --- (11)                                     =           0
  --- (20)                                     =          10
  --- (21)                                     =           1
  --- (30)                                     =           0
  --- (35)                                     =           0
 WARNING: original distributed matrix is not allocated
 ** Rank of processor needing largest memory in solve     :       126
 ** Space in MBYTES used by this processor for solve      :       803
 ** Avg. Space in MBYTES per working proc during solve    :       421

 Leaving solve with ...
 Time to build/scatter RHS        =       0.001992
 Time in solution step (fwd/bwd)  =       0.155415
  .. Time in forward (fwd) step   =          0.079359
  .. Time in ScaLAPACK root       =          0.001513
  .. Time in backward (bwd) step  =          0.074524
 Time to gather solution(cent.sol)=       0.000000
 Time to copy/scale dist. solution=       0.000451

 Elapsed time in solve driver=       0.3180
    2 KSP Residual norm 3.224143882570e-01

Entering DMUMPS 5.6.2 from C interface with JOB, N =   3     1237277
      executing #MPI =    128 and #OMP =      2



 ****** SOLVE & CHECK STEP ********

 GLOBAL STATISTICS PRIOR SOLVE PHASE ...........
 Number of right-hand-sides                    =           1
 Blocking factor for multiple rhs              =           1
 ICNTL (9)                                     =           1
  --- (10)                                     =           0
  --- (11)                                     =           0
  --- (20)                                     =          10
  --- (21)                                     =           1
  --- (30)                                     =           0
  --- (35)                                     =           0
 WARNING: original distributed matrix is not allocated
 ** Rank of processor needing largest memory in solve     :       126
 ** Space in MBYTES used by this processor for solve      :       803
 ** Avg. Space in MBYTES per working proc during solve    :       421

 Leaving solve with ...
 Time to build/scatter RHS        =       0.002080
 Time in solution step (fwd/bwd)  =       0.154780
  .. Time in forward (fwd) step   =          0.079912
  .. Time in ScaLAPACK root       =          0.001522
  .. Time in backward (bwd) step  =          0.073328
 Time to gather solution(cent.sol)=       0.000000
 Time to copy/scale dist. solution=       0.000476

 Elapsed time in solve driver=       0.3084
    3 KSP Residual norm 3.165098586188e-01

Entering DMUMPS 5.6.2 from C interface with JOB, N =   3     1237277
      executing #MPI =    128 and #OMP =      2



 ****** SOLVE & CHECK STEP ********

 GLOBAL STATISTICS PRIOR SOLVE PHASE ...........
 Number of right-hand-sides                    =           1
 Blocking factor for multiple rhs              =           1
 ICNTL (9)                                     =           1
  --- (10)                                     =           0
  --- (11)                                     =           0
  --- (20)                                     =          10
  --- (21)                                     =           1
  --- (30)                                     =           0
  --- (35)                                     =           0
 WARNING: original distributed matrix is not allocated
 ** Rank of processor needing largest memory in solve     :       126
 ** Space in MBYTES used by this processor for solve      :       803
 ** Avg. Space in MBYTES per working proc during solve    :       421

 Leaving solve with ...
 Time to build/scatter RHS        =       0.001945
 Time in solution step (fwd/bwd)  =       0.154868
  .. Time in forward (fwd) step   =          0.079572
  .. Time in ScaLAPACK root       =          0.001523
  .. Time in backward (bwd) step  =          0.073752
 Time to gather solution(cent.sol)=       0.000000
 Time to copy/scale dist. solution=       0.000450

 Elapsed time in solve driver=       0.3088
    4 KSP Residual norm 3.128696203774e-01

Entering DMUMPS 5.6.2 from C interface with JOB, N =   3     1237277
      executing #MPI =    128 and #OMP =      2



 ****** SOLVE & CHECK STEP ********

 GLOBAL STATISTICS PRIOR SOLVE PHASE ...........
 Number of right-hand-sides                    =           1
 Blocking factor for multiple rhs              =           1
 ICNTL (9)                                     =           1
  --- (10)                                     =           0
  --- (11)                                     =           0
  --- (20)                                     =          10
  --- (21)                                     =           1
  --- (30)                                     =           0
  --- (35)                                     =           0
 WARNING: original distributed matrix is not allocated
 ** Rank of processor needing largest memory in solve     :       126
 ** Space in MBYTES used by this processor for solve      :       803
 ** Avg. Space in MBYTES per working proc during solve    :       421

 Leaving solve with ...
 Time to build/scatter RHS        =       0.001965
 Time in solution step (fwd/bwd)  =       0.155219
  .. Time in forward (fwd) step   =          0.079800
  .. Time in ScaLAPACK root       =          0.001510
  .. Time in backward (bwd) step  =          0.073890
 Time to gather solution(cent.sol)=       0.000000
 Time to copy/scale dist. solution=       0.000480

 Elapsed time in solve driver=       0.3109
    5 KSP Residual norm 3.072800794829e-01

Entering DMUMPS 5.6.2 from C interface with JOB, N =   3     1237277
      executing #MPI =    128 and #OMP =      2



 ****** SOLVE & CHECK STEP ********

 GLOBAL STATISTICS PRIOR SOLVE PHASE ...........
 Number of right-hand-sides                    =           1
 Blocking factor for multiple rhs              =           1
 ICNTL (9)                                     =           1
  --- (10)                                     =           0
  --- (11)                                     =           0
  --- (20)                                     =          10
  --- (21)                                     =           1
  --- (30)                                     =           0
  --- (35)                                     =           0
 WARNING: original distributed matrix is not allocated
 ** Rank of processor needing largest memory in solve     :       126
 ** Space in MBYTES used by this processor for solve      :       803
 ** Avg. Space in MBYTES per working proc during solve    :       421

 Leaving solve with ...
 Time to build/scatter RHS        =       0.001980
 Time in solution step (fwd/bwd)  =       0.154611
  .. Time in forward (fwd) step   =          0.079495
  .. Time in ScaLAPACK root       =          0.001489
  .. Time in backward (bwd) step  =          0.073609
 Time to gather solution(cent.sol)=       0.000000
 Time to copy/scale dist. solution=       0.000442

 Elapsed time in solve driver=       0.3107
    6 KSP Residual norm 3.037509285574e-01

Entering DMUMPS 5.6.2 from C interface with JOB, N =   3     1237277
      executing #MPI =    128 and #OMP =      2



 ****** SOLVE & CHECK STEP ********

 GLOBAL STATISTICS PRIOR SOLVE PHASE ...........
 Number of right-hand-sides                    =           1
 Blocking factor for multiple rhs              =           1
 ICNTL (9)                                     =           1
  --- (10)                                     =           0
  --- (11)                                     =           0
  --- (20)                                     =          10
  --- (21)                                     =           1
  --- (30)                                     =           0
  --- (35)                                     =           0
 WARNING: original distributed matrix is not allocated
 ** Rank of processor needing largest memory in solve     :       126
 ** Space in MBYTES used by this processor for solve      :       803
 ** Avg. Space in MBYTES per working proc during solve    :       421

 Leaving solve with ...
 Time to build/scatter RHS        =       0.001962
 Time in solution step (fwd/bwd)  =       0.154619
  .. Time in forward (fwd) step   =          0.079623
  .. Time in ScaLAPACK root       =          0.001496
  .. Time in backward (bwd) step  =          0.073481
 Time to gather solution(cent.sol)=       0.000000
 Time to copy/scale dist. solution=       0.000448

 Elapsed time in solve driver=       0.3080
    7 KSP Residual norm 3.026617901403e-01

Entering DMUMPS 5.6.2 from C interface with JOB, N =   3     1237277
      executing #MPI =    128 and #OMP =      2



 ****** SOLVE & CHECK STEP ********

 GLOBAL STATISTICS PRIOR SOLVE PHASE ...........
 Number of right-hand-sides                    =           1
 Blocking factor for multiple rhs              =           1
 ICNTL (9)                                     =           1
  --- (10)                                     =           0
  --- (11)                                     =           0
  --- (20)                                     =          10
  --- (21)                                     =           1
  --- (30)                                     =           0
  --- (35)                                     =           0
 WARNING: original distributed matrix is not allocated
 ** Rank of processor needing largest memory in solve     :       126
 ** Space in MBYTES used by this processor for solve      :       803
 ** Avg. Space in MBYTES per working proc during solve    :       421

 Leaving solve with ...
 Time to build/scatter RHS        =       0.001880
 Time in solution step (fwd/bwd)  =       0.152338
  .. Time in forward (fwd) step   =          0.079058
  .. Time in ScaLAPACK root       =          0.001508
  .. Time in backward (bwd) step  =          0.071742
 Time to gather solution(cent.sol)=       0.000000
 Time to copy/scale dist. solution=       0.000474

 Elapsed time in solve driver=       0.3030
    8 KSP Residual norm 3.024501604596e-01

Entering DMUMPS 5.6.2 from C interface with JOB, N =   3     1237277
      executing #MPI =    128 and #OMP =      2



 ****** SOLVE & CHECK STEP ********

 GLOBAL STATISTICS PRIOR SOLVE PHASE ...........
 Number of right-hand-sides                    =           1
 Blocking factor for multiple rhs              =           1
 ICNTL (9)                                     =           1
  --- (10)                                     =           0
  --- (11)                                     =           0
  --- (20)                                     =          10
  --- (21)                                     =           1
  --- (30)                                     =           0
  --- (35)                                     =           0
 WARNING: original distributed matrix is not allocated
 ** Rank of processor needing largest memory in solve     :       126
 ** Space in MBYTES used by this processor for solve      :       803
 ** Avg. Space in MBYTES per working proc during solve    :       421

 Leaving solve with ...
 Time to build/scatter RHS        =       0.001906
 Time in solution step (fwd/bwd)  =       0.153228
  .. Time in forward (fwd) step   =          0.078177
  .. Time in ScaLAPACK root       =          0.001495
  .. Time in backward (bwd) step  =          0.073533
 Time to gather solution(cent.sol)=       0.000000
 Time to copy/scale dist. solution=       0.000454

 Elapsed time in solve driver=       0.3055
    9 KSP Residual norm 3.022329432362e-01

Entering DMUMPS 5.6.2 from C interface with JOB, N =   3     1237277
      executing #MPI =    128 and #OMP =      2



 ****** SOLVE & CHECK STEP ********

 GLOBAL STATISTICS PRIOR SOLVE PHASE ...........
 Number of right-hand-sides                    =           1
 Blocking factor for multiple rhs              =           1
 ICNTL (9)                                     =           1
  --- (10)                                     =           0
  --- (11)                                     =           0
  --- (20)                                     =          10
  --- (21)                                     =           1
  --- (30)                                     =           0
  --- (35)                                     =           0
 WARNING: original distributed matrix is not allocated
 ** Rank of processor needing largest memory in solve     :       126
 ** Space in MBYTES used by this processor for solve      :       803
 ** Avg. Space in MBYTES per working proc during solve    :       421

 Leaving solve with ...
 Time to build/scatter RHS        =       0.001845
 Time in solution step (fwd/bwd)  =       0.153848
  .. Time in forward (fwd) step   =          0.079272
  .. Time in ScaLAPACK root       =          0.001463
  .. Time in backward (bwd) step  =          0.073095
 Time to gather solution(cent.sol)=       0.000000
 Time to copy/scale dist. solution=       0.000450

 Elapsed time in solve driver=       0.3061
   10 KSP Residual norm 2.983303855006e-01

Entering DMUMPS 5.6.2 from C interface with JOB, N =   3     1237277
      executing #MPI =    128 and #OMP =      2



 ****** SOLVE & CHECK STEP ********

 GLOBAL STATISTICS PRIOR SOLVE PHASE ...........
 Number of right-hand-sides                    =           1
 Blocking factor for multiple rhs              =           1
 ICNTL (9)                                     =           1
  --- (10)                                     =           0
  --- (11)                                     =           0
  --- (20)                                     =          10
  --- (21)                                     =           1
  --- (30)                                     =           0
  --- (35)                                     =           0
 WARNING: original distributed matrix is not allocated
 ** Rank of processor needing largest memory in solve     :       126
 ** Space in MBYTES used by this processor for solve      :       803
 ** Avg. Space in MBYTES per working proc during solve    :       421

 Leaving solve with ...
 Time to build/scatter RHS        =       0.001850
 Time in solution step (fwd/bwd)  =       0.153652
  .. Time in forward (fwd) step   =          0.078747
  .. Time in ScaLAPACK root       =          0.001508
  .. Time in backward (bwd) step  =          0.073377
 Time to gather solution(cent.sol)=       0.000000
 Time to copy/scale dist. solution=       0.000445

 Elapsed time in solve driver=       0.3051
   11 KSP Residual norm 2.826162680885e-01

Entering DMUMPS 5.6.2 from C interface with JOB, N =   3     1237277
      executing #MPI =    128 and #OMP =      2



 ****** SOLVE & CHECK STEP ********

 GLOBAL STATISTICS PRIOR SOLVE PHASE ...........
 Number of right-hand-sides                    =           1
 Blocking factor for multiple rhs              =           1
 ICNTL (9)                                     =           1
  --- (10)                                     =           0
  --- (11)                                     =           0
  --- (20)                                     =          10
  --- (21)                                     =           1
  --- (30)                                     =           0
  --- (35)                                     =           0
 WARNING: original distributed matrix is not allocated
 ** Rank of processor needing largest memory in solve     :       126
 ** Space in MBYTES used by this processor for solve      :       803
 ** Avg. Space in MBYTES per working proc during solve    :       421

 Leaving solve with ...
 Time to build/scatter RHS        =       0.001841
 Time in solution step (fwd/bwd)  =       0.152527
  .. Time in forward (fwd) step   =          0.078793
  .. Time in ScaLAPACK root       =          0.001652
  .. Time in backward (bwd) step  =          0.072061
 Time to gather solution(cent.sol)=       0.000000
 Time to copy/scale dist. solution=       0.000469

 Elapsed time in solve driver=       0.3076
   12 KSP Residual norm 1.509683659193e-01

Entering DMUMPS 5.6.2 from C interface with JOB, N =   3     1237277
      executing #MPI =    128 and #OMP =      2



 ****** SOLVE & CHECK STEP ********

 GLOBAL STATISTICS PRIOR SOLVE PHASE ...........
 Number of right-hand-sides                    =           1
 Blocking factor for multiple rhs              =           1
 ICNTL (9)                                     =           1
  --- (10)                                     =           0
  --- (11)                                     =           0
  --- (20)                                     =          10
  --- (21)                                     =           1
  --- (30)                                     =           0
  --- (35)                                     =           0
 WARNING: original distributed matrix is not allocated
 ** Rank of processor needing largest memory in solve     :       126
 ** Space in MBYTES used by this processor for solve      :       803
 ** Avg. Space in MBYTES per working proc during solve    :       421

 Leaving solve with ...
 Time to build/scatter RHS        =       0.001883
 Time in solution step (fwd/bwd)  =       0.152346
  .. Time in forward (fwd) step   =          0.078232
  .. Time in ScaLAPACK root       =          0.001497
  .. Time in backward (bwd) step  =          0.072599
 Time to gather solution(cent.sol)=       0.000000
 Time to copy/scale dist. solution=       0.000452

 Elapsed time in solve driver=       0.3070
   13 KSP Residual norm 1.159364208534e-01

Entering DMUMPS 5.6.2 from C interface with JOB, N =   3     1237277
      executing #MPI =    128 and #OMP =      2



 ****** SOLVE & CHECK STEP ********

 GLOBAL STATISTICS PRIOR SOLVE PHASE ...........
 Number of right-hand-sides                    =           1
 Blocking factor for multiple rhs              =           1
 ICNTL (9)                                     =           1
  --- (10)                                     =           0
  --- (11)                                     =           0
  --- (20)                                     =          10
  --- (21)                                     =           1
  --- (30)                                     =           0
  --- (35)                                     =           0
 WARNING: original distributed matrix is not allocated
 ** Rank of processor needing largest memory in solve     :       126
 ** Space in MBYTES used by this processor for solve      :       803
 ** Avg. Space in MBYTES per working proc during solve    :       421

 Leaving solve with ...
 Time to build/scatter RHS        =       0.001822
 Time in solution step (fwd/bwd)  =       0.153503
  .. Time in forward (fwd) step   =          0.078897
  .. Time in ScaLAPACK root       =          0.001492
  .. Time in backward (bwd) step  =          0.073096
 Time to gather solution(cent.sol)=       0.000000
 Time to copy/scale dist. solution=       0.000450

 Elapsed time in solve driver=       0.3094
   14 KSP Residual norm 9.270246287076e-02

Entering DMUMPS 5.6.2 from C interface with JOB, N =   3     1237277
      executing #MPI =    128 and #OMP =      2



 ****** SOLVE & CHECK STEP ********

 GLOBAL STATISTICS PRIOR SOLVE PHASE ...........
 Number of right-hand-sides                    =           1
 Blocking factor for multiple rhs              =           1
 ICNTL (9)                                     =           1
  --- (10)                                     =           0
  --- (11)                                     =           0
  --- (20)                                     =          10
  --- (21)                                     =           1
  --- (30)                                     =           0
  --- (35)                                     =           0
 WARNING: original distributed matrix is not allocated
 ** Rank of processor needing largest memory in solve     :       126
 ** Space in MBYTES used by this processor for solve      :       803
 ** Avg. Space in MBYTES per working proc during solve    :       421

 Leaving solve with ...
 Time to build/scatter RHS        =       0.001860
 Time in solution step (fwd/bwd)  =       0.151765
  .. Time in forward (fwd) step   =          0.077569
  .. Time in ScaLAPACK root       =          0.001495
  .. Time in backward (bwd) step  =          0.072670
 Time to gather solution(cent.sol)=       0.000000
 Time to copy/scale dist. solution=       0.000472

 Elapsed time in solve driver=       0.3059
   15 KSP Residual norm 8.232180044794e-02

Entering DMUMPS 5.6.2 from C interface with JOB, N =   3     1237277
      executing #MPI =    128 and #OMP =      2



 ****** SOLVE & CHECK STEP ********

 GLOBAL STATISTICS PRIOR SOLVE PHASE ...........
 Number of right-hand-sides                    =           1
 Blocking factor for multiple rhs              =           1
 ICNTL (9)                                     =           1
  --- (10)                                     =           0
  --- (11)                                     =           0
  --- (20)                                     =          10
  --- (21)                                     =           1
  --- (30)                                     =           0
  --- (35)                                     =           0
 WARNING: original distributed matrix is not allocated
 ** Rank of processor needing largest memory in solve     :       126
 ** Space in MBYTES used by this processor for solve      :       803
 ** Avg. Space in MBYTES per working proc during solve    :       421

 Leaving solve with ...
 Time to build/scatter RHS        =       0.001824
 Time in solution step (fwd/bwd)  =       0.153479
  .. Time in forward (fwd) step   =          0.078142
  .. Time in ScaLAPACK root       =          0.001508
  .. Time in backward (bwd) step  =          0.073811
 Time to gather solution(cent.sol)=       0.000000
 Time to copy/scale dist. solution=       0.000483

 Elapsed time in solve driver=       0.3101
   16 KSP Residual norm 7.325197915919e-02

Entering DMUMPS 5.6.2 from C interface with JOB, N =   3     1237277
      executing #MPI =    128 and #OMP =      2



 ****** SOLVE & CHECK STEP ********

 GLOBAL STATISTICS PRIOR SOLVE PHASE ...........
 Number of right-hand-sides                    =           1
 Blocking factor for multiple rhs              =           1
 ICNTL (9)                                     =           1
  --- (10)                                     =           0
  --- (11)                                     =           0
  --- (20)                                     =          10
  --- (21)                                     =           1
  --- (30)                                     =           0
  --- (35)                                     =           0
 WARNING: original distributed matrix is not allocated
 ** Rank of processor needing largest memory in solve     :       126
 ** Space in MBYTES used by this processor for solve      :       803
 ** Avg. Space in MBYTES per working proc during solve    :       421

 Leaving solve with ...
 Time to build/scatter RHS        =       0.001867
 Time in solution step (fwd/bwd)  =       0.151079
  .. Time in forward (fwd) step   =          0.077843
  .. Time in ScaLAPACK root       =          0.001516
  .. Time in backward (bwd) step  =          0.071702
 Time to gather solution(cent.sol)=       0.000000
 Time to copy/scale dist. solution=       0.000461

 Elapsed time in solve driver=       0.3026
   17 KSP Residual norm 6.867025804465e-02

Entering DMUMPS 5.6.2 from C interface with JOB, N =   3     1237277
      executing #MPI =    128 and #OMP =      2



 ****** SOLVE & CHECK STEP ********

 GLOBAL STATISTICS PRIOR SOLVE PHASE ...........
 Number of right-hand-sides                    =           1
 Blocking factor for multiple rhs              =           1
 ICNTL (9)                                     =           1
  --- (10)                                     =           0
  --- (11)                                     =           0
  --- (20)                                     =          10
  --- (21)                                     =           1
  --- (30)                                     =           0
  --- (35)                                     =           0
 WARNING: original distributed matrix is not allocated
 ** Rank of processor needing largest memory in solve     :       126
 ** Space in MBYTES used by this processor for solve      :       803
 ** Avg. Space in MBYTES per working proc during solve    :       421

 Leaving solve with ...
 Time to build/scatter RHS        =       0.001818
 Time in solution step (fwd/bwd)  =       0.152497
  .. Time in forward (fwd) step   =          0.079368
  .. Time in ScaLAPACK root       =          0.001466
  .. Time in backward (bwd) step  =          0.071645
 Time to gather solution(cent.sol)=       0.000000
 Time to copy/scale dist. solution=       0.000461

 Elapsed time in solve driver=       0.3073
   18 KSP Residual norm 6.294505682498e-02

Entering DMUMPS 5.6.2 from C interface with JOB, N =   3     1237277
      executing #MPI =    128 and #OMP =      2



 ****** SOLVE & CHECK STEP ********

 GLOBAL STATISTICS PRIOR SOLVE PHASE ...........
 Number of right-hand-sides                    =           1
 Blocking factor for multiple rhs              =           1
 ICNTL (9)                                     =           1
  --- (10)                                     =           0
  --- (11)                                     =           0
  --- (20)                                     =          10
  --- (21)                                     =           1
  --- (30)                                     =           0
  --- (35)                                     =           0
 WARNING: original distributed matrix is not allocated
 ** Rank of processor needing largest memory in solve     :       126
 ** Space in MBYTES used by this processor for solve      :       803
 ** Avg. Space in MBYTES per working proc during solve    :       421

 Leaving solve with ...
 Time to build/scatter RHS        =       0.001855
 Time in solution step (fwd/bwd)  =       0.153898
  .. Time in forward (fwd) step   =          0.078688
  .. Time in ScaLAPACK root       =          0.001502
  .. Time in backward (bwd) step  =          0.073690
 Time to gather solution(cent.sol)=       0.000000
 Time to copy/scale dist. solution=       0.000461

 Elapsed time in solve driver=       0.3093
   19 KSP Residual norm 6.048070734728e-02

Entering DMUMPS 5.6.2 from C interface with JOB, N =   3     1237277
      executing #MPI =    128 and #OMP =      2



 ****** SOLVE & CHECK STEP ********

 GLOBAL STATISTICS PRIOR SOLVE PHASE ...........
 Number of right-hand-sides                    =           1
 Blocking factor for multiple rhs              =           1
 ICNTL (9)                                     =           1
  --- (10)                                     =           0
  --- (11)                                     =           0
  --- (20)                                     =          10
  --- (21)                                     =           1
  --- (30)                                     =           0
  --- (35)                                     =           0
 WARNING: original distributed matrix is not allocated
 ** Rank of processor needing largest memory in solve     :       126
 ** Space in MBYTES used by this processor for solve      :       803
 ** Avg. Space in MBYTES per working proc during solve    :       421

 Leaving solve with ...
 Time to build/scatter RHS        =       0.001851
 Time in solution step (fwd/bwd)  =       0.151785
  .. Time in forward (fwd) step   =          0.077784
  .. Time in ScaLAPACK root       =          0.001486
  .. Time in backward (bwd) step  =          0.072497
 Time to gather solution(cent.sol)=       0.000000
 Time to copy/scale dist. solution=       0.000562

 Elapsed time in solve driver=       0.3035
   20 KSP Residual norm 5.811385576072e-02

Entering DMUMPS 5.6.2 from C interface with JOB, N =   3     1237277
      executing #MPI =    128 and #OMP =      2



 ****** SOLVE & CHECK STEP ********

 GLOBAL STATISTICS PRIOR SOLVE PHASE ...........
 Number of right-hand-sides                    =           1
 Blocking factor for multiple rhs              =           1
 ICNTL (9)                                     =           1
  --- (10)                                     =           0
  --- (11)                                     =           0
  --- (20)                                     =          10
  --- (21)                                     =           1
  --- (30)                                     =           0
  --- (35)                                     =           0
 WARNING: original distributed matrix is not allocated
 ** Rank of processor needing largest memory in solve     :       126
 ** Space in MBYTES used by this processor for solve      :       803
 ** Avg. Space in MBYTES per working proc during solve    :       421

 Leaving solve with ...
 Time to build/scatter RHS        =       0.001948
 Time in solution step (fwd/bwd)  =       0.152992
  .. Time in forward (fwd) step   =          0.078452
  .. Time in ScaLAPACK root       =          0.001505
  .. Time in backward (bwd) step  =          0.073017
 Time to gather solution(cent.sol)=       0.000000
 Time to copy/scale dist. solution=       0.000454

 Elapsed time in solve driver=       0.3059
   21 KSP Residual norm 5.700318751780e-02

Entering DMUMPS 5.6.2 from C interface with JOB, N =   3     1237277
      executing #MPI =    128 and #OMP =      2



 ****** SOLVE & CHECK STEP ********

 GLOBAL STATISTICS PRIOR SOLVE PHASE ...........
 Number of right-hand-sides                    =           1
 Blocking factor for multiple rhs              =           1
 ICNTL (9)                                     =           1
  --- (10)                                     =           0
  --- (11)                                     =           0
  --- (20)                                     =          10
  --- (21)                                     =           1
  --- (30)                                     =           0
  --- (35)                                     =           0
 WARNING: original distributed matrix is not allocated
 ** Rank of processor needing largest memory in solve     :       126
 ** Space in MBYTES used by this processor for solve      :       803
 ** Avg. Space in MBYTES per working proc during solve    :       421

 Leaving solve with ...
 Time to build/scatter RHS        =       0.002094
 Time in solution step (fwd/bwd)  =       0.154204
  .. Time in forward (fwd) step   =          0.081835
  .. Time in ScaLAPACK root       =          0.001539
  .. Time in backward (bwd) step  =          0.070802
 Time to gather solution(cent.sol)=       0.000000
 Time to copy/scale dist. solution=       0.000445

 Elapsed time in solve driver=       0.3092
   22 KSP Residual norm 5.124362000831e-02

Entering DMUMPS 5.6.2 from C interface with JOB, N =   3     1237277
      executing #MPI =    128 and #OMP =      2



 ****** SOLVE & CHECK STEP ********

 GLOBAL STATISTICS PRIOR SOLVE PHASE ...........
 Number of right-hand-sides                    =           1
 Blocking factor for multiple rhs              =           1
 ICNTL (9)                                     =           1
  --- (10)                                     =           0
  --- (11)                                     =           0
  --- (20)                                     =          10
  --- (21)                                     =           1
  --- (30)                                     =           0
  --- (35)                                     =           0
 WARNING: original distributed matrix is not allocated
 ** Rank of processor needing largest memory in solve     :       126
 ** Space in MBYTES used by this processor for solve      :       803
 ** Avg. Space in MBYTES per working proc during solve    :       421

 Leaving solve with ...
 Time to build/scatter RHS        =       0.001947
 Time in solution step (fwd/bwd)  =       0.152419
  .. Time in forward (fwd) step   =          0.078570
  .. Time in ScaLAPACK root       =          0.001587
  .. Time in backward (bwd) step  =          0.072240
 Time to gather solution(cent.sol)=       0.000000
 Time to copy/scale dist. solution=       0.000460

 Elapsed time in solve driver=       0.3057
   23 KSP Residual norm 4.427685026903e-02

Entering DMUMPS 5.6.2 from C interface with JOB, N =   3     1237277
      executing #MPI =    128 and #OMP =      2



 ****** SOLVE & CHECK STEP ********

 GLOBAL STATISTICS PRIOR SOLVE PHASE ...........
 Number of right-hand-sides                    =           1
 Blocking factor for multiple rhs              =           1
 ICNTL (9)                                     =           1
  --- (10)                                     =           0
  --- (11)                                     =           0
  --- (20)                                     =          10
  --- (21)                                     =           1
  --- (30)                                     =           0
  --- (35)                                     =           0
 WARNING: original distributed matrix is not allocated
 ** Rank of processor needing largest memory in solve     :       126
 ** Space in MBYTES used by this processor for solve      :       803
 ** Avg. Space in MBYTES per working proc during solve    :       421

 Leaving solve with ...
 Time to build/scatter RHS        =       0.001898
 Time in solution step (fwd/bwd)  =       0.152363
  .. Time in forward (fwd) step   =          0.079101
  .. Time in ScaLAPACK root       =          0.001629
  .. Time in backward (bwd) step  =          0.071608
 Time to gather solution(cent.sol)=       0.000000
 Time to copy/scale dist. solution=       0.000465

 Elapsed time in solve driver=       0.3135
   24 KSP Residual norm 3.921943725350e-02

Entering DMUMPS 5.6.2 from C interface with JOB, N =   3     1237277
      executing #MPI =    128 and #OMP =      2



 ****** SOLVE & CHECK STEP ********

 GLOBAL STATISTICS PRIOR SOLVE PHASE ...........
 Number of right-hand-sides                    =           1
 Blocking factor for multiple rhs              =           1
 ICNTL (9)                                     =           1
  --- (10)                                     =           0
  --- (11)                                     =           0
  --- (20)                                     =          10
  --- (21)                                     =           1
  --- (30)                                     =           0
  --- (35)                                     =           0
 WARNING: original distributed matrix is not allocated
 ** Rank of processor needing largest memory in solve     :       126
 ** Space in MBYTES used by this processor for solve      :       803
 ** Avg. Space in MBYTES per working proc during solve    :       421

 Leaving solve with ...
 Time to build/scatter RHS        =       0.001995
 Time in solution step (fwd/bwd)  =       0.150972
  .. Time in forward (fwd) step   =          0.077347
  .. Time in ScaLAPACK root       =          0.001514
  .. Time in backward (bwd) step  =          0.072094
 Time to gather solution(cent.sol)=       0.000000
 Time to copy/scale dist. solution=       0.000454

 Elapsed time in solve driver=       0.3087
   25 KSP Residual norm 3.744243897029e-02

Entering DMUMPS 5.6.2 from C interface with JOB, N =   3     1237277
      executing #MPI =    128 and #OMP =      2



 ****** SOLVE & CHECK STEP ********

 GLOBAL STATISTICS PRIOR SOLVE PHASE ...........
 Number of right-hand-sides                    =           1
 Blocking factor for multiple rhs              =           1
 ICNTL (9)                                     =           1
  --- (10)                                     =           0
  --- (11)                                     =           0
  --- (20)                                     =          10
  --- (21)                                     =           1
  --- (30)                                     =           0
  --- (35)                                     =           0
 WARNING: original distributed matrix is not allocated
 ** Rank of processor needing largest memory in solve     :       126
 ** Space in MBYTES used by this processor for solve      :       803
 ** Avg. Space in MBYTES per working proc during solve    :       421

 Leaving solve with ...
 Time to build/scatter RHS        =       0.001818
 Time in solution step (fwd/bwd)  =       0.151183
  .. Time in forward (fwd) step   =          0.077057
  .. Time in ScaLAPACK root       =          0.001511
  .. Time in backward (bwd) step  =          0.072594
 Time to gather solution(cent.sol)=       0.000000
 Time to copy/scale dist. solution=       0.000449

 Elapsed time in solve driver=       0.3072
   26 KSP Residual norm 3.676463252188e-02

Entering DMUMPS 5.6.2 from C interface with JOB, N =   3     1237277
      executing #MPI =    128 and #OMP =      2



 ****** SOLVE & CHECK STEP ********

 GLOBAL STATISTICS PRIOR SOLVE PHASE ...........
 Number of right-hand-sides                    =           1
 Blocking factor for multiple rhs              =           1
 ICNTL (9)                                     =           1
  --- (10)                                     =           0
  --- (11)                                     =           0
  --- (20)                                     =          10
  --- (21)                                     =           1
  --- (30)                                     =           0
  --- (35)                                     =           0
 WARNING: original distributed matrix is not allocated
 ** Rank of processor needing largest memory in solve     :       126
 ** Space in MBYTES used by this processor for solve      :       803
 ** Avg. Space in MBYTES per working proc during solve    :       421

 Leaving solve with ...
 Time to build/scatter RHS        =       0.001810
 Time in solution step (fwd/bwd)  =       0.153693
  .. Time in forward (fwd) step   =          0.078270
  .. Time in ScaLAPACK root       =          0.001497
  .. Time in backward (bwd) step  =          0.073907
 Time to gather solution(cent.sol)=       0.000000
 Time to copy/scale dist. solution=       0.000462

 Elapsed time in solve driver=       0.3091
   27 KSP Residual norm 3.640618792465e-02

Entering DMUMPS 5.6.2 from C interface with JOB, N =   3     1237277
      executing #MPI =    128 and #OMP =      2



 ****** SOLVE & CHECK STEP ********

 GLOBAL STATISTICS PRIOR SOLVE PHASE ...........
 Number of right-hand-sides                    =           1
 Blocking factor for multiple rhs              =           1
 ICNTL (9)                                     =           1
  --- (10)                                     =           0
  --- (11)                                     =           0
  --- (20)                                     =          10
  --- (21)                                     =           1
  --- (30)                                     =           0
  --- (35)                                     =           0
 WARNING: original distributed matrix is not allocated
 ** Rank of processor needing largest memory in solve     :       126
 ** Space in MBYTES used by this processor for solve      :       803
 ** Avg. Space in MBYTES per working proc during solve    :       421

 Leaving solve with ...
 Time to build/scatter RHS        =       0.001825
 Time in solution step (fwd/bwd)  =       0.151444
  .. Time in forward (fwd) step   =          0.078567
  .. Time in ScaLAPACK root       =          0.001481
  .. Time in backward (bwd) step  =          0.071378
 Time to gather solution(cent.sol)=       0.000000
 Time to copy/scale dist. solution=       0.000470

 Elapsed time in solve driver=       0.3090
   28 KSP Residual norm 3.589362821828e-02

Entering DMUMPS 5.6.2 from C interface with JOB, N =   3     1237277
      executing #MPI =    128 and #OMP =      2



 ****** SOLVE & CHECK STEP ********

 GLOBAL STATISTICS PRIOR SOLVE PHASE ...........
 Number of right-hand-sides                    =           1
 Blocking factor for multiple rhs              =           1
 ICNTL (9)                                     =           1
  --- (10)                                     =           0
  --- (11)                                     =           0
  --- (20)                                     =          10
  --- (21)                                     =           1
  --- (30)                                     =           0
  --- (35)                                     =           0
 WARNING: original distributed matrix is not allocated
 ** Rank of processor needing largest memory in solve     :       126
 ** Space in MBYTES used by this processor for solve      :       803
 ** Avg. Space in MBYTES per working proc during solve    :       421

 Leaving solve with ...
 Time to build/scatter RHS        =       0.001944
 Time in solution step (fwd/bwd)  =       0.151657
  .. Time in forward (fwd) step   =          0.078231
  .. Time in ScaLAPACK root       =          0.001504
  .. Time in backward (bwd) step  =          0.071888
 Time to gather solution(cent.sol)=       0.000000
 Time to copy/scale dist. solution=       0.000451

 Elapsed time in solve driver=       0.3093
   29 KSP Residual norm 3.511009757069e-02

Entering DMUMPS 5.6.2 from C interface with JOB, N =   3     1237277
      executing #MPI =    128 and #OMP =      2



 ****** SOLVE & CHECK STEP ********

 GLOBAL STATISTICS PRIOR SOLVE PHASE ...........
 Number of right-hand-sides                    =           1
 Blocking factor for multiple rhs              =           1
 ICNTL (9)                                     =           1
  --- (10)                                     =           0
  --- (11)                                     =           0
  --- (20)                                     =          10
  --- (21)                                     =           1
  --- (30)                                     =           0
  --- (35)                                     =           0
 WARNING: original distributed matrix is not allocated
 ** Rank of processor needing largest memory in solve     :       126
 ** Space in MBYTES used by this processor for solve      :       803
 ** Avg. Space in MBYTES per working proc during solve    :       421

 Leaving solve with ...
 Time to build/scatter RHS        =       0.001909
 Time in solution step (fwd/bwd)  =       0.152526
  .. Time in forward (fwd) step   =          0.078178
  .. Time in ScaLAPACK root       =          0.001497
  .. Time in backward (bwd) step  =          0.072832
 Time to gather solution(cent.sol)=       0.000000
 Time to copy/scale dist. solution=       0.000454

 Elapsed time in solve driver=       0.3089
   30 KSP Residual norm 3.455875212011e-02

Entering DMUMPS 5.6.2 from C interface with JOB, N =   3     1237277
      executing #MPI =    128 and #OMP =      2



 ****** SOLVE & CHECK STEP ********

 GLOBAL STATISTICS PRIOR SOLVE PHASE ...........
 Number of right-hand-sides                    =           1
 Blocking factor for multiple rhs              =           1
 ICNTL (9)                                     =           1
  --- (10)                                     =           0
  --- (11)                                     =           0
  --- (20)                                     =          10
  --- (21)                                     =           1
  --- (30)                                     =           0
  --- (35)                                     =           0
 WARNING: original distributed matrix is not allocated
 ** Rank of processor needing largest memory in solve     :       126
 ** Space in MBYTES used by this processor for solve      :       803
 ** Avg. Space in MBYTES per working proc during solve    :       421

 Leaving solve with ...
 Time to build/scatter RHS        =       0.001901
 Time in solution step (fwd/bwd)  =       0.152935
  .. Time in forward (fwd) step   =          0.078565
  .. Time in ScaLAPACK root       =          0.001508
  .. Time in backward (bwd) step  =          0.072844
 Time to gather solution(cent.sol)=       0.000000
 Time to copy/scale dist. solution=       0.000461

 Elapsed time in solve driver=       0.3105
   31 KSP Residual norm 3.412890020817e-02

Entering DMUMPS 5.6.2 from C interface with JOB, N =   3     1237277
      executing #MPI =    128 and #OMP =      2



 ****** SOLVE & CHECK STEP ********

 GLOBAL STATISTICS PRIOR SOLVE PHASE ...........
 Number of right-hand-sides                    =           1
 Blocking factor for multiple rhs              =           1
 ICNTL (9)                                     =           1
  --- (10)                                     =           0
  --- (11)                                     =           0
  --- (20)                                     =          10
  --- (21)                                     =           1
  --- (30)                                     =           0
  --- (35)                                     =           0
 WARNING: original distributed matrix is not allocated
 ** Rank of processor needing largest memory in solve     :       126
 ** Space in MBYTES used by this processor for solve      :       803
 ** Avg. Space in MBYTES per working proc during solve    :       421

 Leaving solve with ...
 Time to build/scatter RHS        =       0.001939
 Time in solution step (fwd/bwd)  =       0.153417
  .. Time in forward (fwd) step   =          0.079476
  .. Time in ScaLAPACK root       =          0.001455
  .. Time in backward (bwd) step  =          0.072467
 Time to gather solution(cent.sol)=       0.000000
 Time to copy/scale dist. solution=       0.000473

 Elapsed time in solve driver=       0.3064
   32 KSP Residual norm 3.358356031033e-02

Entering DMUMPS 5.6.2 from C interface with JOB, N =   3     1237277
      executing #MPI =    128 and #OMP =      2



 ****** SOLVE & CHECK STEP ********

 GLOBAL STATISTICS PRIOR SOLVE PHASE ...........
 Number of right-hand-sides                    =           1
 Blocking factor for multiple rhs              =           1
 ICNTL (9)                                     =           1
  --- (10)                                     =           0
  --- (11)                                     =           0
  --- (20)                                     =          10
  --- (21)                                     =           1
  --- (30)                                     =           0
  --- (35)                                     =           0
 WARNING: original distributed matrix is not allocated
 ** Rank of processor needing largest memory in solve     :       126
 ** Space in MBYTES used by this processor for solve      :       803
 ** Avg. Space in MBYTES per working proc during solve    :       421

 Leaving solve with ...
 Time to build/scatter RHS        =       0.002222
 Time in solution step (fwd/bwd)  =       0.151596
  .. Time in forward (fwd) step   =          0.078434
  .. Time in ScaLAPACK root       =          0.001525
  .. Time in backward (bwd) step  =          0.071614
 Time to gather solution(cent.sol)=       0.000000
 Time to copy/scale dist. solution=       0.000464

 Elapsed time in solve driver=       0.3092
   33 KSP Residual norm 3.324631919158e-02

Entering DMUMPS 5.6.2 from C interface with JOB, N =   3     1237277
      executing #MPI =    128 and #OMP =      2



 ****** SOLVE & CHECK STEP ********

 GLOBAL STATISTICS PRIOR SOLVE PHASE ...........
 Number of right-hand-sides                    =           1
 Blocking factor for multiple rhs              =           1
 ICNTL (9)                                     =           1
  --- (10)                                     =           0
  --- (11)                                     =           0
  --- (20)                                     =          10
  --- (21)                                     =           1
  --- (30)                                     =           0
  --- (35)                                     =           0
 WARNING: original distributed matrix is not allocated
 ** Rank of processor needing largest memory in solve     :       126
 ** Space in MBYTES used by this processor for solve      :       803
 ** Avg. Space in MBYTES per working proc during solve    :       421

 Leaving solve with ...
 Time to build/scatter RHS        =       0.002047
 Time in solution step (fwd/bwd)  =       0.153541
  .. Time in forward (fwd) step   =          0.078708
  .. Time in ScaLAPACK root       =          0.001479
  .. Time in backward (bwd) step  =          0.073335
 Time to gather solution(cent.sol)=       0.000000
 Time to copy/scale dist. solution=       0.000452

 Elapsed time in solve driver=       0.3109
   34 KSP Residual norm 3.306681259550e-02

Entering DMUMPS 5.6.2 from C interface with JOB, N =   3     1237277
      executing #MPI =    128 and #OMP =      2



 ****** SOLVE & CHECK STEP ********

 GLOBAL STATISTICS PRIOR SOLVE PHASE ...........
 Number of right-hand-sides                    =           1
 Blocking factor for multiple rhs              =           1
 ICNTL (9)                                     =           1
  --- (10)                                     =           0
  --- (11)                                     =           0
  --- (20)                                     =          10
  --- (21)                                     =           1
  --- (30)                                     =           0
  --- (35)                                     =           0
 WARNING: original distributed matrix is not allocated
 ** Rank of processor needing largest memory in solve     :       126
 ** Space in MBYTES used by this processor for solve      :       803
 ** Avg. Space in MBYTES per working proc during solve    :       421

 Leaving solve with ...
 Time to build/scatter RHS        =       0.001864
 Time in solution step (fwd/bwd)  =       0.152223
  .. Time in forward (fwd) step   =          0.078961
  .. Time in ScaLAPACK root       =          0.001515
  .. Time in backward (bwd) step  =          0.071726
 Time to gather solution(cent.sol)=       0.000000
 Time to copy/scale dist. solution=       0.000442

 Elapsed time in solve driver=       0.3034
   35 KSP Residual norm 3.290444054753e-02

Entering DMUMPS 5.6.2 from C interface with JOB, N =   3     1237277
      executing #MPI =    128 and #OMP =      2



 ****** SOLVE & CHECK STEP ********

 GLOBAL STATISTICS PRIOR SOLVE PHASE ...........
 Number of right-hand-sides                    =           1
 Blocking factor for multiple rhs              =           1
 ICNTL (9)                                     =           1
  --- (10)                                     =           0
  --- (11)                                     =           0
  --- (20)                                     =          10
  --- (21)                                     =           1
  --- (30)                                     =           0
  --- (35)                                     =           0
 WARNING: original distributed matrix is not allocated
 ** Rank of processor needing largest memory in solve     :       126
 ** Space in MBYTES used by this processor for solve      :       803
 ** Avg. Space in MBYTES per working proc during solve    :       421

 Leaving solve with ...
 Time to build/scatter RHS        =       0.001823
 Time in solution step (fwd/bwd)  =       0.151284
  .. Time in forward (fwd) step   =          0.078242
  .. Time in ScaLAPACK root       =          0.001476
  .. Time in backward (bwd) step  =          0.071537
 Time to gather solution(cent.sol)=       0.000000
 Time to copy/scale dist. solution=       0.000451

 Elapsed time in solve driver=       0.3149
   36 KSP Residual norm 3.254690317031e-02

Entering DMUMPS 5.6.2 from C interface with JOB, N =   3     1237277
      executing #MPI =    128 and #OMP =      2



 ****** SOLVE & CHECK STEP ********

 GLOBAL STATISTICS PRIOR SOLVE PHASE ...........
 Number of right-hand-sides                    =           1
 Blocking factor for multiple rhs              =           1
 ICNTL (9)                                     =           1
  --- (10)                                     =           0
  --- (11)                                     =           0
  --- (20)                                     =          10
  --- (21)                                     =           1
  --- (30)                                     =           0
  --- (35)                                     =           0
 WARNING: original distributed matrix is not allocated
 ** Rank of processor needing largest memory in solve     :       126
 ** Space in MBYTES used by this processor for solve      :       803
 ** Avg. Space in MBYTES per working proc during solve    :       421

 Leaving solve with ...
 Time to build/scatter RHS        =       0.001826
 Time in solution step (fwd/bwd)  =       0.152525
  .. Time in forward (fwd) step   =          0.078437
  .. Time in ScaLAPACK root       =          0.001482
  .. Time in backward (bwd) step  =          0.072584
 Time to gather solution(cent.sol)=       0.000000
 Time to copy/scale dist. solution=       0.000473

 Elapsed time in solve driver=       0.3089
   37 KSP Residual norm 3.230984219557e-02

Entering DMUMPS 5.6.2 from C interface with JOB, N =   3     1237277
      executing #MPI =    128 and #OMP =      2



 ****** SOLVE & CHECK STEP ********

 GLOBAL STATISTICS PRIOR SOLVE PHASE ...........
 Number of right-hand-sides                    =           1
 Blocking factor for multiple rhs              =           1
 ICNTL (9)                                     =           1
  --- (10)                                     =           0
  --- (11)                                     =           0
  --- (20)                                     =          10
  --- (21)                                     =           1
  --- (30)                                     =           0
  --- (35)                                     =           0
 WARNING: original distributed matrix is not allocated
 ** Rank of processor needing largest memory in solve     :       126
 ** Space in MBYTES used by this processor for solve      :       803
 ** Avg. Space in MBYTES per working proc during solve    :       421

 Leaving solve with ...
 Time to build/scatter RHS        =       0.001865
 Time in solution step (fwd/bwd)  =       0.152881
  .. Time in forward (fwd) step   =          0.077890
  .. Time in ScaLAPACK root       =          0.001502
  .. Time in backward (bwd) step  =          0.073470
 Time to gather solution(cent.sol)=       0.000000
 Time to copy/scale dist. solution=       0.000441

 Elapsed time in solve driver=       0.3052
   38 KSP Residual norm 3.211920249236e-02

Entering DMUMPS 5.6.2 from C interface with JOB, N =   3     1237277
      executing #MPI =    128 and #OMP =      2



 ****** SOLVE & CHECK STEP ********

 GLOBAL STATISTICS PRIOR SOLVE PHASE ...........
 Number of right-hand-sides                    =           1
 Blocking factor for multiple rhs              =           1
 ICNTL (9)                                     =           1
  --- (10)                                     =           0
  --- (11)                                     =           0
  --- (20)                                     =          10
  --- (21)                                     =           1
  --- (30)                                     =           0
  --- (35)                                     =           0
 WARNING: original distributed matrix is not allocated
 ** Rank of processor needing largest memory in solve     :       126
 ** Space in MBYTES used by this processor for solve      :       803
 ** Avg. Space in MBYTES per working proc during solve    :       421

 Leaving solve with ...
 Time to build/scatter RHS        =       0.001868
 Time in solution step (fwd/bwd)  =       0.152256
  .. Time in forward (fwd) step   =          0.078976
  .. Time in ScaLAPACK root       =          0.001500
  .. Time in backward (bwd) step  =          0.071760
 Time to gather solution(cent.sol)=       0.000000
 Time to copy/scale dist. solution=       0.000460

 Elapsed time in solve driver=       0.3102
   39 KSP Residual norm 3.147019964275e-02

Entering DMUMPS 5.6.2 from C interface with JOB, N =   3     1237277
      executing #MPI =    128 and #OMP =      2



 ****** SOLVE & CHECK STEP ********

 GLOBAL STATISTICS PRIOR SOLVE PHASE ...........
 Number of right-hand-sides                    =           1
 Blocking factor for multiple rhs              =           1
 ICNTL (9)                                     =           1
  --- (10)                                     =           0
  --- (11)                                     =           0
  --- (20)                                     =          10
  --- (21)                                     =           1
  --- (30)                                     =           0
  --- (35)                                     =           0
 WARNING: original distributed matrix is not allocated
 ** Rank of processor needing largest memory in solve     :       126
 ** Space in MBYTES used by this processor for solve      :       803
 ** Avg. Space in MBYTES per working proc during solve    :       421

 Leaving solve with ...
 Time to build/scatter RHS        =       0.001818
 Time in solution step (fwd/bwd)  =       0.152001
  .. Time in forward (fwd) step   =          0.078427
  .. Time in ScaLAPACK root       =          0.001479
  .. Time in backward (bwd) step  =          0.072076
 Time to gather solution(cent.sol)=       0.000000
 Time to copy/scale dist. solution=       0.000457

 Elapsed time in solve driver=       0.3071
   40 KSP Residual norm 3.059976378834e-02

Entering DMUMPS 5.6.2 from C interface with JOB, N =   3     1237277
      executing #MPI =    128 and #OMP =      2



 ****** SOLVE & CHECK STEP ********

 GLOBAL STATISTICS PRIOR SOLVE PHASE ...........
 Number of right-hand-sides                    =           1
 Blocking factor for multiple rhs              =           1
 ICNTL (9)                                     =           1
  --- (10)                                     =           0
  --- (11)                                     =           0
  --- (20)                                     =          10
  --- (21)                                     =           1
  --- (30)                                     =           0
  --- (35)                                     =           0
 WARNING: original distributed matrix is not allocated
 ** Rank of processor needing largest memory in solve     :       126
 ** Space in MBYTES used by this processor for solve      :       803
 ** Avg. Space in MBYTES per working proc during solve    :       421

 Leaving solve with ...
 Time to build/scatter RHS        =       0.002096
 Time in solution step (fwd/bwd)  =       0.151918
  .. Time in forward (fwd) step   =          0.078253
  .. Time in ScaLAPACK root       =          0.001513
  .. Time in backward (bwd) step  =          0.072129
 Time to gather solution(cent.sol)=       0.000000
 Time to copy/scale dist. solution=       0.000459

 Elapsed time in solve driver=       0.3067
   41 KSP Residual norm 2.903798988251e-02

Entering DMUMPS 5.6.2 from C interface with JOB, N =   3     1237277
      executing #MPI =    128 and #OMP =      2



 ****** SOLVE & CHECK STEP ********

 GLOBAL STATISTICS PRIOR SOLVE PHASE ...........
 Number of right-hand-sides                    =           1
 Blocking factor for multiple rhs              =           1
 ICNTL (9)                                     =           1
  --- (10)                                     =           0
  --- (11)                                     =           0
  --- (20)                                     =          10
  --- (21)                                     =           1
  --- (30)                                     =           0
  --- (35)                                     =           0
 WARNING: original distributed matrix is not allocated
 ** Rank of processor needing largest memory in solve     :       126
 ** Space in MBYTES used by this processor for solve      :       803
 ** Avg. Space in MBYTES per working proc during solve    :       421

 Leaving solve with ...
 Time to build/scatter RHS        =       0.001847
 Time in solution step (fwd/bwd)  =       0.151121
  .. Time in forward (fwd) step   =          0.077337
  .. Time in ScaLAPACK root       =          0.001494
  .. Time in backward (bwd) step  =          0.072269
 Time to gather solution(cent.sol)=       0.000000
 Time to copy/scale dist. solution=       0.000452

 Elapsed time in solve driver=       0.3089
   42 KSP Residual norm 2.737069222720e-02

Entering DMUMPS 5.6.2 from C interface with JOB, N =   3     1237277
      executing #MPI =    128 and #OMP =      2



 ****** SOLVE & CHECK STEP ********

 GLOBAL STATISTICS PRIOR SOLVE PHASE ...........
 Number of right-hand-sides                    =           1
 Blocking factor for multiple rhs              =           1
 ICNTL (9)                                     =           1
  --- (10)                                     =           0
  --- (11)                                     =           0
  --- (20)                                     =          10
  --- (21)                                     =           1
  --- (30)                                     =           0
  --- (35)                                     =           0
 WARNING: original distributed matrix is not allocated
 ** Rank of processor needing largest memory in solve     :       126
 ** Space in MBYTES used by this processor for solve      :       803
 ** Avg. Space in MBYTES per working proc during solve    :       421

 Leaving solve with ...
 Time to build/scatter RHS        =       0.002276
 Time in solution step (fwd/bwd)  =       0.151317
  .. Time in forward (fwd) step   =          0.077749
  .. Time in ScaLAPACK root       =          0.001485
  .. Time in backward (bwd) step  =          0.072051
 Time to gather solution(cent.sol)=       0.000000
 Time to copy/scale dist. solution=       0.000454

 Elapsed time in solve driver=       0.3048
   43 KSP Residual norm 2.492679308634e-02

Entering DMUMPS 5.6.2 from C interface with JOB, N =   3     1237277
      executing #MPI =    128 and #OMP =      2



 ****** SOLVE & CHECK STEP ********

 GLOBAL STATISTICS PRIOR SOLVE PHASE ...........
 Number of right-hand-sides                    =           1
 Blocking factor for multiple rhs              =           1
 ICNTL (9)                                     =           1
  --- (10)                                     =           0
  --- (11)                                     =           0
  --- (20)                                     =          10
  --- (21)                                     =           1
  --- (30)                                     =           0
  --- (35)                                     =           0
 WARNING: original distributed matrix is not allocated
 ** Rank of processor needing largest memory in solve     :       126
 ** Space in MBYTES used by this processor for solve      :       803
 ** Avg. Space in MBYTES per working proc during solve    :       421

 Leaving solve with ...
 Time to build/scatter RHS        =       0.001945
 Time in solution step (fwd/bwd)  =       0.152731
  .. Time in forward (fwd) step   =          0.078471
  .. Time in ScaLAPACK root       =          0.001488
  .. Time in backward (bwd) step  =          0.072753
 Time to gather solution(cent.sol)=       0.000000
 Time to copy/scale dist. solution=       0.000464

 Elapsed time in solve driver=       0.3075
   44 KSP Residual norm 2.156946843428e-02

Entering DMUMPS 5.6.2 from C interface with JOB, N =   3     1237277
      executing #MPI =    128 and #OMP =      2



 ****** SOLVE & CHECK STEP ********

 GLOBAL STATISTICS PRIOR SOLVE PHASE ...........
 Number of right-hand-sides                    =           1
 Blocking factor for multiple rhs              =           1
 ICNTL (9)                                     =           1
  --- (10)                                     =           0
  --- (11)                                     =           0
  --- (20)                                     =          10
  --- (21)                                     =           1
  --- (30)                                     =           0
  --- (35)                                     =           0
 WARNING: original distributed matrix is not allocated
 ** Rank of processor needing largest memory in solve     :       126
 ** Space in MBYTES used by this processor for solve      :       803
 ** Avg. Space in MBYTES per working proc during solve    :       421

 Leaving solve with ...
 Time to build/scatter RHS        =       0.002000
 Time in solution step (fwd/bwd)  =       0.152434
  .. Time in forward (fwd) step   =          0.078437
  .. Time in ScaLAPACK root       =          0.001477
  .. Time in backward (bwd) step  =          0.072502
 Time to gather solution(cent.sol)=       0.000000
 Time to copy/scale dist. solution=       0.000458

 Elapsed time in solve driver=       0.3088
   45 KSP Residual norm 1.732930742915e-02

Entering DMUMPS 5.6.2 from C interface with JOB, N =   3     1237277
      executing #MPI =    128 and #OMP =      2



 ****** SOLVE & CHECK STEP ********

 GLOBAL STATISTICS PRIOR SOLVE PHASE ...........
 Number of right-hand-sides                    =           1
 Blocking factor for multiple rhs              =           1
 ICNTL (9)                                     =           1
  --- (10)                                     =           0
  --- (11)                                     =           0
  --- (20)                                     =          10
  --- (21)                                     =           1
  --- (30)                                     =           0
  --- (35)                                     =           0
 WARNING: original distributed matrix is not allocated
 ** Rank of processor needing largest memory in solve     :       126
 ** Space in MBYTES used by this processor for solve      :       803
 ** Avg. Space in MBYTES per working proc during solve    :       421

 Leaving solve with ...
 Time to build/scatter RHS        =       0.007617
 Time in solution step (fwd/bwd)  =       0.155040
  .. Time in forward (fwd) step   =          0.078024
  .. Time in ScaLAPACK root       =          0.001520
  .. Time in backward (bwd) step  =          0.075478
 Time to gather solution(cent.sol)=       0.000000
 Time to copy/scale dist. solution=       0.000458

 Elapsed time in solve driver=       0.3137
   46 KSP Residual norm 1.387630719393e-02

Entering DMUMPS 5.6.2 from C interface with JOB, N =   3     1237277
      executing #MPI =    128 and #OMP =      2



 ****** SOLVE & CHECK STEP ********

 GLOBAL STATISTICS PRIOR SOLVE PHASE ...........
 Number of right-hand-sides                    =           1
 Blocking factor for multiple rhs              =           1
 ICNTL (9)                                     =           1
  --- (10)                                     =           0
  --- (11)                                     =           0
  --- (20)                                     =          10
  --- (21)                                     =           1
  --- (30)                                     =           0
  --- (35)                                     =           0
 WARNING: original distributed matrix is not allocated
 ** Rank of processor needing largest memory in solve     :       126
 ** Space in MBYTES used by this processor for solve      :       803
 ** Avg. Space in MBYTES per working proc during solve    :       421

 Leaving solve with ...
 Time to build/scatter RHS        =       0.058006
 Time in solution step (fwd/bwd)  =       0.317999
  .. Time in forward (fwd) step   =          0.242622
  .. Time in ScaLAPACK root       =          0.001514
  .. Time in backward (bwd) step  =          0.073842
 Time to gather solution(cent.sol)=       0.000000
 Time to copy/scale dist. solution=       0.000449

 Elapsed time in solve driver=       0.5353
   47 KSP Residual norm 1.199402502381e-02

Entering DMUMPS 5.6.2 from C interface with JOB, N =   3     1237277
      executing #MPI =    128 and #OMP =      2



 ****** SOLVE & CHECK STEP ********

 GLOBAL STATISTICS PRIOR SOLVE PHASE ...........
 Number of right-hand-sides                    =           1
 Blocking factor for multiple rhs              =           1
 ICNTL (9)                                     =           1
  --- (10)                                     =           0
  --- (11)                                     =           0
  --- (20)                                     =          10
  --- (21)                                     =           1
  --- (30)                                     =           0
  --- (35)                                     =           0
 WARNING: original distributed matrix is not allocated
 ** Rank of processor needing largest memory in solve     :       126
 ** Space in MBYTES used by this processor for solve      :       803
 ** Avg. Space in MBYTES per working proc during solve    :       421

 Leaving solve with ...
 Time to build/scatter RHS        =       0.028873
 Time in solution step (fwd/bwd)  =       0.151917
  .. Time in forward (fwd) step   =          0.077724
  .. Time in ScaLAPACK root       =          0.001492
  .. Time in backward (bwd) step  =          0.072680
 Time to gather solution(cent.sol)=       0.000000
 Time to copy/scale dist. solution=       0.000465

 Elapsed time in solve driver=       0.3346
   48 KSP Residual norm 1.027831006855e-02

Entering DMUMPS 5.6.2 from C interface with JOB, N =   3     1237277
      executing #MPI =    128 and #OMP =      2



 ****** SOLVE & CHECK STEP ********

 GLOBAL STATISTICS PRIOR SOLVE PHASE ...........
 Number of right-hand-sides                    =           1
 Blocking factor for multiple rhs              =           1
 ICNTL (9)                                     =           1
  --- (10)                                     =           0
  --- (11)                                     =           0
  --- (20)                                     =          10
  --- (21)                                     =           1
  --- (30)                                     =           0
  --- (35)                                     =           0
 WARNING: original distributed matrix is not allocated
 ** Rank of processor needing largest memory in solve     :       126
 ** Space in MBYTES used by this processor for solve      :       803
 ** Avg. Space in MBYTES per working proc during solve    :       421

 Leaving solve with ...
 Time to build/scatter RHS        =       0.001910
 Time in solution step (fwd/bwd)  =       0.152303
  .. Time in forward (fwd) step   =          0.078178
  .. Time in ScaLAPACK root       =          0.001479
  .. Time in backward (bwd) step  =          0.072626
 Time to gather solution(cent.sol)=       0.000000
 Time to copy/scale dist. solution=       0.000475

 Elapsed time in solve driver=       0.3108
   49 KSP Residual norm 8.302241608741e-03

Entering DMUMPS 5.6.2 from C interface with JOB, N =   3     1237277
      executing #MPI =    128 and #OMP =      2



 ****** SOLVE & CHECK STEP ********

 GLOBAL STATISTICS PRIOR SOLVE PHASE ...........
 Number of right-hand-sides                    =           1
 Blocking factor for multiple rhs              =           1
 ICNTL (9)                                     =           1
  --- (10)                                     =           0
  --- (11)                                     =           0
  --- (20)                                     =          10
  --- (21)                                     =           1
  --- (30)                                     =           0
  --- (35)                                     =           0
 WARNING: original distributed matrix is not allocated
 ** Rank of processor needing largest memory in solve     :       126
 ** Space in MBYTES used by this processor for solve      :       803
 ** Avg. Space in MBYTES per working proc during solve    :       421

 Leaving solve with ...
 Time to build/scatter RHS        =       0.001957
 Time in solution step (fwd/bwd)  =       0.152784
  .. Time in forward (fwd) step   =          0.078282
  .. Time in ScaLAPACK root       =          0.001516
  .. Time in backward (bwd) step  =          0.072953
 Time to gather solution(cent.sol)=       0.000000
 Time to copy/scale dist. solution=       0.000445

 Elapsed time in solve driver=       0.3097
   50 KSP Residual norm 6.388931807844e-03

Entering DMUMPS 5.6.2 from C interface with JOB, N =   3     1237277
      executing #MPI =    128 and #OMP =      2



 ****** SOLVE & CHECK STEP ********

 GLOBAL STATISTICS PRIOR SOLVE PHASE ...........
 Number of right-hand-sides                    =           1
 Blocking factor for multiple rhs              =           1
 ICNTL (9)                                     =           1
  --- (10)                                     =           0
  --- (11)                                     =           0
  --- (20)                                     =          10
  --- (21)                                     =           1
  --- (30)                                     =           0
  --- (35)                                     =           0
 WARNING: original distributed matrix is not allocated
 ** Rank of processor needing largest memory in solve     :       126
 ** Space in MBYTES used by this processor for solve      :       803
 ** Avg. Space in MBYTES per working proc during solve    :       421

 Leaving solve with ...
 Time to build/scatter RHS        =       0.001988
 Time in solution step (fwd/bwd)  =       0.152538
  .. Time in forward (fwd) step   =          0.078237
  .. Time in ScaLAPACK root       =          0.001686
  .. Time in backward (bwd) step  =          0.072593
 Time to gather solution(cent.sol)=       0.000000
 Time to copy/scale dist. solution=       0.000470

 Elapsed time in solve driver=       0.3088
   51 KSP Residual norm 5.092247025192e-03

Entering DMUMPS 5.6.2 from C interface with JOB, N =   3     1237277
      executing #MPI =    128 and #OMP =      2



 ****** SOLVE & CHECK STEP ********

 GLOBAL STATISTICS PRIOR SOLVE PHASE ...........
 Number of right-hand-sides                    =           1
 Blocking factor for multiple rhs              =           1
 ICNTL (9)                                     =           1
  --- (10)                                     =           0
  --- (11)                                     =           0
  --- (20)                                     =          10
  --- (21)                                     =           1
  --- (30)                                     =           0
  --- (35)                                     =           0
 WARNING: original distributed matrix is not allocated
 ** Rank of processor needing largest memory in solve     :       126
 ** Space in MBYTES used by this processor for solve      :       803
 ** Avg. Space in MBYTES per working proc during solve    :       421

 Leaving solve with ...
 Time to build/scatter RHS        =       0.001935
 Time in solution step (fwd/bwd)  =       0.153122
  .. Time in forward (fwd) step   =          0.078392
  .. Time in ScaLAPACK root       =          0.001476
  .. Time in backward (bwd) step  =          0.073228
 Time to gather solution(cent.sol)=       0.000000
 Time to copy/scale dist. solution=       0.000436

 Elapsed time in solve driver=       0.3064
   52 KSP Residual norm 4.634774982409e-03

Entering DMUMPS 5.6.2 from C interface with JOB, N =   3     1237277
      executing #MPI =    128 and #OMP =      2



 ****** SOLVE & CHECK STEP ********

 GLOBAL STATISTICS PRIOR SOLVE PHASE ...........
 Number of right-hand-sides                    =           1
 Blocking factor for multiple rhs              =           1
 ICNTL (9)                                     =           1
  --- (10)                                     =           0
  --- (11)                                     =           0
  --- (20)                                     =          10
  --- (21)                                     =           1
  --- (30)                                     =           0
  --- (35)                                     =           0
 WARNING: original distributed matrix is not allocated
 ** Rank of processor needing largest memory in solve     :       126
 ** Space in MBYTES used by this processor for solve      :       803
 ** Avg. Space in MBYTES per working proc during solve    :       421

 Leaving solve with ...
 Time to build/scatter RHS        =       0.002019
 Time in solution step (fwd/bwd)  =       0.150922
  .. Time in forward (fwd) step   =          0.077328
  .. Time in ScaLAPACK root       =          0.001490
  .. Time in backward (bwd) step  =          0.072084
 Time to gather solution(cent.sol)=       0.000000
 Time to copy/scale dist. solution=       0.000461

 Elapsed time in solve driver=       0.3087
   53 KSP Residual norm 4.173386228204e-03

Entering DMUMPS 5.6.2 from C interface with JOB, N =   3     1237277
      executing #MPI =    128 and #OMP =      2



 ****** SOLVE & CHECK STEP ********

 GLOBAL STATISTICS PRIOR SOLVE PHASE ...........
 Number of right-hand-sides                    =           1
 Blocking factor for multiple rhs              =           1
 ICNTL (9)                                     =           1
  --- (10)                                     =           0
  --- (11)                                     =           0
  --- (20)                                     =          10
  --- (21)                                     =           1
  --- (30)                                     =           0
  --- (35)                                     =           0
 WARNING: original distributed matrix is not allocated
 ** Rank of processor needing largest memory in solve     :       126
 ** Space in MBYTES used by this processor for solve      :       803
 ** Avg. Space in MBYTES per working proc during solve    :       421

 Leaving solve with ...
 Time to build/scatter RHS        =       0.001919
 Time in solution step (fwd/bwd)  =       0.150696
  .. Time in forward (fwd) step   =          0.076815
  .. Time in ScaLAPACK root       =          0.001497
  .. Time in backward (bwd) step  =          0.072362
 Time to gather solution(cent.sol)=       0.000000
 Time to copy/scale dist. solution=       0.000460

 Elapsed time in solve driver=       0.3068
   54 KSP Residual norm 3.529555731948e-03

Entering DMUMPS 5.6.2 from C interface with JOB, N =   3     1237277
      executing #MPI =    128 and #OMP =      2



 ****** SOLVE & CHECK STEP ********

 GLOBAL STATISTICS PRIOR SOLVE PHASE ...........
 Number of right-hand-sides                    =           1
 Blocking factor for multiple rhs              =           1
 ICNTL (9)                                     =           1
  --- (10)                                     =           0
  --- (11)                                     =           0
  --- (20)                                     =          10
  --- (21)                                     =           1
  --- (30)                                     =           0
  --- (35)                                     =           0
 WARNING: original distributed matrix is not allocated
 ** Rank of processor needing largest memory in solve     :       126
 ** Space in MBYTES used by this processor for solve      :       803
 ** Avg. Space in MBYTES per working proc during solve    :       421

 Leaving solve with ...
 Time to build/scatter RHS        =       0.065690
 Time in solution step (fwd/bwd)  =       0.152117
  .. Time in forward (fwd) step   =          0.077838
  .. Time in ScaLAPACK root       =          0.001516
  .. Time in backward (bwd) step  =          0.072742
 Time to gather solution(cent.sol)=       0.000000
 Time to copy/scale dist. solution=       0.000465

 Elapsed time in solve driver=       0.3751
   55 KSP Residual norm 2.842433101543e-03

Entering DMUMPS 5.6.2 from C interface with JOB, N =   3     1237277
      executing #MPI =    128 and #OMP =      2



 ****** SOLVE & CHECK STEP ********

 GLOBAL STATISTICS PRIOR SOLVE PHASE ...........
 Number of right-hand-sides                    =           1
 Blocking factor for multiple rhs              =           1
 ICNTL (9)                                     =           1
  --- (10)                                     =           0
  --- (11)                                     =           0
  --- (20)                                     =          10
  --- (21)                                     =           1
  --- (30)                                     =           0
  --- (35)                                     =           0
 WARNING: original distributed matrix is not allocated
 ** Rank of processor needing largest memory in solve     :       126
 ** Space in MBYTES used by this processor for solve      :       803
 ** Avg. Space in MBYTES per working proc during solve    :       421

 Leaving solve with ...
 Time to build/scatter RHS        =       0.009491
 Time in solution step (fwd/bwd)  =       0.156956
  .. Time in forward (fwd) step   =          0.082446
  .. Time in ScaLAPACK root       =          0.001478
  .. Time in backward (bwd) step  =          0.073012
 Time to gather solution(cent.sol)=       0.000000
 Time to copy/scale dist. solution=       0.000469

 Elapsed time in solve driver=       0.3184
   56 KSP Residual norm 2.309387902067e-03

Entering DMUMPS 5.6.2 from C interface with JOB, N =   3     1237277
      executing #MPI =    128 and #OMP =      2



 ****** SOLVE & CHECK STEP ********

 GLOBAL STATISTICS PRIOR SOLVE PHASE ...........
 Number of right-hand-sides                    =           1
 Blocking factor for multiple rhs              =           1
 ICNTL (9)                                     =           1
  --- (10)                                     =           0
  --- (11)                                     =           0
  --- (20)                                     =          10
  --- (21)                                     =           1
  --- (30)                                     =           0
  --- (35)                                     =           0
 WARNING: original distributed matrix is not allocated
 ** Rank of processor needing largest memory in solve     :       126
 ** Space in MBYTES used by this processor for solve      :       803
 ** Avg. Space in MBYTES per working proc during solve    :       421

 Leaving solve with ...
 Time to build/scatter RHS        =       0.051182
 Time in solution step (fwd/bwd)  =       0.151547
  .. Time in forward (fwd) step   =          0.077585
  .. Time in ScaLAPACK root       =          0.001492
  .. Time in backward (bwd) step  =          0.072441
 Time to gather solution(cent.sol)=       0.000000
 Time to copy/scale dist. solution=       0.000458

 Elapsed time in solve driver=       0.3572
   57 KSP Residual norm 1.927868428614e-03

Entering DMUMPS 5.6.2 from C interface with JOB, N =   3     1237277
      executing #MPI =    128 and #OMP =      2



 ****** SOLVE & CHECK STEP ********

 GLOBAL STATISTICS PRIOR SOLVE PHASE ...........
 Number of right-hand-sides                    =           1
 Blocking factor for multiple rhs              =           1
 ICNTL (9)                                     =           1
  --- (10)                                     =           0
  --- (11)                                     =           0
  --- (20)                                     =          10
  --- (21)                                     =           1
  --- (30)                                     =           0
  --- (35)                                     =           0
 WARNING: original distributed matrix is not allocated
 ** Rank of processor needing largest memory in solve     :       126
 ** Space in MBYTES used by this processor for solve      :       803
 ** Avg. Space in MBYTES per working proc during solve    :       421

 Leaving solve with ...
 Time to build/scatter RHS        =       0.022038
 Time in solution step (fwd/bwd)  =       0.153203
  .. Time in forward (fwd) step   =          0.077299
  .. Time in ScaLAPACK root       =          0.001593
  .. Time in backward (bwd) step  =          0.074287
 Time to gather solution(cent.sol)=       0.000000
 Time to copy/scale dist. solution=       0.000435

 Elapsed time in solve driver=       0.3289
   58 KSP Residual norm 1.720940816945e-03

Entering DMUMPS 5.6.2 from C interface with JOB, N =   3     1237277
      executing #MPI =    128 and #OMP =      2



 ****** SOLVE & CHECK STEP ********

 GLOBAL STATISTICS PRIOR SOLVE PHASE ...........
 Number of right-hand-sides                    =           1
 Blocking factor for multiple rhs              =           1
 ICNTL (9)                                     =           1
  --- (10)                                     =           0
  --- (11)                                     =           0
  --- (20)                                     =          10
  --- (21)                                     =           1
  --- (30)                                     =           0
  --- (35)                                     =           0
 WARNING: original distributed matrix is not allocated
 ** Rank of processor needing largest memory in solve     :       126
 ** Space in MBYTES used by this processor for solve      :       803
 ** Avg. Space in MBYTES per working proc during solve    :       421

 Leaving solve with ...
 Time to build/scatter RHS        =       0.001884
 Time in solution step (fwd/bwd)  =       0.152718
  .. Time in forward (fwd) step   =          0.078440
  .. Time in ScaLAPACK root       =          0.001505
  .. Time in backward (bwd) step  =          0.072753
 Time to gather solution(cent.sol)=       0.000000
 Time to copy/scale dist. solution=       0.000478

 Elapsed time in solve driver=       0.3079
   59 KSP Residual norm 1.644329892390e-03

Entering DMUMPS 5.6.2 from C interface with JOB, N =   3     1237277
      executing #MPI =    128 and #OMP =      2



 ****** SOLVE & CHECK STEP ********

 GLOBAL STATISTICS PRIOR SOLVE PHASE ...........
 Number of right-hand-sides                    =           1
 Blocking factor for multiple rhs              =           1
 ICNTL (9)                                     =           1
  --- (10)                                     =           0
  --- (11)                                     =           0
  --- (20)                                     =          10
  --- (21)                                     =           1
  --- (30)                                     =           0
  --- (35)                                     =           0
 WARNING: original distributed matrix is not allocated
 ** Rank of processor needing largest memory in solve     :       126
 ** Space in MBYTES used by this processor for solve      :       803
 ** Avg. Space in MBYTES per working proc during solve    :       421

 Leaving solve with ...
 Time to build/scatter RHS        =       0.049175
 Time in solution step (fwd/bwd)  =       0.191104
  .. Time in forward (fwd) step   =          0.117467
  .. Time in ScaLAPACK root       =          0.001463
  .. Time in backward (bwd) step  =          0.072151
 Time to gather solution(cent.sol)=       0.000000
 Time to copy/scale dist. solution=       0.000472

 Elapsed time in solve driver=       0.3978
   60 KSP Residual norm 1.531520842062e-03

Entering DMUMPS 5.6.2 from C interface with JOB, N =   3     1237277
      executing #MPI =    128 and #OMP =      2



 ****** SOLVE & CHECK STEP ********

 GLOBAL STATISTICS PRIOR SOLVE PHASE ...........
 Number of right-hand-sides                    =           1
 Blocking factor for multiple rhs              =           1
 ICNTL (9)                                     =           1
  --- (10)                                     =           0
  --- (11)                                     =           0
  --- (20)                                     =          10
  --- (21)                                     =           1
  --- (30)                                     =           0
  --- (35)                                     =           0
 WARNING: original distributed matrix is not allocated
 ** Rank of processor needing largest memory in solve     :       126
 ** Space in MBYTES used by this processor for solve      :       803
 ** Avg. Space in MBYTES per working proc during solve    :       421

 Leaving solve with ...
 Time to build/scatter RHS        =       0.005950
 Time in solution step (fwd/bwd)  =       0.153786
  .. Time in forward (fwd) step   =          0.078515
  .. Time in ScaLAPACK root       =          0.001500
  .. Time in backward (bwd) step  =          0.073753
 Time to gather solution(cent.sol)=       0.000000
 Time to copy/scale dist. solution=       0.000470

 Elapsed time in solve driver=       0.3122
   61 KSP Residual norm 1.320254684648e-03

Entering DMUMPS 5.6.2 from C interface with JOB, N =   3     1237277
      executing #MPI =    128 and #OMP =      2



 ****** SOLVE & CHECK STEP ********

 GLOBAL STATISTICS PRIOR SOLVE PHASE ...........
 Number of right-hand-sides                    =           1
 Blocking factor for multiple rhs              =           1
 ICNTL (9)                                     =           1
  --- (10)                                     =           0
  --- (11)                                     =           0
  --- (20)                                     =          10
  --- (21)                                     =           1
  --- (30)                                     =           0
  --- (35)                                     =           0
 WARNING: original distributed matrix is not allocated
 ** Rank of processor needing largest memory in solve     :       126
 ** Space in MBYTES used by this processor for solve      :       803
 ** Avg. Space in MBYTES per working proc during solve    :       421

 Leaving solve with ...
 Time to build/scatter RHS        =       0.003221
 Time in solution step (fwd/bwd)  =       0.153271
  .. Time in forward (fwd) step   =          0.079794
  .. Time in ScaLAPACK root       =          0.001523
  .. Time in backward (bwd) step  =          0.071934
 Time to gather solution(cent.sol)=       0.000000
 Time to copy/scale dist. solution=       0.000450

 Elapsed time in solve driver=       0.3123
   62 KSP Residual norm 1.073638119004e-03

Entering DMUMPS 5.6.2 from C interface with JOB, N =   3     1237277
      executing #MPI =    128 and #OMP =      2



 ****** SOLVE & CHECK STEP ********

 GLOBAL STATISTICS PRIOR SOLVE PHASE ...........
 Number of right-hand-sides                    =           1
 Blocking factor for multiple rhs              =           1
 ICNTL (9)                                     =           1
  --- (10)                                     =           0
  --- (11)                                     =           0
  --- (20)                                     =          10
  --- (21)                                     =           1
  --- (30)                                     =           0
  --- (35)                                     =           0
 WARNING: original distributed matrix is not allocated
 ** Rank of processor needing largest memory in solve     :       126
 ** Space in MBYTES used by this processor for solve      :       803
 ** Avg. Space in MBYTES per working proc during solve    :       421

 Leaving solve with ...
 Time to build/scatter RHS        =       0.002090
 Time in solution step (fwd/bwd)  =       0.151693
  .. Time in forward (fwd) step   =          0.078613
  .. Time in ScaLAPACK root       =          0.001484
  .. Time in backward (bwd) step  =          0.071577
 Time to gather solution(cent.sol)=       0.000000
 Time to copy/scale dist. solution=       0.000471

 Elapsed time in solve driver=       0.3081
   63 KSP Residual norm 8.104383595358e-04

Entering DMUMPS 5.6.2 from C interface with JOB, N =   3     1237277
      executing #MPI =    128 and #OMP =      2



 ****** SOLVE & CHECK STEP ********

 GLOBAL STATISTICS PRIOR SOLVE PHASE ...........
 Number of right-hand-sides                    =           1
 Blocking factor for multiple rhs              =           1
 ICNTL (9)                                     =           1
  --- (10)                                     =           0
  --- (11)                                     =           0
  --- (20)                                     =          10
  --- (21)                                     =           1
  --- (30)                                     =           0
  --- (35)                                     =           0
 WARNING: original distributed matrix is not allocated
 ** Rank of processor needing largest memory in solve     :       126
 ** Space in MBYTES used by this processor for solve      :       803
 ** Avg. Space in MBYTES per working proc during solve    :       421

 Leaving solve with ...
 Time to build/scatter RHS        =       0.001921
 Time in solution step (fwd/bwd)  =       0.152177
  .. Time in forward (fwd) step   =          0.077862
  .. Time in ScaLAPACK root       =          0.001501
  .. Time in backward (bwd) step  =          0.072779
 Time to gather solution(cent.sol)=       0.000000
 Time to copy/scale dist. solution=       0.000500

 Elapsed time in solve driver=       0.3088
   64 KSP Residual norm 6.921981289051e-04

Entering DMUMPS 5.6.2 from C interface with JOB, N =   3     1237277
      executing #MPI =    128 and #OMP =      2



 ****** SOLVE & CHECK STEP ********

 GLOBAL STATISTICS PRIOR SOLVE PHASE ...........
 Number of right-hand-sides                    =           1
 Blocking factor for multiple rhs              =           1
 ICNTL (9)                                     =           1
  --- (10)                                     =           0
  --- (11)                                     =           0
  --- (20)                                     =          10
  --- (21)                                     =           1
  --- (30)                                     =           0
  --- (35)                                     =           0
 WARNING: original distributed matrix is not allocated
 ** Rank of processor needing largest memory in solve     :       126
 ** Space in MBYTES used by this processor for solve      :       803
 ** Avg. Space in MBYTES per working proc during solve    :       421

 Leaving solve with ...
 Time to build/scatter RHS        =       0.001941
 Time in solution step (fwd/bwd)  =       0.153050
  .. Time in forward (fwd) step   =          0.078609
  .. Time in ScaLAPACK root       =          0.001487
  .. Time in backward (bwd) step  =          0.072907
 Time to gather solution(cent.sol)=       0.000000
 Time to copy/scale dist. solution=       0.000439

 Elapsed time in solve driver=       0.3120
   65 KSP Residual norm 6.349105198050e-04

Entering DMUMPS 5.6.2 from C interface with JOB, N =   3     1237277
      executing #MPI =    128 and #OMP =      2



 ****** SOLVE & CHECK STEP ********

 GLOBAL STATISTICS PRIOR SOLVE PHASE ...........
 Number of right-hand-sides                    =           1
 Blocking factor for multiple rhs              =           1
 ICNTL (9)                                     =           1
  --- (10)                                     =           0
  --- (11)                                     =           0
  --- (20)                                     =          10
  --- (21)                                     =           1
  --- (30)                                     =           0
  --- (35)                                     =           0
 WARNING: original distributed matrix is not allocated
 ** Rank of processor needing largest memory in solve     :       126
 ** Space in MBYTES used by this processor for solve      :       803
 ** Avg. Space in MBYTES per working proc during solve    :       421

 Leaving solve with ...
 Time to build/scatter RHS        =       0.001847
 Time in solution step (fwd/bwd)  =       0.153051
  .. Time in forward (fwd) step   =          0.078857
  .. Time in ScaLAPACK root       =          0.001507
  .. Time in backward (bwd) step  =          0.072666
 Time to gather solution(cent.sol)=       0.000000
 Time to copy/scale dist. solution=       0.000449

 Elapsed time in solve driver=       0.3419
   66 KSP Residual norm 5.821847626399e-04

Entering DMUMPS 5.6.2 from C interface with JOB, N =   3     1237277
      executing #MPI =    128 and #OMP =      2



 ****** SOLVE & CHECK STEP ********

 GLOBAL STATISTICS PRIOR SOLVE PHASE ...........
 Number of right-hand-sides                    =           1
 Blocking factor for multiple rhs              =           1
 ICNTL (9)                                     =           1
  --- (10)                                     =           0
  --- (11)                                     =           0
  --- (20)                                     =          10
  --- (21)                                     =           1
  --- (30)                                     =           0
  --- (35)                                     =           0
 WARNING: original distributed matrix is not allocated
 ** Rank of processor needing largest memory in solve     :       126
 ** Space in MBYTES used by this processor for solve      :       803
 ** Avg. Space in MBYTES per working proc during solve    :       421

 Leaving solve with ...
 Time to build/scatter RHS        =       0.001885
 Time in solution step (fwd/bwd)  =       0.152522
  .. Time in forward (fwd) step   =          0.078347
  .. Time in ScaLAPACK root       =          0.001473
  .. Time in backward (bwd) step  =          0.072682
 Time to gather solution(cent.sol)=       0.000000
 Time to copy/scale dist. solution=       0.000463

 Elapsed time in solve driver=       0.3093
   67 KSP Residual norm 5.424684795995e-04

Entering DMUMPS 5.6.2 from C interface with JOB, N =   3     1237277
      executing #MPI =    128 and #OMP =      2



 ****** SOLVE & CHECK STEP ********

 GLOBAL STATISTICS PRIOR SOLVE PHASE ...........
 Number of right-hand-sides                    =           1
 Blocking factor for multiple rhs              =           1
 ICNTL (9)                                     =           1
  --- (10)                                     =           0
  --- (11)                                     =           0
  --- (20)                                     =          10
  --- (21)                                     =           1
  --- (30)                                     =           0
  --- (35)                                     =           0
 WARNING: original distributed matrix is not allocated
 ** Rank of processor needing largest memory in solve     :       126
 ** Space in MBYTES used by this processor for solve      :       803
 ** Avg. Space in MBYTES per working proc during solve    :       421

 Leaving solve with ...
 Time to build/scatter RHS        =       0.001884
 Time in solution step (fwd/bwd)  =       0.151850
  .. Time in forward (fwd) step   =          0.078696
  .. Time in ScaLAPACK root       =          0.001469
  .. Time in backward (bwd) step  =          0.071667
 Time to gather solution(cent.sol)=       0.000000
 Time to copy/scale dist. solution=       0.000466

 Elapsed time in solve driver=       0.3082
   68 KSP Residual norm 4.999585360851e-04

Entering DMUMPS 5.6.2 from C interface with JOB, N =   3     1237277
      executing #MPI =    128 and #OMP =      2



 ****** SOLVE & CHECK STEP ********

 GLOBAL STATISTICS PRIOR SOLVE PHASE ...........
 Number of right-hand-sides                    =           1
 Blocking factor for multiple rhs              =           1
 ICNTL (9)                                     =           1
  --- (10)                                     =           0
  --- (11)                                     =           0
  --- (20)                                     =          10
  --- (21)                                     =           1
  --- (30)                                     =           0
  --- (35)                                     =           0
 WARNING: original distributed matrix is not allocated
 ** Rank of processor needing largest memory in solve     :       126
 ** Space in MBYTES used by this processor for solve      :       803
 ** Avg. Space in MBYTES per working proc during solve    :       421

 Leaving solve with ...
 Time to build/scatter RHS        =       0.001867
 Time in solution step (fwd/bwd)  =       0.151851
  .. Time in forward (fwd) step   =          0.078692
  .. Time in ScaLAPACK root       =          0.001461
  .. Time in backward (bwd) step  =          0.071679
 Time to gather solution(cent.sol)=       0.000000
 Time to copy/scale dist. solution=       0.000477

 Elapsed time in solve driver=       0.3109
   69 KSP Residual norm 4.576971775457e-04

Entering DMUMPS 5.6.2 from C interface with JOB, N =   3     1237277
      executing #MPI =    128 and #OMP =      2



 ****** SOLVE & CHECK STEP ********

 GLOBAL STATISTICS PRIOR SOLVE PHASE ...........
 Number of right-hand-sides                    =           1
 Blocking factor for multiple rhs              =           1
 ICNTL (9)                                     =           1
  --- (10)                                     =           0
  --- (11)                                     =           0
  --- (20)                                     =          10
  --- (21)                                     =           1
  --- (30)                                     =           0
  --- (35)                                     =           0
 WARNING: original distributed matrix is not allocated
 ** Rank of processor needing largest memory in solve     :       126
 ** Space in MBYTES used by this processor for solve      :       803
 ** Avg. Space in MBYTES per working proc during solve    :       421

 Leaving solve with ...
 Time to build/scatter RHS        =       0.001908
 Time in solution step (fwd/bwd)  =       0.151121
  .. Time in forward (fwd) step   =          0.077355
  .. Time in ScaLAPACK root       =          0.001493
  .. Time in backward (bwd) step  =          0.072255
 Time to gather solution(cent.sol)=       0.000000
 Time to copy/scale dist. solution=       0.000446

 Elapsed time in solve driver=       0.3085
   70 KSP Residual norm 4.261406639780e-04

Entering DMUMPS 5.6.2 from C interface with JOB, N =   3     1237277
      executing #MPI =    128 and #OMP =      2



 ****** SOLVE & CHECK STEP ********

 GLOBAL STATISTICS PRIOR SOLVE PHASE ...........
 Number of right-hand-sides                    =           1
 Blocking factor for multiple rhs              =           1
 ICNTL (9)                                     =           1
  --- (10)                                     =           0
  --- (11)                                     =           0
  --- (20)                                     =          10
  --- (21)                                     =           1
  --- (30)                                     =           0
  --- (35)                                     =           0
 WARNING: original distributed matrix is not allocated
 ** Rank of processor needing largest memory in solve     :       126
 ** Space in MBYTES used by this processor for solve      :       803
 ** Avg. Space in MBYTES per working proc during solve    :       421

 Leaving solve with ...
 Time to build/scatter RHS        =       0.001874
 Time in solution step (fwd/bwd)  =       0.152653
  .. Time in forward (fwd) step   =          0.078455
  .. Time in ScaLAPACK root       =          0.001517
  .. Time in backward (bwd) step  =          0.072652
 Time to gather solution(cent.sol)=       0.000000
 Time to copy/scale dist. solution=       0.000470

 Elapsed time in solve driver=       0.3071
   71 KSP Residual norm 4.026333931423e-04

Entering DMUMPS 5.6.2 from C interface with JOB, N =   3     1237277
      executing #MPI =    128 and #OMP =      2



 ****** SOLVE & CHECK STEP ********

 GLOBAL STATISTICS PRIOR SOLVE PHASE ...........
 Number of right-hand-sides                    =           1
 Blocking factor for multiple rhs              =           1
 ICNTL (9)                                     =           1
  --- (10)                                     =           0
  --- (11)                                     =           0
  --- (20)                                     =          10
  --- (21)                                     =           1
  --- (30)                                     =           0
  --- (35)                                     =           0
 WARNING: original distributed matrix is not allocated
 ** Rank of processor needing largest memory in solve     :       126
 ** Space in MBYTES used by this processor for solve      :       803
 ** Avg. Space in MBYTES per working proc during solve    :       421

 Leaving solve with ...
 Time to build/scatter RHS        =       0.001875
 Time in solution step (fwd/bwd)  =       0.152614
  .. Time in forward (fwd) step   =          0.079389
  .. Time in ScaLAPACK root       =          0.001458
  .. Time in backward (bwd) step  =          0.071749
 Time to gather solution(cent.sol)=       0.000000
 Time to copy/scale dist. solution=       0.000451

 Elapsed time in solve driver=       0.3113
   72 KSP Residual norm 3.759938391632e-04

Entering DMUMPS 5.6.2 from C interface with JOB, N =   3     1237277
      executing #MPI =    128 and #OMP =      2



 ****** SOLVE & CHECK STEP ********

 GLOBAL STATISTICS PRIOR SOLVE PHASE ...........
 Number of right-hand-sides                    =           1
 Blocking factor for multiple rhs              =           1
 ICNTL (9)                                     =           1
  --- (10)                                     =           0
  --- (11)                                     =           0
  --- (20)                                     =          10
  --- (21)                                     =           1
  --- (30)                                     =           0
  --- (35)                                     =           0
 WARNING: original distributed matrix is not allocated
 ** Rank of processor needing largest memory in solve     :       126
 ** Space in MBYTES used by this processor for solve      :       803
 ** Avg. Space in MBYTES per working proc during solve    :       421

 Leaving solve with ...
 Time to build/scatter RHS        =       0.002095
 Time in solution step (fwd/bwd)  =       0.152693
  .. Time in forward (fwd) step   =          0.078465
  .. Time in ScaLAPACK root       =          0.001508
  .. Time in backward (bwd) step  =          0.072699
 Time to gather solution(cent.sol)=       0.000000
 Time to copy/scale dist. solution=       0.000444

 Elapsed time in solve driver=       0.3113
   73 KSP Residual norm 3.270634215465e-04

Entering DMUMPS 5.6.2 from C interface with JOB, N =   3     1237277
      executing #MPI =    128 and #OMP =      2



 ****** SOLVE & CHECK STEP ********

 GLOBAL STATISTICS PRIOR SOLVE PHASE ...........
 Number of right-hand-sides                    =           1
 Blocking factor for multiple rhs              =           1
 ICNTL (9)                                     =           1
  --- (10)                                     =           0
  --- (11)                                     =           0
  --- (20)                                     =          10
  --- (21)                                     =           1
  --- (30)                                     =           0
  --- (35)                                     =           0
 WARNING: original distributed matrix is not allocated
 ** Rank of processor needing largest memory in solve     :       126
 ** Space in MBYTES used by this processor for solve      :       803
 ** Avg. Space in MBYTES per working proc during solve    :       421

 Leaving solve with ...
 Time to build/scatter RHS        =       0.001920
 Time in solution step (fwd/bwd)  =       0.151835
  .. Time in forward (fwd) step   =          0.077671
  .. Time in ScaLAPACK root       =          0.001511
  .. Time in backward (bwd) step  =          0.072635
 Time to gather solution(cent.sol)=       0.000000
 Time to copy/scale dist. solution=       0.000468

 Elapsed time in solve driver=       0.3054
   74 KSP Residual norm 2.794676973763e-04

Entering DMUMPS 5.6.2 from C interface with JOB, N =   3     1237277
      executing #MPI =    128 and #OMP =      2



 ****** SOLVE & CHECK STEP ********

 GLOBAL STATISTICS PRIOR SOLVE PHASE ...........
 Number of right-hand-sides                    =           1
 Blocking factor for multiple rhs              =           1
 ICNTL (9)                                     =           1
  --- (10)                                     =           0
  --- (11)                                     =           0
  --- (20)                                     =          10
  --- (21)                                     =           1
  --- (30)                                     =           0
  --- (35)                                     =           0
 WARNING: original distributed matrix is not allocated
 ** Rank of processor needing largest memory in solve     :       126
 ** Space in MBYTES used by this processor for solve      :       803
 ** Avg. Space in MBYTES per working proc during solve    :       421

 Leaving solve with ...
 Time to build/scatter RHS        =       0.001911
 Time in solution step (fwd/bwd)  =       0.151962
  .. Time in forward (fwd) step   =          0.078751
  .. Time in ScaLAPACK root       =          0.001471
  .. Time in backward (bwd) step  =          0.071718
 Time to gather solution(cent.sol)=       0.000000
 Time to copy/scale dist. solution=       0.000455

 Elapsed time in solve driver=       0.3081
   75 KSP Residual norm 2.518094288816e-04

Entering DMUMPS 5.6.2 from C interface with JOB, N =   3     1237277
      executing #MPI =    128 and #OMP =      2



 ****** SOLVE & CHECK STEP ********

 GLOBAL STATISTICS PRIOR SOLVE PHASE ...........
 Number of right-hand-sides                    =           1
 Blocking factor for multiple rhs              =           1
 ICNTL (9)                                     =           1
  --- (10)                                     =           0
  --- (11)                                     =           0
  --- (20)                                     =          10
  --- (21)                                     =           1
  --- (30)                                     =           0
  --- (35)                                     =           0
 WARNING: original distributed matrix is not allocated
 ** Rank of processor needing largest memory in solve     :       126
 ** Space in MBYTES used by this processor for solve      :       803
 ** Avg. Space in MBYTES per working proc during solve    :       421

 Leaving solve with ...
 Time to build/scatter RHS        =       0.001872
 Time in solution step (fwd/bwd)  =       0.152095
  .. Time in forward (fwd) step   =          0.077642
  .. Time in ScaLAPACK root       =          0.001478
  .. Time in backward (bwd) step  =          0.072954
 Time to gather solution(cent.sol)=       0.000000
 Time to copy/scale dist. solution=       0.000460

 Elapsed time in solve driver=       0.3020
   76 KSP Residual norm 2.239817122927e-04

Entering DMUMPS 5.6.2 from C interface with JOB, N =   3     1237277
      executing #MPI =    128 and #OMP =      2



 ****** SOLVE & CHECK STEP ********

 GLOBAL STATISTICS PRIOR SOLVE PHASE ...........
 Number of right-hand-sides                    =           1
 Blocking factor for multiple rhs              =           1
 ICNTL (9)                                     =           1
  --- (10)                                     =           0
  --- (11)                                     =           0
  --- (20)                                     =          10
  --- (21)                                     =           1
  --- (30)                                     =           0
  --- (35)                                     =           0
 WARNING: original distributed matrix is not allocated
 ** Rank of processor needing largest memory in solve     :       126
 ** Space in MBYTES used by this processor for solve      :       803
 ** Avg. Space in MBYTES per working proc during solve    :       421

 Leaving solve with ...
 Time to build/scatter RHS        =       0.001861
 Time in solution step (fwd/bwd)  =       0.151652
  .. Time in forward (fwd) step   =          0.077814
  .. Time in ScaLAPACK root       =          0.001498
  .. Time in backward (bwd) step  =          0.072321
 Time to gather solution(cent.sol)=       0.000000
 Time to copy/scale dist. solution=       0.000455

 Elapsed time in solve driver=       0.3082
   77 KSP Residual norm 2.048926086065e-04

Entering DMUMPS 5.6.2 from C interface with JOB, N =   3     1237277
      executing #MPI =    128 and #OMP =      2



 ****** SOLVE & CHECK STEP ********

 GLOBAL STATISTICS PRIOR SOLVE PHASE ...........
 Number of right-hand-sides                    =           1
 Blocking factor for multiple rhs              =           1
 ICNTL (9)                                     =           1
  --- (10)                                     =           0
  --- (11)                                     =           0
  --- (20)                                     =          10
  --- (21)                                     =           1
  --- (30)                                     =           0
  --- (35)                                     =           0
 WARNING: original distributed matrix is not allocated
 ** Rank of processor needing largest memory in solve     :       126
 ** Space in MBYTES used by this processor for solve      :       803
 ** Avg. Space in MBYTES per working proc during solve    :       421

 Leaving solve with ...
 Time to build/scatter RHS        =       0.001967
 Time in solution step (fwd/bwd)  =       0.151087
  .. Time in forward (fwd) step   =          0.077914
  .. Time in ScaLAPACK root       =          0.001479
  .. Time in backward (bwd) step  =          0.071662
 Time to gather solution(cent.sol)=       0.000000
 Time to copy/scale dist. solution=       0.000453

 Elapsed time in solve driver=       0.3072
   78 KSP Residual norm 1.802367664681e-04

Entering DMUMPS 5.6.2 from C interface with JOB, N =   3     1237277
      executing #MPI =    128 and #OMP =      2



 ****** SOLVE & CHECK STEP ********

 GLOBAL STATISTICS PRIOR SOLVE PHASE ...........
 Number of right-hand-sides                    =           1
 Blocking factor for multiple rhs              =           1
 ICNTL (9)                                     =           1
  --- (10)                                     =           0
  --- (11)                                     =           0
  --- (20)                                     =          10
  --- (21)                                     =           1
  --- (30)                                     =           0
  --- (35)                                     =           0
 WARNING: original distributed matrix is not allocated
 ** Rank of processor needing largest memory in solve     :       126
 ** Space in MBYTES used by this processor for solve      :       803
 ** Avg. Space in MBYTES per working proc during solve    :       421

 Leaving solve with ...
 Time to build/scatter RHS        =       0.001844
 Time in solution step (fwd/bwd)  =       0.152169
  .. Time in forward (fwd) step   =          0.078501
  .. Time in ScaLAPACK root       =          0.001473
  .. Time in backward (bwd) step  =          0.072175
 Time to gather solution(cent.sol)=       0.000000
 Time to copy/scale dist. solution=       0.000462

 Elapsed time in solve driver=       0.3060
   79 KSP Residual norm 1.575353189326e-04

Entering DMUMPS 5.6.2 from C interface with JOB, N =   3     1237277
      executing #MPI =    128 and #OMP =      2



 ****** SOLVE & CHECK STEP ********

 GLOBAL STATISTICS PRIOR SOLVE PHASE ...........
 Number of right-hand-sides                    =           1
 Blocking factor for multiple rhs              =           1
 ICNTL (9)                                     =           1
  --- (10)                                     =           0
  --- (11)                                     =           0
  --- (20)                                     =          10
  --- (21)                                     =           1
  --- (30)                                     =           0
  --- (35)                                     =           0
 WARNING: original distributed matrix is not allocated
 ** Rank of processor needing largest memory in solve     :       126
 ** Space in MBYTES used by this processor for solve      :       803
 ** Avg. Space in MBYTES per working proc during solve    :       421

 Leaving solve with ...
 Time to build/scatter RHS        =       0.001860
 Time in solution step (fwd/bwd)  =       0.153234
  .. Time in forward (fwd) step   =          0.077952
  .. Time in ScaLAPACK root       =          0.001505
  .. Time in backward (bwd) step  =          0.073758
 Time to gather solution(cent.sol)=       0.000000
 Time to copy/scale dist. solution=       0.000447

 Elapsed time in solve driver=       0.3106
   80 KSP Residual norm 1.329486130822e-04

Entering DMUMPS 5.6.2 from C interface with JOB, N =   3     1237277
      executing #MPI =    128 and #OMP =      2



 ****** SOLVE & CHECK STEP ********

 GLOBAL STATISTICS PRIOR SOLVE PHASE ...........
 Number of right-hand-sides                    =           1
 Blocking factor for multiple rhs              =           1
 ICNTL (9)                                     =           1
  --- (10)                                     =           0
  --- (11)                                     =           0
  --- (20)                                     =          10
  --- (21)                                     =           1
  --- (30)                                     =           0
  --- (35)                                     =           0
 WARNING: original distributed matrix is not allocated
 ** Rank of processor needing largest memory in solve     :       126
 ** Space in MBYTES used by this processor for solve      :       803
 ** Avg. Space in MBYTES per working proc during solve    :       421

 Leaving solve with ...
 Time to build/scatter RHS        =       0.001907
 Time in solution step (fwd/bwd)  =       0.152165
  .. Time in forward (fwd) step   =          0.078098
  .. Time in ScaLAPACK root       =          0.001455
  .. Time in backward (bwd) step  =          0.072592
 Time to gather solution(cent.sol)=       0.000000
 Time to copy/scale dist. solution=       0.000462

 Elapsed time in solve driver=       0.3063
   81 KSP Residual norm 1.121654732493e-04

Entering DMUMPS 5.6.2 from C interface with JOB, N =   3     1237277
      executing #MPI =    128 and #OMP =      2



 ****** SOLVE & CHECK STEP ********

 GLOBAL STATISTICS PRIOR SOLVE PHASE ...........
 Number of right-hand-sides                    =           1
 Blocking factor for multiple rhs              =           1
 ICNTL (9)                                     =           1
  --- (10)                                     =           0
  --- (11)                                     =           0
  --- (20)                                     =          10
  --- (21)                                     =           1
  --- (30)                                     =           0
  --- (35)                                     =           0
 WARNING: original distributed matrix is not allocated
 ** Rank of processor needing largest memory in solve     :       126
 ** Space in MBYTES used by this processor for solve      :       803
 ** Avg. Space in MBYTES per working proc during solve    :       421

 Leaving solve with ...
 Time to build/scatter RHS        =       0.001914
 Time in solution step (fwd/bwd)  =       0.152437
  .. Time in forward (fwd) step   =          0.078404
  .. Time in ScaLAPACK root       =          0.001482
  .. Time in backward (bwd) step  =          0.072533
 Time to gather solution(cent.sol)=       0.000000
 Time to copy/scale dist. solution=       0.000467

 Elapsed time in solve driver=       0.3117
   82 KSP Residual norm 9.456837558545e-05

Entering DMUMPS 5.6.2 from C interface with JOB, N =   3     1237277
      executing #MPI =    128 and #OMP =      2



 ****** SOLVE & CHECK STEP ********

 GLOBAL STATISTICS PRIOR SOLVE PHASE ...........
 Number of right-hand-sides                    =           1
 Blocking factor for multiple rhs              =           1
 ICNTL (9)                                     =           1
  --- (10)                                     =           0
  --- (11)                                     =           0
  --- (20)                                     =          10
  --- (21)                                     =           1
  --- (30)                                     =           0
  --- (35)                                     =           0
 WARNING: original distributed matrix is not allocated
 ** Rank of processor needing largest memory in solve     :       126
 ** Space in MBYTES used by this processor for solve      :       803
 ** Avg. Space in MBYTES per working proc during solve    :       421

 Leaving solve with ...
 Time to build/scatter RHS        =       0.002096
 Time in solution step (fwd/bwd)  =       0.152122
  .. Time in forward (fwd) step   =          0.078196
  .. Time in ScaLAPACK root       =          0.001474
  .. Time in backward (bwd) step  =          0.072434
 Time to gather solution(cent.sol)=       0.000000
 Time to copy/scale dist. solution=       0.000450

 Elapsed time in solve driver=       0.3009
   83 KSP Residual norm 8.183906517835e-05

Entering DMUMPS 5.6.2 from C interface with JOB, N =   3     1237277
      executing #MPI =    128 and #OMP =      2



 ****** SOLVE & CHECK STEP ********

 GLOBAL STATISTICS PRIOR SOLVE PHASE ...........
 Number of right-hand-sides                    =           1
 Blocking factor for multiple rhs              =           1
 ICNTL (9)                                     =           1
  --- (10)                                     =           0
  --- (11)                                     =           0
  --- (20)                                     =          10
  --- (21)                                     =           1
  --- (30)                                     =           0
  --- (35)                                     =           0
 WARNING: original distributed matrix is not allocated
 ** Rank of processor needing largest memory in solve     :       126
 ** Space in MBYTES used by this processor for solve      :       803
 ** Avg. Space in MBYTES per working proc during solve    :       421

 Leaving solve with ...
 Time to build/scatter RHS        =       0.001869
 Time in solution step (fwd/bwd)  =       0.152586
  .. Time in forward (fwd) step   =          0.077980
  .. Time in ScaLAPACK root       =          0.001481
  .. Time in backward (bwd) step  =          0.073103
 Time to gather solution(cent.sol)=       0.000000
 Time to copy/scale dist. solution=       0.000451

 Elapsed time in solve driver=       0.3067
   84 KSP Residual norm 6.936997577708e-05

Entering DMUMPS 5.6.2 from C interface with JOB, N =   3     1237277
      executing #MPI =    128 and #OMP =      2



 ****** SOLVE & CHECK STEP ********

 GLOBAL STATISTICS PRIOR SOLVE PHASE ...........
 Number of right-hand-sides                    =           1
 Blocking factor for multiple rhs              =           1
 ICNTL (9)                                     =           1
  --- (10)                                     =           0
  --- (11)                                     =           0
  --- (20)                                     =          10
  --- (21)                                     =           1
  --- (30)                                     =           0
  --- (35)                                     =           0
 WARNING: original distributed matrix is not allocated
 ** Rank of processor needing largest memory in solve     :       126
 ** Space in MBYTES used by this processor for solve      :       803
 ** Avg. Space in MBYTES per working proc during solve    :       421

 Leaving solve with ...
 Time to build/scatter RHS        =       0.001864
 Time in solution step (fwd/bwd)  =       0.152703
  .. Time in forward (fwd) step   =          0.078543
  .. Time in ScaLAPACK root       =          0.001473
  .. Time in backward (bwd) step  =          0.072657
 Time to gather solution(cent.sol)=       0.000000
 Time to copy/scale dist. solution=       0.000480

 Elapsed time in solve driver=       0.3086
   85 KSP Residual norm 5.967355752627e-05

Entering DMUMPS 5.6.2 from C interface with JOB, N =   3     1237277
      executing #MPI =    128 and #OMP =      2



 ****** SOLVE & CHECK STEP ********

 GLOBAL STATISTICS PRIOR SOLVE PHASE ...........
 Number of right-hand-sides                    =           1
 Blocking factor for multiple rhs              =           1
 ICNTL (9)                                     =           1
  --- (10)                                     =           0
  --- (11)                                     =           0
  --- (20)                                     =          10
  --- (21)                                     =           1
  --- (30)                                     =           0
  --- (35)                                     =           0
 WARNING: original distributed matrix is not allocated
 ** Rank of processor needing largest memory in solve     :       126
 ** Space in MBYTES used by this processor for solve      :       803
 ** Avg. Space in MBYTES per working proc during solve    :       421

 Leaving solve with ...
 Time to build/scatter RHS        =       0.001877
 Time in solution step (fwd/bwd)  =       0.151797
  .. Time in forward (fwd) step   =          0.078760
  .. Time in ScaLAPACK root       =          0.001464
  .. Time in backward (bwd) step  =          0.071554
 Time to gather solution(cent.sol)=       0.000000
 Time to copy/scale dist. solution=       0.000467

 Elapsed time in solve driver=       0.3042
   86 KSP Residual norm 5.037629804186e-05

Entering DMUMPS 5.6.2 from C interface with JOB, N =   3     1237277
      executing #MPI =    128 and #OMP =      2



 ****** SOLVE & CHECK STEP ********

 GLOBAL STATISTICS PRIOR SOLVE PHASE ...........
 Number of right-hand-sides                    =           1
 Blocking factor for multiple rhs              =           1
 ICNTL (9)                                     =           1
  --- (10)                                     =           0
  --- (11)                                     =           0
  --- (20)                                     =          10
  --- (21)                                     =           1
  --- (30)                                     =           0
  --- (35)                                     =           0
 WARNING: original distributed matrix is not allocated
 ** Rank of processor needing largest memory in solve     :       126
 ** Space in MBYTES used by this processor for solve      :       803
 ** Avg. Space in MBYTES per working proc during solve    :       421

 Leaving solve with ...
 Time to build/scatter RHS        =       0.002040
 Time in solution step (fwd/bwd)  =       0.152249
  .. Time in forward (fwd) step   =          0.078370
  .. Time in ScaLAPACK root       =          0.001489
  .. Time in backward (bwd) step  =          0.072371
 Time to gather solution(cent.sol)=       0.000000
 Time to copy/scale dist. solution=       0.000463

 Elapsed time in solve driver=       0.3076
   87 KSP Residual norm 3.977152923638e-05

Entering DMUMPS 5.6.2 from C interface with JOB, N =   3     1237277
      executing #MPI =    128 and #OMP =      2



 ****** SOLVE & CHECK STEP ********

 GLOBAL STATISTICS PRIOR SOLVE PHASE ...........
 Number of right-hand-sides                    =           1
 Blocking factor for multiple rhs              =           1
 ICNTL (9)                                     =           1
  --- (10)                                     =           0
  --- (11)                                     =           0
  --- (20)                                     =          10
  --- (21)                                     =           1
  --- (30)                                     =           0
  --- (35)                                     =           0
 WARNING: original distributed matrix is not allocated
 ** Rank of processor needing largest memory in solve     :       126
 ** Space in MBYTES used by this processor for solve      :       803
 ** Avg. Space in MBYTES per working proc during solve    :       421

 Leaving solve with ...
 Time to build/scatter RHS        =       0.001900
 Time in solution step (fwd/bwd)  =       0.153092
  .. Time in forward (fwd) step   =          0.078370
  .. Time in ScaLAPACK root       =          0.001499
  .. Time in backward (bwd) step  =          0.073205
 Time to gather solution(cent.sol)=       0.000000
 Time to copy/scale dist. solution=       0.000445

 Elapsed time in solve driver=       0.3019
   88 KSP Residual norm 3.060844055982e-05

Entering DMUMPS 5.6.2 from C interface with JOB, N =   3     1237277
      executing #MPI =    128 and #OMP =      2



 ****** SOLVE & CHECK STEP ********

 GLOBAL STATISTICS PRIOR SOLVE PHASE ...........
 Number of right-hand-sides                    =           1
 Blocking factor for multiple rhs              =           1
 ICNTL (9)                                     =           1
  --- (10)                                     =           0
  --- (11)                                     =           0
  --- (20)                                     =          10
  --- (21)                                     =           1
  --- (30)                                     =           0
  --- (35)                                     =           0
 WARNING: original distributed matrix is not allocated
 ** Rank of processor needing largest memory in solve     :       126
 ** Space in MBYTES used by this processor for solve      :       803
 ** Avg. Space in MBYTES per working proc during solve    :       421

 Leaving solve with ...
 Time to build/scatter RHS        =       0.001884
 Time in solution step (fwd/bwd)  =       0.152557
  .. Time in forward (fwd) step   =          0.078546
  .. Time in ScaLAPACK root       =          0.001511
  .. Time in backward (bwd) step  =          0.072475
 Time to gather solution(cent.sol)=       0.000000
 Time to copy/scale dist. solution=       0.000444

 Elapsed time in solve driver=       0.3028
   89 KSP Residual norm 2.354693306030e-05

Entering DMUMPS 5.6.2 from C interface with JOB, N =   3     1237277
      executing #MPI =    128 and #OMP =      2



 ****** SOLVE & CHECK STEP ********

 GLOBAL STATISTICS PRIOR SOLVE PHASE ...........
 Number of right-hand-sides                    =           1
 Blocking factor for multiple rhs              =           1
 ICNTL (9)                                     =           1
  --- (10)                                     =           0
  --- (11)                                     =           0
  --- (20)                                     =          10
  --- (21)                                     =           1
  --- (30)                                     =           0
  --- (35)                                     =           0
 WARNING: original distributed matrix is not allocated
 ** Rank of processor needing largest memory in solve     :       126
 ** Space in MBYTES used by this processor for solve      :       803
 ** Avg. Space in MBYTES per working proc during solve    :       421

 Leaving solve with ...
 Time to build/scatter RHS        =       0.001909
 Time in solution step (fwd/bwd)  =       0.151430
  .. Time in forward (fwd) step   =          0.078085
  .. Time in ScaLAPACK root       =          0.001469
  .. Time in backward (bwd) step  =          0.071856
 Time to gather solution(cent.sol)=       0.000000
 Time to copy/scale dist. solution=       0.000468

 Elapsed time in solve driver=       0.2993
   90 KSP Residual norm 1.961824806780e-05

Entering DMUMPS 5.6.2 from C interface with JOB, N =   3     1237277
      executing #MPI =    128 and #OMP =      2



 ****** SOLVE & CHECK STEP ********

 GLOBAL STATISTICS PRIOR SOLVE PHASE ...........
 Number of right-hand-sides                    =           1
 Blocking factor for multiple rhs              =           1
 ICNTL (9)                                     =           1
  --- (10)                                     =           0
  --- (11)                                     =           0
  --- (20)                                     =          10
  --- (21)                                     =           1
  --- (30)                                     =           0
  --- (35)                                     =           0
 WARNING: original distributed matrix is not allocated
 ** Rank of processor needing largest memory in solve     :       126
 ** Space in MBYTES used by this processor for solve      :       803
 ** Avg. Space in MBYTES per working proc during solve    :       421

 Leaving solve with ...
 Time to build/scatter RHS        =       0.001866
 Time in solution step (fwd/bwd)  =       0.151232
  .. Time in forward (fwd) step   =          0.078351
  .. Time in ScaLAPACK root       =          0.001472
  .. Time in backward (bwd) step  =          0.071386
 Time to gather solution(cent.sol)=       0.000000
 Time to copy/scale dist. solution=       0.000461

 Elapsed time in solve driver=       0.2976
   91 KSP Residual norm 1.683609402386e-05

Entering DMUMPS 5.6.2 from C interface with JOB, N =   3     1237277
      executing #MPI =    128 and #OMP =      2



 ****** SOLVE & CHECK STEP ********

 GLOBAL STATISTICS PRIOR SOLVE PHASE ...........
 Number of right-hand-sides                    =           1
 Blocking factor for multiple rhs              =           1
 ICNTL (9)                                     =           1
  --- (10)                                     =           0
  --- (11)                                     =           0
  --- (20)                                     =          10
  --- (21)                                     =           1
  --- (30)                                     =           0
  --- (35)                                     =           0
 WARNING: original distributed matrix is not allocated
 ** Rank of processor needing largest memory in solve     :       126
 ** Space in MBYTES used by this processor for solve      :       803
 ** Avg. Space in MBYTES per working proc during solve    :       421

 Leaving solve with ...
 Time to build/scatter RHS        =       0.001936
 Time in solution step (fwd/bwd)  =       0.152548
  .. Time in forward (fwd) step   =          0.078733
  .. Time in ScaLAPACK root       =          0.001499
  .. Time in backward (bwd) step  =          0.072289
 Time to gather solution(cent.sol)=       0.000000
 Time to copy/scale dist. solution=       0.000460

 Elapsed time in solve driver=       0.3001
   92 KSP Residual norm 1.540266464831e-05

Entering DMUMPS 5.6.2 from C interface with JOB, N =   3     1237277
      executing #MPI =    128 and #OMP =      2



 ****** SOLVE & CHECK STEP ********

 GLOBAL STATISTICS PRIOR SOLVE PHASE ...........
 Number of right-hand-sides                    =           1
 Blocking factor for multiple rhs              =           1
 ICNTL (9)                                     =           1
  --- (10)                                     =           0
  --- (11)                                     =           0
  --- (20)                                     =          10
  --- (21)                                     =           1
  --- (30)                                     =           0
  --- (35)                                     =           0
 WARNING: original distributed matrix is not allocated
 ** Rank of processor needing largest memory in solve     :       126
 ** Space in MBYTES used by this processor for solve      :       803
 ** Avg. Space in MBYTES per working proc during solve    :       421

 Leaving solve with ...
 Time to build/scatter RHS        =       0.002328
 Time in solution step (fwd/bwd)  =       0.151956
  .. Time in forward (fwd) step   =          0.078141
  .. Time in ScaLAPACK root       =          0.001471
  .. Time in backward (bwd) step  =          0.072319
 Time to gather solution(cent.sol)=       0.000000
 Time to copy/scale dist. solution=       0.000462

 Elapsed time in solve driver=       0.3015
   93 KSP Residual norm 1.358763226480e-05

Entering DMUMPS 5.6.2 from C interface with JOB, N =   3     1237277
      executing #MPI =    128 and #OMP =      2



 ****** SOLVE & CHECK STEP ********

 GLOBAL STATISTICS PRIOR SOLVE PHASE ...........
 Number of right-hand-sides                    =           1
 Blocking factor for multiple rhs              =           1
 ICNTL (9)                                     =           1
  --- (10)                                     =           0
  --- (11)                                     =           0
  --- (20)                                     =          10
  --- (21)                                     =           1
  --- (30)                                     =           0
  --- (35)                                     =           0
 WARNING: original distributed matrix is not allocated
 ** Rank of processor needing largest memory in solve     :       126
 ** Space in MBYTES used by this processor for solve      :       803
 ** Avg. Space in MBYTES per working proc during solve    :       421

 Leaving solve with ...
 Time to build/scatter RHS        =       0.002130
 Time in solution step (fwd/bwd)  =       0.153855
  .. Time in forward (fwd) step   =          0.078862
  .. Time in ScaLAPACK root       =          0.001456
  .. Time in backward (bwd) step  =          0.073519
 Time to gather solution(cent.sol)=       0.000000
 Time to copy/scale dist. solution=       0.000450

 Elapsed time in solve driver=       0.3032
   94 KSP Residual norm 1.184713412268e-05

Entering DMUMPS 5.6.2 from C interface with JOB, N =   3     1237277
      executing #MPI =    128 and #OMP =      2



 ****** SOLVE & CHECK STEP ********

 GLOBAL STATISTICS PRIOR SOLVE PHASE ...........
 Number of right-hand-sides                    =           1
 Blocking factor for multiple rhs              =           1
 ICNTL (9)                                     =           1
  --- (10)                                     =           0
  --- (11)                                     =           0
  --- (20)                                     =          10
  --- (21)                                     =           1
  --- (30)                                     =           0
  --- (35)                                     =           0
 WARNING: original distributed matrix is not allocated
 ** Rank of processor needing largest memory in solve     :       126
 ** Space in MBYTES used by this processor for solve      :       803
 ** Avg. Space in MBYTES per working proc during solve    :       421

 Leaving solve with ...
 Time to build/scatter RHS        =       0.001903
 Time in solution step (fwd/bwd)  =       0.152728
  .. Time in forward (fwd) step   =          0.078568
  .. Time in ScaLAPACK root       =          0.001474
  .. Time in backward (bwd) step  =          0.072669
 Time to gather solution(cent.sol)=       0.000000
 Time to copy/scale dist. solution=       0.000466

 Elapsed time in solve driver=       0.3030
   95 KSP Residual norm 1.022034679307e-05

Entering DMUMPS 5.6.2 from C interface with JOB, N =   3     1237277
      executing #MPI =    128 and #OMP =      2



 ****** SOLVE & CHECK STEP ********

 GLOBAL STATISTICS PRIOR SOLVE PHASE ...........
 Number of right-hand-sides                    =           1
 Blocking factor for multiple rhs              =           1
 ICNTL (9)                                     =           1
  --- (10)                                     =           0
  --- (11)                                     =           0
  --- (20)                                     =          10
  --- (21)                                     =           1
  --- (30)                                     =           0
  --- (35)                                     =           0
 WARNING: original distributed matrix is not allocated
 ** Rank of processor needing largest memory in solve     :       126
 ** Space in MBYTES used by this processor for solve      :       803
 ** Avg. Space in MBYTES per working proc during solve    :       421

 Leaving solve with ...
 Time to build/scatter RHS        =       0.001887
 Time in solution step (fwd/bwd)  =       0.154054
  .. Time in forward (fwd) step   =          0.078645
  .. Time in ScaLAPACK root       =          0.001504
  .. Time in backward (bwd) step  =          0.073883
 Time to gather solution(cent.sol)=       0.000000
 Time to copy/scale dist. solution=       0.000460

 Elapsed time in solve driver=       0.3040
   96 KSP Residual norm 8.350972417201e-06

Entering DMUMPS 5.6.2 from C interface with JOB, N =   3     1237277
      executing #MPI =    128 and #OMP =      2



 ****** SOLVE & CHECK STEP ********

 GLOBAL STATISTICS PRIOR SOLVE PHASE ...........
 Number of right-hand-sides                    =           1
 Blocking factor for multiple rhs              =           1
 ICNTL (9)                                     =           1
  --- (10)                                     =           0
  --- (11)                                     =           0
  --- (20)                                     =          10
  --- (21)                                     =           1
  --- (30)                                     =           0
  --- (35)                                     =           0
 WARNING: original distributed matrix is not allocated
 ** Rank of processor needing largest memory in solve     :       126
 ** Space in MBYTES used by this processor for solve      :       803
 ** Avg. Space in MBYTES per working proc during solve    :       421

 Leaving solve with ...
 Time to build/scatter RHS        =       0.001933
 Time in solution step (fwd/bwd)  =       0.151878
  .. Time in forward (fwd) step   =          0.077763
  .. Time in ScaLAPACK root       =          0.001469
  .. Time in backward (bwd) step  =          0.072624
 Time to gather solution(cent.sol)=       0.000000
 Time to copy/scale dist. solution=       0.000449

 Elapsed time in solve driver=       0.3019
   97 KSP Residual norm 7.296068184227e-06

Entering DMUMPS 5.6.2 from C interface with JOB, N =   3     1237277
      executing #MPI =    128 and #OMP =      2



 ****** SOLVE & CHECK STEP ********

 GLOBAL STATISTICS PRIOR SOLVE PHASE ...........
 Number of right-hand-sides                    =           1
 Blocking factor for multiple rhs              =           1
 ICNTL (9)                                     =           1
  --- (10)                                     =           0
  --- (11)                                     =           0
  --- (20)                                     =          10
  --- (21)                                     =           1
  --- (30)                                     =           0
  --- (35)                                     =           0
 WARNING: original distributed matrix is not allocated
 ** Rank of processor needing largest memory in solve     :       126
 ** Space in MBYTES used by this processor for solve      :       803
 ** Avg. Space in MBYTES per working proc during solve    :       421

 Leaving solve with ...
 Time to build/scatter RHS        =       0.001842
 Time in solution step (fwd/bwd)  =       0.151374
  .. Time in forward (fwd) step   =          0.077634
  .. Time in ScaLAPACK root       =          0.001465
  .. Time in backward (bwd) step  =          0.072256
 Time to gather solution(cent.sol)=       0.000000
 Time to copy/scale dist. solution=       0.000450

 Elapsed time in solve driver=       0.3030
   98 KSP Residual norm 6.368420848444e-06

Entering DMUMPS 5.6.2 from C interface with JOB, N =   3     1237277
      executing #MPI =    128 and #OMP =      2



 ****** SOLVE & CHECK STEP ********

 GLOBAL STATISTICS PRIOR SOLVE PHASE ...........
 Number of right-hand-sides                    =           1
 Blocking factor for multiple rhs              =           1
 ICNTL (9)                                     =           1
  --- (10)                                     =           0
  --- (11)                                     =           0
  --- (20)                                     =          10
  --- (21)                                     =           1
  --- (30)                                     =           0
  --- (35)                                     =           0
 WARNING: original distributed matrix is not allocated
 ** Rank of processor needing largest memory in solve     :       126
 ** Space in MBYTES used by this processor for solve      :       803
 ** Avg. Space in MBYTES per working proc during solve    :       421

 Leaving solve with ...
 Time to build/scatter RHS        =       0.002032
 Time in solution step (fwd/bwd)  =       0.152492
  .. Time in forward (fwd) step   =          0.078199
  .. Time in ScaLAPACK root       =          0.001507
  .. Time in backward (bwd) step  =          0.072754
 Time to gather solution(cent.sol)=       0.000000
 Time to copy/scale dist. solution=       0.000472

 Elapsed time in solve driver=       0.3037
   99 KSP Residual norm 5.693035475602e-06

Entering DMUMPS 5.6.2 from C interface with JOB, N =   3     1237277
      executing #MPI =    128 and #OMP =      2



 ****** SOLVE & CHECK STEP ********

 GLOBAL STATISTICS PRIOR SOLVE PHASE ...........
 Number of right-hand-sides                    =           1
 Blocking factor for multiple rhs              =           1
 ICNTL (9)                                     =           1
  --- (10)                                     =           0
  --- (11)                                     =           0
  --- (20)                                     =          10
  --- (21)                                     =           1
  --- (30)                                     =           0
  --- (35)                                     =           0
 WARNING: original distributed matrix is not allocated
 ** Rank of processor needing largest memory in solve     :       126
 ** Space in MBYTES used by this processor for solve      :       803
 ** Avg. Space in MBYTES per working proc during solve    :       421

 Leaving solve with ...
 Time to build/scatter RHS        =       0.001864
 Time in solution step (fwd/bwd)  =       0.152296
  .. Time in forward (fwd) step   =          0.077957
  .. Time in ScaLAPACK root       =          0.001537
  .. Time in backward (bwd) step  =          0.072776
 Time to gather solution(cent.sol)=       0.000000
 Time to copy/scale dist. solution=       0.000472

 Elapsed time in solve driver=       0.3032
  100 KSP Residual norm 5.096084414390e-06

Entering DMUMPS 5.6.2 from C interface with JOB, N =   3     1237277
      executing #MPI =    128 and #OMP =      2



 ****** SOLVE & CHECK STEP ********

 GLOBAL STATISTICS PRIOR SOLVE PHASE ...........
 Number of right-hand-sides                    =           1
 Blocking factor for multiple rhs              =           1
 ICNTL (9)                                     =           1
  --- (10)                                     =           0
  --- (11)                                     =           0
  --- (20)                                     =          10
  --- (21)                                     =           1
  --- (30)                                     =           0
  --- (35)                                     =           0
 WARNING: original distributed matrix is not allocated
 ** Rank of processor needing largest memory in solve     :       126
 ** Space in MBYTES used by this processor for solve      :       803
 ** Avg. Space in MBYTES per working proc during solve    :       421

 Leaving solve with ...
 Time to build/scatter RHS        =       0.001857
 Time in solution step (fwd/bwd)  =       0.151688
  .. Time in forward (fwd) step   =          0.077844
  .. Time in ScaLAPACK root       =          0.001460
  .. Time in backward (bwd) step  =          0.072365
 Time to gather solution(cent.sol)=       0.000000
 Time to copy/scale dist. solution=       0.000457

 Elapsed time in solve driver=       0.2986
  101 KSP Residual norm 4.546635615795e-06

Entering DMUMPS 5.6.2 from C interface with JOB, N =   3     1237277
      executing #MPI =    128 and #OMP =      2



 ****** SOLVE & CHECK STEP ********

 GLOBAL STATISTICS PRIOR SOLVE PHASE ...........
 Number of right-hand-sides                    =           1
 Blocking factor for multiple rhs              =           1
 ICNTL (9)                                     =           1
  --- (10)                                     =           0
  --- (11)                                     =           0
  --- (20)                                     =          10
  --- (21)                                     =           1
  --- (30)                                     =           0
  --- (35)                                     =           0
 WARNING: original distributed matrix is not allocated
 ** Rank of processor needing largest memory in solve     :       126
 ** Space in MBYTES used by this processor for solve      :       803
 ** Avg. Space in MBYTES per working proc during solve    :       421

 Leaving solve with ...
 Time to build/scatter RHS        =       0.001853
 Time in solution step (fwd/bwd)  =       0.152779
  .. Time in forward (fwd) step   =          0.077853
  .. Time in ScaLAPACK root       =          0.001480
  .. Time in backward (bwd) step  =          0.073427
 Time to gather solution(cent.sol)=       0.000000
 Time to copy/scale dist. solution=       0.000463

 Elapsed time in solve driver=       0.3039
  102 KSP Residual norm 4.200180516980e-06

Entering DMUMPS 5.6.2 from C interface with JOB, N =   3     1237277
      executing #MPI =    128 and #OMP =      2



 ****** SOLVE & CHECK STEP ********

 GLOBAL STATISTICS PRIOR SOLVE PHASE ...........
 Number of right-hand-sides                    =           1
 Blocking factor for multiple rhs              =           1
 ICNTL (9)                                     =           1
  --- (10)                                     =           0
  --- (11)                                     =           0
  --- (20)                                     =          10
  --- (21)                                     =           1
  --- (30)                                     =           0
  --- (35)                                     =           0
 WARNING: original distributed matrix is not allocated
 ** Rank of processor needing largest memory in solve     :       126
 ** Space in MBYTES used by this processor for solve      :       803
 ** Avg. Space in MBYTES per working proc during solve    :       421

 Leaving solve with ...
 Time to build/scatter RHS        =       0.002083
 Time in solution step (fwd/bwd)  =       0.153890
  .. Time in forward (fwd) step   =          0.078820
  .. Time in ScaLAPACK root       =          0.001503
  .. Time in backward (bwd) step  =          0.073546
 Time to gather solution(cent.sol)=       0.000000
 Time to copy/scale dist. solution=       0.000466

 Elapsed time in solve driver=       0.3035
  103 KSP Residual norm 3.576626682959e-06

Entering DMUMPS 5.6.2 from C interface with JOB, N =   3     1237277
      executing #MPI =    128 and #OMP =      2



 ****** SOLVE & CHECK STEP ********

 GLOBAL STATISTICS PRIOR SOLVE PHASE ...........
 Number of right-hand-sides                    =           1
 Blocking factor for multiple rhs              =           1
 ICNTL (9)                                     =           1
  --- (10)                                     =           0
  --- (11)                                     =           0
  --- (20)                                     =          10
  --- (21)                                     =           1
  --- (30)                                     =           0
  --- (35)                                     =           0
 WARNING: original distributed matrix is not allocated
 ** Rank of processor needing largest memory in solve     :       126
 ** Space in MBYTES used by this processor for solve      :       803
 ** Avg. Space in MBYTES per working proc during solve    :       421

 Leaving solve with ...
 Time to build/scatter RHS        =       0.001936
 Time in solution step (fwd/bwd)  =       0.153599
  .. Time in forward (fwd) step   =          0.078777
  .. Time in ScaLAPACK root       =          0.001492
  .. Time in backward (bwd) step  =          0.073303
 Time to gather solution(cent.sol)=       0.000000
 Time to copy/scale dist. solution=       0.000459

 Elapsed time in solve driver=       0.2990
  104 KSP Residual norm 3.088010289144e-06

Entering DMUMPS 5.6.2 from C interface with JOB, N =   3     1237277
      executing #MPI =    128 and #OMP =      2



 ****** SOLVE & CHECK STEP ********

 GLOBAL STATISTICS PRIOR SOLVE PHASE ...........
 Number of right-hand-sides                    =           1
 Blocking factor for multiple rhs              =           1
 ICNTL (9)                                     =           1
  --- (10)                                     =           0
  --- (11)                                     =           0
  --- (20)                                     =          10
  --- (21)                                     =           1
  --- (30)                                     =           0
  --- (35)                                     =           0
 WARNING: original distributed matrix is not allocated
 ** Rank of processor needing largest memory in solve     :       126
 ** Space in MBYTES used by this processor for solve      :       803
 ** Avg. Space in MBYTES per working proc during solve    :       421

 Leaving solve with ...
 Time to build/scatter RHS        =       0.001889
 Time in solution step (fwd/bwd)  =       0.152290
  .. Time in forward (fwd) step   =          0.078104
  .. Time in ScaLAPACK root       =          0.001497
  .. Time in backward (bwd) step  =          0.072664
 Time to gather solution(cent.sol)=       0.000000
 Time to copy/scale dist. solution=       0.000441

 Elapsed time in solve driver=       0.3044
  105 KSP Residual norm 2.603444800708e-06

Entering DMUMPS 5.6.2 from C interface with JOB, N =   3     1237277
      executing #MPI =    128 and #OMP =      2



 ****** SOLVE & CHECK STEP ********

 GLOBAL STATISTICS PRIOR SOLVE PHASE ...........
 Number of right-hand-sides                    =           1
 Blocking factor for multiple rhs              =           1
 ICNTL (9)                                     =           1
  --- (10)                                     =           0
  --- (11)                                     =           0
  --- (20)                                     =          10
  --- (21)                                     =           1
  --- (30)                                     =           0
  --- (35)                                     =           0
 WARNING: original distributed matrix is not allocated
 ** Rank of processor needing largest memory in solve     :       126
 ** Space in MBYTES used by this processor for solve      :       803
 ** Avg. Space in MBYTES per working proc during solve    :       421

 Leaving solve with ...
 Time to build/scatter RHS        =       0.009543
 Time in solution step (fwd/bwd)  =       0.153551
  .. Time in forward (fwd) step   =          0.079989
  .. Time in ScaLAPACK root       =          0.001528
  .. Time in backward (bwd) step  =          0.071996
 Time to gather solution(cent.sol)=       0.000000
 Time to copy/scale dist. solution=       0.000449

 Elapsed time in solve driver=       0.3113
  106 KSP Residual norm 2.269677853338e-06

Entering DMUMPS 5.6.2 from C interface with JOB, N =   3     1237277
      executing #MPI =    128 and #OMP =      2



 ****** SOLVE & CHECK STEP ********

 GLOBAL STATISTICS PRIOR SOLVE PHASE ...........
 Number of right-hand-sides                    =           1
 Blocking factor for multiple rhs              =           1
 ICNTL (9)                                     =           1
  --- (10)                                     =           0
  --- (11)                                     =           0
  --- (20)                                     =          10
  --- (21)                                     =           1
  --- (30)                                     =           0
  --- (35)                                     =           0
 WARNING: original distributed matrix is not allocated
 ** Rank of processor needing largest memory in solve     :       126
 ** Space in MBYTES used by this processor for solve      :       803
 ** Avg. Space in MBYTES per working proc during solve    :       421

 Leaving solve with ...
 Time to build/scatter RHS        =       0.045584
 Time in solution step (fwd/bwd)  =       0.152033
  .. Time in forward (fwd) step   =          0.078071
  .. Time in ScaLAPACK root       =          0.001462
  .. Time in backward (bwd) step  =          0.072474
 Time to gather solution(cent.sol)=       0.000000
 Time to copy/scale dist. solution=       0.000477

 Elapsed time in solve driver=       0.3467
  107 KSP Residual norm 2.015279777730e-06

Entering DMUMPS 5.6.2 from C interface with JOB, N =   3     1237277
      executing #MPI =    128 and #OMP =      2



 ****** SOLVE & CHECK STEP ********

 GLOBAL STATISTICS PRIOR SOLVE PHASE ...........
 Number of right-hand-sides                    =           1
 Blocking factor for multiple rhs              =           1
 ICNTL (9)                                     =           1
  --- (10)                                     =           0
  --- (11)                                     =           0
  --- (20)                                     =          10
  --- (21)                                     =           1
  --- (30)                                     =           0
  --- (35)                                     =           0
 WARNING: original distributed matrix is not allocated
 ** Rank of processor needing largest memory in solve     :       126
 ** Space in MBYTES used by this processor for solve      :       803
 ** Avg. Space in MBYTES per working proc during solve    :       421

 Leaving solve with ...
 Time to build/scatter RHS        =       0.001947
 Time in solution step (fwd/bwd)  =       0.152985
  .. Time in forward (fwd) step   =          0.078688
  .. Time in ScaLAPACK root       =          0.001467
  .. Time in backward (bwd) step  =          0.072808
 Time to gather solution(cent.sol)=       0.000000
 Time to copy/scale dist. solution=       0.000458

 Elapsed time in solve driver=       0.3042
  108 KSP Residual norm 1.846861847661e-06

Entering DMUMPS 5.6.2 from C interface with JOB, N =   3     1237277
      executing #MPI =    128 and #OMP =      2



 ****** SOLVE & CHECK STEP ********

 GLOBAL STATISTICS PRIOR SOLVE PHASE ...........
 Number of right-hand-sides                    =           1
 Blocking factor for multiple rhs              =           1
 ICNTL (9)                                     =           1
  --- (10)                                     =           0
  --- (11)                                     =           0
  --- (20)                                     =          10
  --- (21)                                     =           1
  --- (30)                                     =           0
  --- (35)                                     =           0
 WARNING: original distributed matrix is not allocated
 ** Rank of processor needing largest memory in solve     :       126
 ** Space in MBYTES used by this processor for solve      :       803
 ** Avg. Space in MBYTES per working proc during solve    :       421

 Leaving solve with ...
 Time to build/scatter RHS        =       0.001931
 Time in solution step (fwd/bwd)  =       0.153608
  .. Time in forward (fwd) step   =          0.079183
  .. Time in ScaLAPACK root       =          0.001500
  .. Time in backward (bwd) step  =          0.072901
 Time to gather solution(cent.sol)=       0.000000
 Time to copy/scale dist. solution=       0.000444

 Elapsed time in solve driver=       0.3061
  109 KSP Residual norm 1.641198229432e-06

Entering DMUMPS 5.6.2 from C interface with JOB, N =   3     1237277
      executing #MPI =    128 and #OMP =      2



 ****** SOLVE & CHECK STEP ********

 GLOBAL STATISTICS PRIOR SOLVE PHASE ...........
 Number of right-hand-sides                    =           1
 Blocking factor for multiple rhs              =           1
 ICNTL (9)                                     =           1
  --- (10)                                     =           0
  --- (11)                                     =           0
  --- (20)                                     =          10
  --- (21)                                     =           1
  --- (30)                                     =           0
  --- (35)                                     =           0
 WARNING: original distributed matrix is not allocated
 ** Rank of processor needing largest memory in solve     :       126
 ** Space in MBYTES used by this processor for solve      :       803
 ** Avg. Space in MBYTES per working proc during solve    :       421

 Leaving solve with ...
 Time to build/scatter RHS        =       0.002462
 Time in solution step (fwd/bwd)  =       0.150967
  .. Time in forward (fwd) step   =          0.077979
  .. Time in ScaLAPACK root       =          0.001496
  .. Time in backward (bwd) step  =          0.071471
 Time to gather solution(cent.sol)=       0.000000
 Time to copy/scale dist. solution=       0.000448

 Elapsed time in solve driver=       0.3013
  110 KSP Residual norm 1.395875937464e-06

Entering DMUMPS 5.6.2 from C interface with JOB, N =   3     1237277
      executing #MPI =    128 and #OMP =      2



 ****** SOLVE & CHECK STEP ********

 GLOBAL STATISTICS PRIOR SOLVE PHASE ...........
 Number of right-hand-sides                    =           1
 Blocking factor for multiple rhs              =           1
 ICNTL (9)                                     =           1
  --- (10)                                     =           0
  --- (11)                                     =           0
  --- (20)                                     =          10
  --- (21)                                     =           1
  --- (30)                                     =           0
  --- (35)                                     =           0
 WARNING: original distributed matrix is not allocated
 ** Rank of processor needing largest memory in solve     :       126
 ** Space in MBYTES used by this processor for solve      :       803
 ** Avg. Space in MBYTES per working proc during solve    :       421

 Leaving solve with ...
 Time to build/scatter RHS        =       0.001937
 Time in solution step (fwd/bwd)  =       0.151776
  .. Time in forward (fwd) step   =          0.077792
  .. Time in ScaLAPACK root       =          0.001515
  .. Time in backward (bwd) step  =          0.072450
 Time to gather solution(cent.sol)=       0.000000
 Time to copy/scale dist. solution=       0.000474

 Elapsed time in solve driver=       0.3004
  111 KSP Residual norm 1.176982214686e-06

Entering DMUMPS 5.6.2 from C interface with JOB, N =   3     1237277
      executing #MPI =    128 and #OMP =      2



 ****** SOLVE & CHECK STEP ********

 GLOBAL STATISTICS PRIOR SOLVE PHASE ...........
 Number of right-hand-sides                    =           1
 Blocking factor for multiple rhs              =           1
 ICNTL (9)                                     =           1
  --- (10)                                     =           0
  --- (11)                                     =           0
  --- (20)                                     =          10
  --- (21)                                     =           1
  --- (30)                                     =           0
  --- (35)                                     =           0
 WARNING: original distributed matrix is not allocated
 ** Rank of processor needing largest memory in solve     :       126
 ** Space in MBYTES used by this processor for solve      :       803
 ** Avg. Space in MBYTES per working proc during solve    :       421

 Leaving solve with ...
 Time to build/scatter RHS        =       0.001889
 Time in solution step (fwd/bwd)  =       0.151637
  .. Time in forward (fwd) step   =          0.078540
  .. Time in ScaLAPACK root       =          0.001488
  .. Time in backward (bwd) step  =          0.071588
 Time to gather solution(cent.sol)=       0.000000
 Time to copy/scale dist. solution=       0.000449

 Elapsed time in solve driver=       0.3030
  112 KSP Residual norm 9.866756759045e-07

Entering DMUMPS 5.6.2 from C interface with JOB, N =   3     1237277
      executing #MPI =    128 and #OMP =      2



 ****** SOLVE & CHECK STEP ********

 GLOBAL STATISTICS PRIOR SOLVE PHASE ...........
 Number of right-hand-sides                    =           1
 Blocking factor for multiple rhs              =           1
 ICNTL (9)                                     =           1
  --- (10)                                     =           0
  --- (11)                                     =           0
  --- (20)                                     =          10
  --- (21)                                     =           1
  --- (30)                                     =           0
  --- (35)                                     =           0
 WARNING: original distributed matrix is not allocated
 ** Rank of processor needing largest memory in solve     :       126
 ** Space in MBYTES used by this processor for solve      :       803
 ** Avg. Space in MBYTES per working proc during solve    :       421

 Leaving solve with ...
 Time to build/scatter RHS        =       0.002189
 Time in solution step (fwd/bwd)  =       0.153321
  .. Time in forward (fwd) step   =          0.078114
  .. Time in ScaLAPACK root       =          0.001813
  .. Time in backward (bwd) step  =          0.073356
 Time to gather solution(cent.sol)=       0.000000
 Time to copy/scale dist. solution=       0.000456

 Elapsed time in solve driver=       0.3042
  113 KSP Residual norm 8.376721996578e-07

Entering DMUMPS 5.6.2 from C interface with JOB, N =   3     1237277
      executing #MPI =    128 and #OMP =      2



 ****** SOLVE & CHECK STEP ********

 GLOBAL STATISTICS PRIOR SOLVE PHASE ...........
 Number of right-hand-sides                    =           1
 Blocking factor for multiple rhs              =           1
 ICNTL (9)                                     =           1
  --- (10)                                     =           0
  --- (11)                                     =           0
  --- (20)                                     =          10
  --- (21)                                     =           1
  --- (30)                                     =           0
  --- (35)                                     =           0
 WARNING: original distributed matrix is not allocated
 ** Rank of processor needing largest memory in solve     :       126
 ** Space in MBYTES used by this processor for solve      :       803
 ** Avg. Space in MBYTES per working proc during solve    :       421

 Leaving solve with ...
 Time to build/scatter RHS        =       0.002231
 Time in solution step (fwd/bwd)  =       0.152461
  .. Time in forward (fwd) step   =          0.078374
  .. Time in ScaLAPACK root       =          0.001469
  .. Time in backward (bwd) step  =          0.072596
 Time to gather solution(cent.sol)=       0.000000
 Time to copy/scale dist. solution=       0.000448

 Elapsed time in solve driver=       0.3004
  114 KSP Residual norm 6.827261125852e-07

Entering DMUMPS 5.6.2 from C interface with JOB, N =   3     1237277
      executing #MPI =    128 and #OMP =      2



 ****** SOLVE & CHECK STEP ********

 GLOBAL STATISTICS PRIOR SOLVE PHASE ...........
 Number of right-hand-sides                    =           1
 Blocking factor for multiple rhs              =           1
 ICNTL (9)                                     =           1
  --- (10)                                     =           0
  --- (11)                                     =           0
  --- (20)                                     =          10
  --- (21)                                     =           1
  --- (30)                                     =           0
  --- (35)                                     =           0
 WARNING: original distributed matrix is not allocated
 ** Rank of processor needing largest memory in solve     :       126
 ** Space in MBYTES used by this processor for solve      :       803
 ** Avg. Space in MBYTES per working proc during solve    :       421

 Leaving solve with ...
 Time to build/scatter RHS        =       0.001968
 Time in solution step (fwd/bwd)  =       0.152813
  .. Time in forward (fwd) step   =          0.077740
  .. Time in ScaLAPACK root       =          0.001465
  .. Time in backward (bwd) step  =          0.073584
 Time to gather solution(cent.sol)=       0.000000
 Time to copy/scale dist. solution=       0.000472

 Elapsed time in solve driver=       0.3011
  115 KSP Residual norm 5.391042003683e-07

Entering DMUMPS 5.6.2 from C interface with JOB, N =   3     1237277
      executing #MPI =    128 and #OMP =      2



 ****** SOLVE & CHECK STEP ********

 GLOBAL STATISTICS PRIOR SOLVE PHASE ...........
 Number of right-hand-sides                    =           1
 Blocking factor for multiple rhs              =           1
 ICNTL (9)                                     =           1
  --- (10)                                     =           0
  --- (11)                                     =           0
  --- (20)                                     =          10
  --- (21)                                     =           1
  --- (30)                                     =           0
  --- (35)                                     =           0
 WARNING: original distributed matrix is not allocated
 ** Rank of processor needing largest memory in solve     :       126
 ** Space in MBYTES used by this processor for solve      :       803
 ** Avg. Space in MBYTES per working proc during solve    :       421

 Leaving solve with ...
 Time to build/scatter RHS        =       0.001958
 Time in solution step (fwd/bwd)  =       0.151840
  .. Time in forward (fwd) step   =          0.077857
  .. Time in ScaLAPACK root       =          0.001490
  .. Time in backward (bwd) step  =          0.072474
 Time to gather solution(cent.sol)=       0.000000
 Time to copy/scale dist. solution=       0.000472

 Elapsed time in solve driver=       0.3004
  116 KSP Residual norm 4.629655892636e-07

Entering DMUMPS 5.6.2 from C interface with JOB, N =   3     1237277
      executing #MPI =    128 and #OMP =      2



 ****** SOLVE & CHECK STEP ********

 GLOBAL STATISTICS PRIOR SOLVE PHASE ...........
 Number of right-hand-sides                    =           1
 Blocking factor for multiple rhs              =           1
 ICNTL (9)                                     =           1
  --- (10)                                     =           0
  --- (11)                                     =           0
  --- (20)                                     =          10
  --- (21)                                     =           1
  --- (30)                                     =           0
  --- (35)                                     =           0
 WARNING: original distributed matrix is not allocated
 ** Rank of processor needing largest memory in solve     :       126
 ** Space in MBYTES used by this processor for solve      :       803
 ** Avg. Space in MBYTES per working proc during solve    :       421

 Leaving solve with ...
 Time to build/scatter RHS        =       0.001927
 Time in solution step (fwd/bwd)  =       0.153081
  .. Time in forward (fwd) step   =          0.078904
  .. Time in ScaLAPACK root       =          0.001465
  .. Time in backward (bwd) step  =          0.072690
 Time to gather solution(cent.sol)=       0.000000
 Time to copy/scale dist. solution=       0.000472

 Elapsed time in solve driver=       0.3027
  117 KSP Residual norm 3.919625774375e-07

Entering DMUMPS 5.6.2 from C interface with JOB, N =   3     1237277
      executing #MPI =    128 and #OMP =      2



 ****** SOLVE & CHECK STEP ********

 GLOBAL STATISTICS PRIOR SOLVE PHASE ...........
 Number of right-hand-sides                    =           1
 Blocking factor for multiple rhs              =           1
 ICNTL (9)                                     =           1
  --- (10)                                     =           0
  --- (11)                                     =           0
  --- (20)                                     =          10
  --- (21)                                     =           1
  --- (30)                                     =           0
  --- (35)                                     =           0
 WARNING: original distributed matrix is not allocated
 ** Rank of processor needing largest memory in solve     :       126
 ** Space in MBYTES used by this processor for solve      :       803
 ** Avg. Space in MBYTES per working proc during solve    :       421

 Leaving solve with ...
 Time to build/scatter RHS        =       0.001991
 Time in solution step (fwd/bwd)  =       0.152136
  .. Time in forward (fwd) step   =          0.078321
  .. Time in ScaLAPACK root       =          0.001481
  .. Time in backward (bwd) step  =          0.072315
 Time to gather solution(cent.sol)=       0.000000
 Time to copy/scale dist. solution=       0.000447

 Elapsed time in solve driver=       0.3042
  118 KSP Residual norm 3.424556265688e-07

Entering DMUMPS 5.6.2 from C interface with JOB, N =   3     1237277
      executing #MPI =    128 and #OMP =      2



 ****** SOLVE & CHECK STEP ********

 GLOBAL STATISTICS PRIOR SOLVE PHASE ...........
 Number of right-hand-sides                    =           1
 Blocking factor for multiple rhs              =           1
 ICNTL (9)                                     =           1
  --- (10)                                     =           0
  --- (11)                                     =           0
  --- (20)                                     =          10
  --- (21)                                     =           1
  --- (30)                                     =           0
  --- (35)                                     =           0
 WARNING: original distributed matrix is not allocated
 ** Rank of processor needing largest memory in solve     :       126
 ** Space in MBYTES used by this processor for solve      :       803
 ** Avg. Space in MBYTES per working proc during solve    :       421

 Leaving solve with ...
 Time to build/scatter RHS        =       0.001912
 Time in solution step (fwd/bwd)  =       0.151823
  .. Time in forward (fwd) step   =          0.078361
  .. Time in ScaLAPACK root       =          0.001510
  .. Time in backward (bwd) step  =          0.071932
 Time to gather solution(cent.sol)=       0.000000
 Time to copy/scale dist. solution=       0.000468

 Elapsed time in solve driver=       0.3025
  119 KSP Residual norm 2.754505738570e-07

Entering DMUMPS 5.6.2 from C interface with JOB, N =   3     1237277
      executing #MPI =    128 and #OMP =      2



 ****** SOLVE & CHECK STEP ********

 GLOBAL STATISTICS PRIOR SOLVE PHASE ...........
 Number of right-hand-sides                    =           1
 Blocking factor for multiple rhs              =           1
 ICNTL (9)                                     =           1
  --- (10)                                     =           0
  --- (11)                                     =           0
  --- (20)                                     =          10
  --- (21)                                     =           1
  --- (30)                                     =           0
  --- (35)                                     =           0
 WARNING: original distributed matrix is not allocated
 ** Rank of processor needing largest memory in solve     :       126
 ** Space in MBYTES used by this processor for solve      :       803
 ** Avg. Space in MBYTES per working proc during solve    :       421

 Leaving solve with ...
 Time to build/scatter RHS        =       0.001906
 Time in solution step (fwd/bwd)  =       0.151256
  .. Time in forward (fwd) step   =          0.077847
  .. Time in ScaLAPACK root       =          0.001477
  .. Time in backward (bwd) step  =          0.071902
 Time to gather solution(cent.sol)=       0.000000
 Time to copy/scale dist. solution=       0.000466

 Elapsed time in solve driver=       0.2965
  120 KSP Residual norm 2.117228289086e-07

Entering DMUMPS 5.6.2 from C interface with JOB, N =   3     1237277
      executing #MPI =    128 and #OMP =      2



 ****** SOLVE & CHECK STEP ********

 GLOBAL STATISTICS PRIOR SOLVE PHASE ...........
 Number of right-hand-sides                    =           1
 Blocking factor for multiple rhs              =           1
 ICNTL (9)                                     =           1
  --- (10)                                     =           0
  --- (11)                                     =           0
  --- (20)                                     =          10
  --- (21)                                     =           1
  --- (30)                                     =           0
  --- (35)                                     =           0
 WARNING: original distributed matrix is not allocated
 ** Rank of processor needing largest memory in solve     :       126
 ** Space in MBYTES used by this processor for solve      :       803
 ** Avg. Space in MBYTES per working proc during solve    :       421

 Leaving solve with ...
 Time to build/scatter RHS        =       0.001937
 Time in solution step (fwd/bwd)  =       0.152824
  .. Time in forward (fwd) step   =          0.078545
  .. Time in ScaLAPACK root       =          0.001474
  .. Time in backward (bwd) step  =          0.072785
 Time to gather solution(cent.sol)=       0.000000
 Time to copy/scale dist. solution=       0.000460

 Elapsed time in solve driver=       0.2993
  121 KSP Residual norm 1.633970117260e-07

Entering DMUMPS 5.6.2 from C interface with JOB, N =   3     1237277
      executing #MPI =    128 and #OMP =      2



 ****** SOLVE & CHECK STEP ********

 GLOBAL STATISTICS PRIOR SOLVE PHASE ...........
 Number of right-hand-sides                    =           1
 Blocking factor for multiple rhs              =           1
 ICNTL (9)                                     =           1
  --- (10)                                     =           0
  --- (11)                                     =           0
  --- (20)                                     =          10
  --- (21)                                     =           1
  --- (30)                                     =           0
  --- (35)                                     =           0
 WARNING: original distributed matrix is not allocated
 ** Rank of processor needing largest memory in solve     :       126
 ** Space in MBYTES used by this processor for solve      :       803
 ** Avg. Space in MBYTES per working proc during solve    :       421

 Leaving solve with ...
 Time to build/scatter RHS        =       0.001934
 Time in solution step (fwd/bwd)  =       0.151652
  .. Time in forward (fwd) step   =          0.078205
  .. Time in ScaLAPACK root       =          0.001476
  .. Time in backward (bwd) step  =          0.071951
 Time to gather solution(cent.sol)=       0.000000
 Time to copy/scale dist. solution=       0.000471

 Elapsed time in solve driver=       0.2995
  122 KSP Residual norm 1.276251853880e-07

Entering DMUMPS 5.6.2 from C interface with JOB, N =   3     1237277
      executing #MPI =    128 and #OMP =      2



 ****** SOLVE & CHECK STEP ********

 GLOBAL STATISTICS PRIOR SOLVE PHASE ...........
 Number of right-hand-sides                    =           1
 Blocking factor for multiple rhs              =           1
 ICNTL (9)                                     =           1
  --- (10)                                     =           0
  --- (11)                                     =           0
  --- (20)                                     =          10
  --- (21)                                     =           1
  --- (30)                                     =           0
  --- (35)                                     =           0
 WARNING: original distributed matrix is not allocated
 ** Rank of processor needing largest memory in solve     :       126
 ** Space in MBYTES used by this processor for solve      :       803
 ** Avg. Space in MBYTES per working proc during solve    :       421

 Leaving solve with ...
 Time to build/scatter RHS        =       0.002208
 Time in solution step (fwd/bwd)  =       0.151592
  .. Time in forward (fwd) step   =          0.078143
  .. Time in ScaLAPACK root       =          0.001494
  .. Time in backward (bwd) step  =          0.071932
 Time to gather solution(cent.sol)=       0.000000
 Time to copy/scale dist. solution=       0.000462

 Elapsed time in solve driver=       0.2993
  123 KSP Residual norm 1.082869507354e-07

Entering DMUMPS 5.6.2 from C interface with JOB, N =   3     1237277
      executing #MPI =    128 and #OMP =      2



 ****** SOLVE & CHECK STEP ********

 GLOBAL STATISTICS PRIOR SOLVE PHASE ...........
 Number of right-hand-sides                    =           1
 Blocking factor for multiple rhs              =           1
 ICNTL (9)                                     =           1
  --- (10)                                     =           0
  --- (11)                                     =           0
  --- (20)                                     =          10
  --- (21)                                     =           1
  --- (30)                                     =           0
  --- (35)                                     =           0
 WARNING: original distributed matrix is not allocated
 ** Rank of processor needing largest memory in solve     :       126
 ** Space in MBYTES used by this processor for solve      :       803
 ** Avg. Space in MBYTES per working proc during solve    :       421

 Leaving solve with ...
 Time to build/scatter RHS        =       0.044774
 Time in solution step (fwd/bwd)  =       0.150696
  .. Time in forward (fwd) step   =          0.077894
  .. Time in ScaLAPACK root       =          0.001471
  .. Time in backward (bwd) step  =          0.071276
 Time to gather solution(cent.sol)=       0.000000
 Time to copy/scale dist. solution=       0.000598

 Elapsed time in solve driver=       0.3414
  124 KSP Residual norm 9.617284594570e-08

Entering DMUMPS 5.6.2 from C interface with JOB, N =   3     1237277
      executing #MPI =    128 and #OMP =      2



 ****** SOLVE & CHECK STEP ********

 GLOBAL STATISTICS PRIOR SOLVE PHASE ...........
 Number of right-hand-sides                    =           1
 Blocking factor for multiple rhs              =           1
 ICNTL (9)                                     =           1
  --- (10)                                     =           0
  --- (11)                                     =           0
  --- (20)                                     =          10
  --- (21)                                     =           1
  --- (30)                                     =           0
  --- (35)                                     =           0
 WARNING: original distributed matrix is not allocated
 ** Rank of processor needing largest memory in solve     :       126
 ** Space in MBYTES used by this processor for solve      :       803
 ** Avg. Space in MBYTES per working proc during solve    :       421

 Leaving solve with ...
 Time to build/scatter RHS        =       0.002072
 Time in solution step (fwd/bwd)  =       0.153068
  .. Time in forward (fwd) step   =          0.078497
  .. Time in ScaLAPACK root       =          0.001493
  .. Time in backward (bwd) step  =          0.073052
 Time to gather solution(cent.sol)=       0.000000
 Time to copy/scale dist. solution=       0.000544

 Elapsed time in solve driver=       0.2985
  125 KSP Residual norm 8.099047509602e-08

Entering DMUMPS 5.6.2 from C interface with JOB, N =   3     1237277
      executing #MPI =    128 and #OMP =      2



 ****** SOLVE & CHECK STEP ********

 GLOBAL STATISTICS PRIOR SOLVE PHASE ...........
 Number of right-hand-sides                    =           1
 Blocking factor for multiple rhs              =           1
 ICNTL (9)                                     =           1
  --- (10)                                     =           0
  --- (11)                                     =           0
  --- (20)                                     =          10
  --- (21)                                     =           1
  --- (30)                                     =           0
  --- (35)                                     =           0
 WARNING: original distributed matrix is not allocated
 ** Rank of processor needing largest memory in solve     :       126
 ** Space in MBYTES used by this processor for solve      :       803
 ** Avg. Space in MBYTES per working proc during solve    :       421

 Leaving solve with ...
 Time to build/scatter RHS        =       0.001968
 Time in solution step (fwd/bwd)  =       0.151679
  .. Time in forward (fwd) step   =          0.077982
  .. Time in ScaLAPACK root       =          0.001504
  .. Time in backward (bwd) step  =          0.072172
 Time to gather solution(cent.sol)=       0.000000
 Time to copy/scale dist. solution=       0.000538

 Elapsed time in solve driver=       0.3051
  126 KSP Residual norm 6.995225202920e-08

Entering DMUMPS 5.6.2 from C interface with JOB, N =   3     1237277
      executing #MPI =    128 and #OMP =      2



 ****** SOLVE & CHECK STEP ********

 GLOBAL STATISTICS PRIOR SOLVE PHASE ...........
 Number of right-hand-sides                    =           1
 Blocking factor for multiple rhs              =           1
 ICNTL (9)                                     =           1
  --- (10)                                     =           0
  --- (11)                                     =           0
  --- (20)                                     =          10
  --- (21)                                     =           1
  --- (30)                                     =           0
  --- (35)                                     =           0
 WARNING: original distributed matrix is not allocated
 ** Rank of processor needing largest memory in solve     :       126
 ** Space in MBYTES used by this processor for solve      :       803
 ** Avg. Space in MBYTES per working proc during solve    :       421

 Leaving solve with ...
 Time to build/scatter RHS        =       0.002085
 Time in solution step (fwd/bwd)  =       0.154000
  .. Time in forward (fwd) step   =          0.079041
  .. Time in ScaLAPACK root       =          0.001484
  .. Time in backward (bwd) step  =          0.073451
 Time to gather solution(cent.sol)=       0.000000
 Time to copy/scale dist. solution=       0.000548

 Elapsed time in solve driver=       0.3008
  127 KSP Residual norm 5.903489546463e-08

Entering DMUMPS 5.6.2 from C interface with JOB, N =   3     1237277
      executing #MPI =    128 and #OMP =      2



 ****** SOLVE & CHECK STEP ********

 GLOBAL STATISTICS PRIOR SOLVE PHASE ...........
 Number of right-hand-sides                    =           1
 Blocking factor for multiple rhs              =           1
 ICNTL (9)                                     =           1
  --- (10)                                     =           0
  --- (11)                                     =           0
  --- (20)                                     =          10
  --- (21)                                     =           1
  --- (30)                                     =           0
  --- (35)                                     =           0
 WARNING: original distributed matrix is not allocated
 ** Rank of processor needing largest memory in solve     :       126
 ** Space in MBYTES used by this processor for solve      :       803
 ** Avg. Space in MBYTES per working proc during solve    :       421

 Leaving solve with ...
 Time to build/scatter RHS        =       0.001887
 Time in solution step (fwd/bwd)  =       0.152373
  .. Time in forward (fwd) step   =          0.078662
  .. Time in ScaLAPACK root       =          0.001485
  .. Time in backward (bwd) step  =          0.072200
 Time to gather solution(cent.sol)=       0.000000
 Time to copy/scale dist. solution=       0.000534

 Elapsed time in solve driver=       0.3006
  128 KSP Residual norm 5.033267429920e-08

Entering DMUMPS 5.6.2 from C interface with JOB, N =   3     1237277
      executing #MPI =    128 and #OMP =      2



 ****** SOLVE & CHECK STEP ********

 GLOBAL STATISTICS PRIOR SOLVE PHASE ...........
 Number of right-hand-sides                    =           1
 Blocking factor for multiple rhs              =           1
 ICNTL (9)                                     =           1
  --- (10)                                     =           0
  --- (11)                                     =           0
  --- (20)                                     =          10
  --- (21)                                     =           1
  --- (30)                                     =           0
  --- (35)                                     =           0
 WARNING: original distributed matrix is not allocated
 ** Rank of processor needing largest memory in solve     :       126
 ** Space in MBYTES used by this processor for solve      :       803
 ** Avg. Space in MBYTES per working proc during solve    :       421

 Leaving solve with ...
 Time to build/scatter RHS        =       0.004528
 Time in solution step (fwd/bwd)  =       0.150696
  .. Time in forward (fwd) step   =          0.076972
  .. Time in ScaLAPACK root       =          0.001493
  .. Time in backward (bwd) step  =          0.072212
 Time to gather solution(cent.sol)=       0.000000
 Time to copy/scale dist. solution=       0.000565

 Elapsed time in solve driver=       0.3007
  129 KSP Residual norm 4.267961141883e-08

Entering DMUMPS 5.6.2 from C interface with JOB, N =   3     1237277
      executing #MPI =    128 and #OMP =      2



 ****** SOLVE & CHECK STEP ********

 GLOBAL STATISTICS PRIOR SOLVE PHASE ...........
 Number of right-hand-sides                    =           1
 Blocking factor for multiple rhs              =           1
 ICNTL (9)                                     =           1
  --- (10)                                     =           0
  --- (11)                                     =           0
  --- (20)                                     =          10
  --- (21)                                     =           1
  --- (30)                                     =           0
  --- (35)                                     =           0
 WARNING: original distributed matrix is not allocated
 ** Rank of processor needing largest memory in solve     :       126
 ** Space in MBYTES used by this processor for solve      :       803
 ** Avg. Space in MBYTES per working proc during solve    :       421

 Leaving solve with ...
 Time to build/scatter RHS        =       0.001910
 Time in solution step (fwd/bwd)  =       0.151217
  .. Time in forward (fwd) step   =          0.077043
  .. Time in ScaLAPACK root       =          0.001500
  .. Time in backward (bwd) step  =          0.072655
 Time to gather solution(cent.sol)=       0.000000
 Time to copy/scale dist. solution=       0.000545

 Elapsed time in solve driver=       0.3051
  130 KSP Residual norm 3.788080052789e-08

Entering DMUMPS 5.6.2 from C interface with JOB, N =   3     1237277
      executing #MPI =    128 and #OMP =      2



 ****** SOLVE & CHECK STEP ********

 GLOBAL STATISTICS PRIOR SOLVE PHASE ...........
 Number of right-hand-sides                    =           1
 Blocking factor for multiple rhs              =           1
 ICNTL (9)                                     =           1
  --- (10)                                     =           0
  --- (11)                                     =           0
  --- (20)                                     =          10
  --- (21)                                     =           1
  --- (30)                                     =           0
  --- (35)                                     =           0
 WARNING: original distributed matrix is not allocated
 ** Rank of processor needing largest memory in solve     :       126
 ** Space in MBYTES used by this processor for solve      :       803
 ** Avg. Space in MBYTES per working proc during solve    :       421

 Leaving solve with ...
 Time to build/scatter RHS        =       0.002001
 Time in solution step (fwd/bwd)  =       0.149581
  .. Time in forward (fwd) step   =          0.077297
  .. Time in ScaLAPACK root       =          0.001482
  .. Time in backward (bwd) step  =          0.070783
 Time to gather solution(cent.sol)=       0.000000
 Time to copy/scale dist. solution=       0.000532

 Elapsed time in solve driver=       0.2984
  131 KSP Residual norm 3.433183301962e-08

Entering DMUMPS 5.6.2 from C interface with JOB, N =   3     1237277
      executing #MPI =    128 and #OMP =      2



 ****** SOLVE & CHECK STEP ********

 GLOBAL STATISTICS PRIOR SOLVE PHASE ...........
 Number of right-hand-sides                    =           1
 Blocking factor for multiple rhs              =           1
 ICNTL (9)                                     =           1
  --- (10)                                     =           0
  --- (11)                                     =           0
  --- (20)                                     =          10
  --- (21)                                     =           1
  --- (30)                                     =           0
  --- (35)                                     =           0
 WARNING: original distributed matrix is not allocated
 ** Rank of processor needing largest memory in solve     :       126
 ** Space in MBYTES used by this processor for solve      :       803
 ** Avg. Space in MBYTES per working proc during solve    :       421

 Leaving solve with ...
 Time to build/scatter RHS        =       0.001916
 Time in solution step (fwd/bwd)  =       0.150580
  .. Time in forward (fwd) step   =          0.077181
  .. Time in ScaLAPACK root       =          0.001489
  .. Time in backward (bwd) step  =          0.071889
 Time to gather solution(cent.sol)=       0.000000
 Time to copy/scale dist. solution=       0.000528

 Elapsed time in solve driver=       0.3007
  132 KSP Residual norm 3.198730637474e-08
KSP Object: 128 MPI processes
  type: gmres
    restart=2000, using Classical (unmodified) Gram-Schmidt Orthogonalization with no iterative refinement
    happy breakdown tolerance 1e-30
  maximum iterations=10000, initial guess is zero
  tolerances: relative=1e-07, absolute=1e-50, divergence=10000.
  left preconditioning
  using PRECONDITIONED norm type for convergence test
PC Object: 128 MPI processes
  type: lu
    out-of-place factorization
    tolerance for zero pivot 2.22045e-14
    matrix ordering: external
    factor fill ratio given 0., needed 0.
      Factored matrix follows:
        Mat Object: 128 MPI processes
          type: mumps
          rows=1237277, cols=1237277
          package used to perform factorization: mumps
          total: nonzeros=-1113967296, allocated nonzeros=-1113967296
            MUMPS run parameters:
              Use -ksp_view ::ascii_info_detail to display information for all processes
              RINFOG(1) (global estimated flops for the elimination after analysis): 8.6696e+12
              RINFOG(2) (global estimated flops for the assembly after factorization): 1.06979e+10
              RINFOG(3) (global estimated flops for the elimination after factorization): 8.66933e+12
              (RINFOG(12) RINFOG(13))*2^INFOG(34) (determinant): (0.,0.)*(2^0)
              INFOG(3) (estimated real workspace for factors on all processors after analysis): -3198
              INFOG(4) (estimated integer workspace for factors on all processors after analysis): 21618826
              INFOG(5) (estimated maximum front size in the complete tree): 6992
              INFOG(6) (number of nodes in the complete tree): 15484
              INFOG(7) (ordering option effectively used after analysis): 3
              INFOG(8) (structural symmetry in percent of the permuted matrix after analysis): -1
              INFOG(9) (total real/complex workspace to store the matrix factors after factorization): -3181
              INFOG(10) (total integer space store the matrix factors after factorization): 20639298
              INFOG(11) (order of largest frontal matrix after factorization): 6992
              INFOG(12) (number of off-diagonal pivots): 0
              INFOG(13) (number of delayed pivots after factorization): 0
              INFOG(14) (number of memory compress after factorization): 223
              INFOG(15) (number of steps of iterative refinement after solution): 0
              INFOG(16) (estimated size (in MB) of all MUMPS internal data for factorization after analysis: value on the most memory consuming processor): 944
              INFOG(17) (estimated size of all MUMPS internal data for factorization after analysis: sum over all processors): 71470
              INFOG(18) (size of all MUMPS internal data allocated during factorization: value on the most memory consuming processor): 944
              INFOG(19) (size of all MUMPS internal data allocated during factorization: sum over all processors): 71470
              INFOG(20) (estimated number of entries in the factors): -3181
              INFOG(21) (size in MB of memory effectively used during factorization - value on the most memory consuming processor): 675
              INFOG(22) (size in MB of memory effectively used during factorization - sum over all processors): 57912
              INFOG(23) (after analysis: value of ICNTL(6) effectively used): 0
              INFOG(24) (after analysis: value of ICNTL(12) effectively used): 1
              INFOG(25) (after factorization: number of pivots modified by static pivoting): 0
              INFOG(28) (after factorization: number of null pivots encountered): 0
              INFOG(29) (after factorization: effective number of entries in the factors (sum over all processors)): -3181
              INFOG(30, 31) (after solution: size in Mbytes of memory used during solution phase): 803, 53898
              INFOG(32) (after analysis: type of analysis done): 1
              INFOG(33) (value used for ICNTL(8)): 7
              INFOG(34) (exponent of the determinant if determinant is requested): 0
              INFOG(35) (after factorization: number of entries taking into account BLR factor compression - sum over all processors): -3181
              INFOG(36) (after analysis: estimated size of all MUMPS internal data for running BLR in-core - value on the most memory consuming processor): 0
              INFOG(37) (after analysis: estimated size of all MUMPS internal data for running BLR in-core - sum over all processors): 0
              INFOG(38) (after analysis: estimated size of all MUMPS internal data for running BLR out-of-core - value on the most memory consuming processor): 0
              INFOG(39) (after analysis: estimated size of all MUMPS internal data for running BLR out-of-core - sum over all processors): 0
  linear system matrix followed by preconditioner matrix:
  Mat Object: 128 MPI processes
    type: mpiaij
    rows=1237277, cols=1237277
    total: nonzeros=49824155, allocated nonzeros=175740734
    total number of mallocs used during MatSetValues calls=0
      not using I-node (on process 0) routines
  Mat Object: 128 MPI processes
    type: mpiaij
    rows=1237277, cols=1237277
    total: nonzeros=33192601, allocated nonzeros=175740734
    total number of mallocs used during MatSetValues calls=0
      not using I-node (on process 0) routines
 evaluateResidual called.
 Beginning preallocation for whichMatrix =            3
 Running populateMatrix with whichMatrix =            3
 Time to pre-assemble residual f1 matrix:   0.38676037499999438       seconds.
 Time to assemble residual f1 matrix:   0.21774005699990084       seconds.
 # of nonzeros in residual f1 matrix:    49824155 , allocated:   175740734 , mallocs:           0  (should be 0)
--------- Completed iteration    1 of SNES -----------------------------------
--------- Residual function norm:  1.0646693E-06 -----------------------------
 Linear iteration (KSP) converged.  KSPConvergedReason =            2
   KSP_CONVERGED_RTOL: Norm decreased by rtol.
 Computing diagnostics.
 Initializing f0
    FSADensityPerturbation:    -1.2038241121493368E-016
    FSABFlow:                  -3.4773594465043320
    max and min Mach #:        -6.4955156688895316E-002  -6.9578923586587169E-002
    FSAPressurePerturbation:   -3.7036515092646623E-016
    NTV:                        0.0000000000000000
    particleFlux_vm0_psiHat     2.1313201837490315E-018
    particleFlux_vm_psiHat      1.5240834520748203E-005
    classicalParticleFlux       0.0000000000000000
    classicalHeatFlux           3.8601958500430297E-005
    momentumFlux_vm0_psiHat     0.0000000000000000
    momentumFlux_vm_psiHat      5.4110044129156124E-007
    heatFlux_vm0_psiHat         2.1189058571158357E-018
    heatFlux_vm_psiHat          1.1645199378030889E-004
    particle source             5.5807026126420726E-008
    heat source                -1.0848401696762296E-004
 FSABjHat (bootstrap current):   -3.4773594465043320
 Saving diagnostics to h5 file for iteration            1
 Done with the main solve.  Time to solve:    98.356203446000109       seconds.

Entering DMUMPS 5.6.2 from C interface with JOB =  -2
      executing #MPI =    128 and #OMP =      2
 Goodbye!
