Commence .bash_profile.ext
 ****************************************************************************
 SFINCS: Stellarator Fokker-Plank Iterative Neoclassical Conservative Solver
 Version 3
 Using double precision.
 Parallel job ( 128 processes) detected.
 Successfully read parameters from general namelist in input.namelist.
 Successfully read parameters from geometryParameters namelist in input.namelist.
 Successfully read parameters from speciesParameters namelist in input.namelist.
 Successfully read parameters from physicsParameters namelist in input.namelist.
 Successfully read parameters from resolutionParameters namelist in input.namelist.
 Successfully read parameters from otherNumericalParameters namelist in input.namelist.
 Successfully read parameters from preconditionerOptions namelist in input.namelist.
 Successfully read parameters from export_f namelist in input.namelist.
 mumps detected
 superlu_dist not detected
 ---- Physics parameters: ----
 Number of particle species =            1
 Delta (rho* at reference parameters)          =    4.5694000000000004E-003
 alpha (e Phi / T at reference parameters)     =    1.0000000000000000
 nu_n (collisionality at reference parameters) =    8.3300000000000006E-003
 Linear run
 ---- Numerical parameters: ----
 Ntheta             =           25
 Nzeta              =           81
 Nxi                =          140
 NL                 =            4
 Nx                 =            7
 solverTolerance    =    9.9999999999999995E-008
 Theta derivative: centered finite differences, 5-point stencil
 Zeta derivative: centered finite differences, 5-point stencil
 For solving large linear systems, an iterative Krylov solver will be used.
 Processor    0 owns theta indices   1 to  25 and zeta indices   1 to   1
 Processor    1 owns theta indices   1 to  25 and zeta indices   2 to   2
 Processor    2 owns theta indices   1 to  25 and zeta indices   3 to   3
 Processor    3 owns theta indices   1 to  25 and zeta indices   4 to   4
 Processor    4 owns theta indices   1 to  25 and zeta indices   5 to   5
 Processor    5 owns theta indices   1 to  25 and zeta indices   6 to   6
 Processor    6 owns theta indices   1 to  25 and zeta indices   7 to   7
 Processor    7 owns theta indices   1 to  25 and zeta indices   8 to   8
 Processor    8 owns theta indices   1 to  25 and zeta indices   9 to   9
 Processor    9 owns theta indices   1 to  25 and zeta indices  10 to  10
 Processor   10 owns theta indices   1 to  25 and zeta indices  11 to  11
 Processor   11 owns theta indices   1 to  25 and zeta indices  12 to  12
 Processor   12 owns theta indices   1 to  25 and zeta indices  13 to  13
 Processor   13 owns theta indices   1 to  25 and zeta indices  14 to  14
 Processor   14 owns theta indices   1 to  25 and zeta indices  15 to  15
 Processor   15 owns theta indices   1 to  25 and zeta indices  16 to  16
 Processor   16 owns theta indices   1 to  25 and zeta indices  17 to  17
 Processor   17 owns theta indices   1 to  25 and zeta indices  18 to  18
 Processor   18 owns theta indices   1 to  25 and zeta indices  19 to  19
 Processor   19 owns theta indices   1 to  25 and zeta indices  20 to  20
 Processor   20 owns theta indices   1 to  25 and zeta indices  21 to  21
 Processor   21 owns theta indices   1 to  25 and zeta indices  22 to  22
 Processor   22 owns theta indices   1 to  25 and zeta indices  23 to  23
 Processor   23 owns theta indices   1 to  25 and zeta indices  24 to  24
 Processor   24 owns theta indices   1 to  25 and zeta indices  25 to  25
 Processor   25 owns theta indices   1 to  25 and zeta indices  26 to  26
 Processor   26 owns theta indices   1 to  25 and zeta indices  27 to  27
 Processor   27 owns theta indices   1 to  25 and zeta indices  28 to  28
 Processor   28 owns theta indices   1 to  25 and zeta indices  29 to  29
 Processor   29 owns theta indices   1 to  25 and zeta indices  30 to  30
 Processor   30 owns theta indices   1 to  25 and zeta indices  31 to  31
 Processor   31 owns theta indices   1 to  25 and zeta indices  32 to  32
 Processor   32 owns theta indices   1 to  25 and zeta indices  33 to  33
 Processor   33 owns theta indices   1 to  25 and zeta indices  34 to  34
 Processor   34 owns theta indices   1 to  25 and zeta indices  35 to  35
 Processor   35 owns theta indices   1 to  25 and zeta indices  36 to  36
 Processor   36 owns theta indices   1 to  25 and zeta indices  37 to  37
 Processor   37 owns theta indices   1 to  25 and zeta indices  38 to  38
 Processor   38 owns theta indices   1 to  25 and zeta indices  39 to  39
 Processor   39 owns theta indices   1 to  25 and zeta indices  40 to  40
 Processor   40 owns theta indices   1 to  25 and zeta indices  41 to  41
 Processor   41 owns theta indices   1 to  25 and zeta indices  42 to  42
 Processor   42 owns theta indices   1 to  25 and zeta indices  43 to  43
 Processor   43 owns theta indices   1 to  25 and zeta indices  44 to  44
 Processor   44 owns theta indices   1 to  25 and zeta indices  45 to  45
 Processor   45 owns theta indices   1 to  25 and zeta indices  46 to  46
 Processor   46 owns theta indices   1 to  25 and zeta indices  47 to  47
 Processor   47 owns theta indices   1 to  25 and zeta indices  48 to  48
 Processor   48 owns theta indices   1 to  25 and zeta indices  49 to  49
 Processor   49 owns theta indices   1 to  25 and zeta indices  50 to  50
 Processor   50 owns theta indices   1 to  25 and zeta indices  51 to  51
 Processor   51 owns theta indices   1 to  25 and zeta indices  52 to  52
 Processor   52 owns theta indices   1 to  25 and zeta indices  53 to  53
 Processor   53 owns theta indices   1 to  25 and zeta indices  54 to  54
 Processor   54 owns theta indices   1 to  25 and zeta indices  55 to  55
 Processor   55 owns theta indices   1 to  25 and zeta indices  56 to  56
 Processor   56 owns theta indices   1 to  25 and zeta indices  57 to  57
 Processor   57 owns theta indices   1 to  25 and zeta indices  58 to  58
 Processor   58 owns theta indices   1 to  25 and zeta indices  59 to  59
 Processor   59 owns theta indices   1 to  25 and zeta indices  60 to  60
 Processor   60 owns theta indices   1 to  25 and zeta indices  61 to  61
 Processor   61 owns theta indices   1 to  25 and zeta indices  62 to  62
 Processor   62 owns theta indices   1 to  25 and zeta indices  63 to  63
 Processor   63 owns theta indices   1 to  25 and zeta indices  64 to  64
 Processor   64 owns theta indices   1 to  25 and zeta indices  65 to  65
 Processor   65 owns theta indices   1 to  25 and zeta indices  66 to  66
 Processor   66 owns theta indices   1 to  25 and zeta indices  67 to  67
 Processor   67 owns theta indices   1 to  25 and zeta indices  68 to  68
 Processor   68 owns theta indices   1 to  25 and zeta indices  69 to  69
 Processor   69 owns theta indices   1 to  25 and zeta indices  70 to  70
 Processor   70 owns theta indices   1 to  25 and zeta indices  71 to  71
 Processor   71 owns theta indices   1 to  25 and zeta indices  72 to  72
 Processor   72 owns theta indices   1 to  25 and zeta indices  73 to  73
 Processor   73 owns theta indices   1 to  25 and zeta indices  74 to  74
 Processor   74 owns theta indices   1 to  25 and zeta indices  75 to  75
 Processor   75 owns theta indices   1 to  25 and zeta indices  76 to  76
 Processor   76 owns theta indices   1 to  25 and zeta indices  77 to  77
 Processor   77 owns theta indices   1 to  25 and zeta indices  78 to  78
 Processor   78 owns theta indices   1 to  25 and zeta indices  79 to  79
 Processor   79 owns theta indices   1 to  25 and zeta indices  80 to  80
 Processor   80 owns theta indices   1 to  25 and zeta indices  81 to  81
 Processor   81 owns theta indices   1 to  25 and zeta indices  82 to  81
 Processor   82 owns theta indices   1 to  25 and zeta indices  82 to  81
 Processor   83 owns theta indices   1 to  25 and zeta indices  82 to  81
 Processor   84 owns theta indices   1 to  25 and zeta indices  82 to  81
 Processor   85 owns theta indices   1 to  25 and zeta indices  82 to  81
 Processor   86 owns theta indices   1 to  25 and zeta indices  82 to  81
 Processor   87 owns theta indices   1 to  25 and zeta indices  82 to  81
 Processor   88 owns theta indices   1 to  25 and zeta indices  82 to  81
 Processor   89 owns theta indices   1 to  25 and zeta indices  82 to  81
 Processor   90 owns theta indices   1 to  25 and zeta indices  82 to  81
 Processor   91 owns theta indices   1 to  25 and zeta indices  82 to  81
 Processor   92 owns theta indices   1 to  25 and zeta indices  82 to  81
 Processor   93 owns theta indices   1 to  25 and zeta indices  82 to  81
 Processor   94 owns theta indices   1 to  25 and zeta indices  82 to  81
 Processor   95 owns theta indices   1 to  25 and zeta indices  82 to  81
 Processor   96 owns theta indices   1 to  25 and zeta indices  82 to  81
 Processor   97 owns theta indices   1 to  25 and zeta indices  82 to  81
 Processor   98 owns theta indices   1 to  25 and zeta indices  82 to  81
 Processor   99 owns theta indices   1 to  25 and zeta indices  82 to  81
 Processor  100 owns theta indices   1 to  25 and zeta indices  82 to  81
 Processor  101 owns theta indices   1 to  25 and zeta indices  82 to  81
 Processor  102 owns theta indices   1 to  25 and zeta indices  82 to  81
 Processor  103 owns theta indices   1 to  25 and zeta indices  82 to  81
 Processor  104 owns theta indices   1 to  25 and zeta indices  82 to  81
 Processor  105 owns theta indices   1 to  25 and zeta indices  82 to  81
 Processor  106 owns theta indices   1 to  25 and zeta indices  82 to  81
 Processor  107 owns theta indices   1 to  25 and zeta indices  82 to  81
 Processor  108 owns theta indices   1 to  25 and zeta indices  82 to  81
 Processor  109 owns theta indices   1 to  25 and zeta indices  82 to  81
 Processor  110 owns theta indices   1 to  25 and zeta indices  82 to  81
 Processor  111 owns theta indices   1 to  25 and zeta indices  82 to  81
 Processor  112 owns theta indices   1 to  25 and zeta indices  82 to  81
 Processor  113 owns theta indices   1 to  25 and zeta indices  82 to  81
 Processor  114 owns theta indices   1 to  25 and zeta indices  82 to  81
 Processor  115 owns theta indices   1 to  25 and zeta indices  82 to  81
 Processor  116 owns theta indices   1 to  25 and zeta indices  82 to  81
 Processor  117 owns theta indices   1 to  25 and zeta indices  82 to  81
 Processor  118 owns theta indices   1 to  25 and zeta indices  82 to  81
 Processor  119 owns theta indices   1 to  25 and zeta indices  82 to  81
 Processor  120 owns theta indices   1 to  25 and zeta indices  82 to  81
 Processor  121 owns theta indices   1 to  25 and zeta indices  82 to  81
 Processor  122 owns theta indices   1 to  25 and zeta indices  82 to  81
 Processor  123 owns theta indices   1 to  25 and zeta indices  82 to  81
 Processor  124 owns theta indices   1 to  25 and zeta indices  82 to  81
 Processor  125 owns theta indices   1 to  25 and zeta indices  82 to  81
 Processor  126 owns theta indices   1 to  25 and zeta indices  82 to  81
 Processor  127 owns theta indices   1 to  25 and zeta indices  82 to  81
 Nxi_for_x_option:           1
 x:   6.3716484606701013E-002  0.31819201888861848       0.72419898925837300        1.2380355992150891        1.8385282202709461        2.5314881513276766        3.3734564301245800
 Nxi for each x:          18          34          59          91         129         140         140
 min_x_for_L:           1           1           1           1           1           1           1           1           1           1           1           1           1           1           1           1           1           1           2           2           2           2           2           2           2           2           2           2           2           2           2           2           2           2           3           3           3           3           3           3           3           3           3           3           3           3           3           3           3           3           3           3           3           3           3           3           3           3           3           4           4           4           4           4           4           4           4           4           4           4           4           4           4           4           4           4           4           4           4           4           4           4           4           4           4           4           4           4           4           4           4           5           5           5           5           5           5           5           5           5           5           5           5           5           5           5           5           5           5           5           5           5           5           5           5           5           5           5           5           5           5           5           5           5           5           5           5           5           5           6           6           6           6           6           6           6           6           6           6           6
 The matrix is      1237277 x     1237277  elements.
 Selecting the flux surface to use based on rN_wish =   0.50000000000000000
 Reading VMEC geometry from file /pscratch/sd/l/landrema/20251212-01-sfincs_for_yancc_benchmarks//wout_NCSX.nc
 Using radial index  33 of 128 from vmec's half mesh.
 Including  213 of  221 stellarator-symmetric modes from the VMEC file.
 Equilibrium is stellarator-symmetric.
 Successfully read VMEC geometry file /pscratch/sd/l/landrema/20251212-01-sfincs_for_yancc_benchmarks//wout_NCSX.nc
 ---- Geometry parameters: ----
 Geometry scheme =            5
 psiAHat (Normalized toroidal flux at the last closed flux surface) =    7.9111180348606772E-002
 aHat (Radius of the last closed flux surface in units of RHat) =   0.32263403817640657
 GHat (Boozer component multiplying grad zeta) =    2.3203011774859217
 IHat (Boozer component multiplying grad theta) =    3.3412089914728804E-003
 iota (Rotational transform) =   0.46825939689977847
 ---- Geometry parameters: ----
 Geometry scheme =            5
 psiAHat (Normalized toroidal flux at the last closed flux surface) =    7.9111180348606772E-002
 aHat (Radius of the last closed flux surface in units of RHat) =   0.32263403817640657
 GHat (Boozer component multiplying grad zeta) =    2.3203011774859217
 IHat (Boozer component multiplying grad theta) =    3.3412089914728804E-003
 iota (Rotational transform) =   0.46825939689977847
 ------------------------------------------------------
 Done creating grids.
 Requested/actual flux surface for this calculation, in various radial coordinates:
   psiHat =    1.9777795087151693E-002 /   1.9622064417174120E-002
   psiN   =   0.25000000000000000      /  0.24803149606299213
   rHat   =   0.16131701908820328      /  0.16068065755800051
   rN     =   0.50000000000000000      /  0.49802760572381138
 Selecting the input gradients of n & T from the specified ddrHat values.
 Selecting the input gradient of Phi from the specified Er.
 Entering main solver loop.
 Initializing f0
 Beginning preallocation for whichMatrix =            1
 Beginning preallocation for whichMatrix =            0
 Since this is a linear run, we will only take a single step, and not iterate Newton's method.
 Solver package which will be used: mumps
 ------------------------------------------------------
 Finished initialization.
 Beginning the main solve.  This could take a while ...
 evaluateResidual called.
 State vector is 0 so I will skip building the first matrix when evaluating the residual.
--------- Residual function norm:  6.0883332E-01 -----------------------------
 evaluateJacobian called.
 Running populateMatrix with whichMatrix =            0
 Time to pre-assemble Jacobian preconditioner matrix:   0.36290244700012408       seconds.
 Time to assemble Jacobian preconditioner matrix:   0.16321100699997260       seconds.
 # of nonzeros in Jacobian preconditioner matrix:    33192601 , allocated:   175740734 , mallocs:           0  (should be 0)
 Running populateMatrix with whichMatrix =            1
 Time to pre-assemble Jacobian matrix:   0.35222469000018464       seconds.
 Time to assemble Jacobian matrix:   0.22440694499982783       seconds.
 # of nonzeros in Jacobian matrix:    49824155 , allocated:   175740734 , mallocs:           0  (should be 0)

Entering DMUMPS 5.6.2 from C interface with JOB, N =   1     1237277
      executing #MPI =    128 and #OMP =      2

 =================================================
 MUMPS compiled with option -Dmetis
 MUMPS compiled with option -Dparmetis
 MUMPS compiled with option -Dpord
 MUMPS compiled with option -Dptscotch
 MUMPS compiled with option -Dscotch
 =================================================
L U Solver for unsymmetric matrices
Type of parallelism: Working host

 ****** ANALYSIS STEP ********

 ** Maximum transversal (ICNTL(6)) not allowed because matrix is distributed
 Processing a graph of size:   1237277 with      31969492 edges
 Ordering based on SCOTCH
 ELAPSED TIME SPENT IN SCOTCH reordering =     43.7116
 A root of estimated size         2127  has been selected for Scalapack.

Leaving analysis phase with  ...
 INFOG(1)                                       =               0
 INFOG(2)                                       =               0
 -- (20) Number of entries in factors (estim.)  =      3152478731
 --  (3) Real space for factors    (estimated)  =      3179569010
 --  (4) Integer space for factors (estimated)  =        23514642
 --  (5) Maximum frontal size      (estimated)  =            6426
 --  (6) Number of nodes in the tree            =           15630
 -- (32) Type of analysis effectively used      =               1
 --  (7) Ordering option effectively used       =               3
 ICNTL (6) Maximum transversal option           =               0
 ICNTL (7) Pivot order option                   =               3
 ICNTL(13) Parallelism/splitting of root node   =               0
 ICNTL(14) Percentage of memory relaxation      =              50
 ICNTL(15) Analysis by block effectively used   =               0
 ICNTL(18) Distributed input matrix (on if >0)  =               3
 ICNTL(58) Symbolic factorization option        =               2
 Number of level 2 nodes                        =             519
 Number of split nodes                          =             332
 RINFOG(1) Operations during elimination (estim)= 8.453D+12
 Distributed matrix entry format (ICNTL(18))    =               3

 MEMORY ESTIMATIONS ...
 Estimations with standard Full-Rank (FR) factorization:
    Maximum estim. space in Mbytes, IC facto.    (INFOG(16)):         897
    Total space in MBytes, IC factorization      (INFOG(17)):       69573
    Maximum estim. space in Mbytes, OOC facto.   (INFOG(26)):         486
    Total space in MBytes,  OOC factorization    (INFOG(27)):       47381

 Elapsed time in analysis driver=      44.7581

Entering DMUMPS 5.6.2 from C interface with JOB, N =   2     1237277
      executing #MPI =    128 and #OMP =      2



****** FACTORIZATION STEP ********

 GLOBAL STATISTICS PRIOR NUMERICAL FACTORIZATION ...
 Number of working processes                =             128
 ICNTL(22) Out-of-core option               =               0
 ICNTL(35) BLR activation (eff. choice)     =               0
 ICNTL(37) BLR CB compression (eff. choice) =               0
 ICNTL(49) Compact workarray S (end facto.) =               0
 ICNTL(14) Memory relaxation                =              50
 INFOG(3) Real space for factors (estimated)=      3179569010
 INFOG(4) Integer space for factors (estim.)=        23514642
 Maximum frontal size (estimated)           =            6426
 Number of nodes in the tree                =           15630
 ICNTL(23) Memory allowed (value on host)   =               0
           Sum over all procs               =               0
 Memory provided by user, sum of LWK_USER   =               0
 Effective threshold for pivoting, CNTL(1)  =      0.1000D-02
 Max difference from 1 after scaling the entries for ONE-NORM (option 7/8)   = 0.44D+01
 Average Effective size of S     (based on INFO(39))=             43494552

 Redistrib: total data local/sent           =         1213513       182372234

 Elapsed time to reformat/distribute matrix =      0.1606
 ** Memory allocated, max in Mbytes             (INFOG(18)):         897

 ** Memory allocated, total in Mbytes           (INFOG(19)):       69573
 ** Memory effectively used, max in  Mbytes     (INFOG(21)):         653
 ** Memory effectively used, total in Mbytes    (INFOG(22)):       56967

 Elapsed time to process root node                  =      0.0792

 Elapsed time for factorization                     =     10.3225

Leaving factorization with ...
 RINFOG (2) Operations in node assembly             = 1.219D+10
 ------ (3) Operations in node elimination          = 8.453D+12
 ICNTL  (8) Scaling effectively used                =               7
 INFOG  (9) Real space for factors                  =      3152457957
 INFOG (10) Integer space for factors               =        22103678
 INFOG (11) Maximum front size                      =            6426
 INFOG (29) Number of entries in factors            =      3152457957
 INFOG (12) Number of off diagonal pivots           =               0
 INFOG (13) Number of delayed pivots                =               0
 INFOG (14) Number of memory compress               =             303

 Elapsed time in factorization driver               =     10.9379

Entering DMUMPS 5.6.2 from C interface with JOB, N =   3     1237277
      executing #MPI =    128 and #OMP =      2



 ****** SOLVE & CHECK STEP ********

 GLOBAL STATISTICS PRIOR SOLVE PHASE ...........
 Number of right-hand-sides                    =           1
 Blocking factor for multiple rhs              =           1
 ICNTL (9)                                     =           1
  --- (10)                                     =           0
  --- (11)                                     =           0
  --- (20)                                     =          10
  --- (21)                                     =           1
  --- (30)                                     =           0
  --- (35)                                     =           0
 WARNING: original distributed matrix is not allocated
 ** Rank of processor needing largest memory in solve     :       127
 ** Space in MBYTES used by this processor for solve      :       756
 ** Avg. Space in MBYTES per working proc during solve    :       405

 Leaving solve with ...
 Time to build/scatter RHS        =       0.002864
 Time in solution step (fwd/bwd)  =       0.162055
  .. Time in forward (fwd) step   =          0.078847
  .. Time in ScaLAPACK root       =          0.002887
  .. Time in backward (bwd) step  =          0.080524
 Time to gather solution(cent.sol)=       0.000000
 Time to copy/scale dist. solution=       0.000769

 Elapsed time in solve driver=       0.3649
    0 KSP Residual norm 3.648883277197e-01

Entering DMUMPS 5.6.2 from C interface with JOB, N =   3     1237277
      executing #MPI =    128 and #OMP =      2



 ****** SOLVE & CHECK STEP ********

 GLOBAL STATISTICS PRIOR SOLVE PHASE ...........
 Number of right-hand-sides                    =           1
 Blocking factor for multiple rhs              =           1
 ICNTL (9)                                     =           1
  --- (10)                                     =           0
  --- (11)                                     =           0
  --- (20)                                     =          10
  --- (21)                                     =           1
  --- (30)                                     =           0
  --- (35)                                     =           0
 WARNING: original distributed matrix is not allocated
 ** Rank of processor needing largest memory in solve     :       127
 ** Space in MBYTES used by this processor for solve      :       756
 ** Avg. Space in MBYTES per working proc during solve    :       405

 Leaving solve with ...
 Time to build/scatter RHS        =       0.002217
 Time in solution step (fwd/bwd)  =       0.147242
  .. Time in forward (fwd) step   =          0.076703
  .. Time in ScaLAPACK root       =          0.001715
  .. Time in backward (bwd) step  =          0.068794
 Time to gather solution(cent.sol)=       0.000000
 Time to copy/scale dist. solution=       0.000506

 Elapsed time in solve driver=       0.3006
    1 KSP Residual norm 3.645790046960e-01

Entering DMUMPS 5.6.2 from C interface with JOB, N =   3     1237277
      executing #MPI =    128 and #OMP =      2



 ****** SOLVE & CHECK STEP ********

 GLOBAL STATISTICS PRIOR SOLVE PHASE ...........
 Number of right-hand-sides                    =           1
 Blocking factor for multiple rhs              =           1
 ICNTL (9)                                     =           1
  --- (10)                                     =           0
  --- (11)                                     =           0
  --- (20)                                     =          10
  --- (21)                                     =           1
  --- (30)                                     =           0
  --- (35)                                     =           0
 WARNING: original distributed matrix is not allocated
 ** Rank of processor needing largest memory in solve     :       127
 ** Space in MBYTES used by this processor for solve      :       756
 ** Avg. Space in MBYTES per working proc during solve    :       405

 Leaving solve with ...
 Time to build/scatter RHS        =       0.002162
 Time in solution step (fwd/bwd)  =       0.144543
  .. Time in forward (fwd) step   =          0.074653
  .. Time in ScaLAPACK root       =          0.001632
  .. Time in backward (bwd) step  =          0.068238
 Time to gather solution(cent.sol)=       0.000000
 Time to copy/scale dist. solution=       0.000492

 Elapsed time in solve driver=       0.2962
    2 KSP Residual norm 3.610586869562e-01

Entering DMUMPS 5.6.2 from C interface with JOB, N =   3     1237277
      executing #MPI =    128 and #OMP =      2



 ****** SOLVE & CHECK STEP ********

 GLOBAL STATISTICS PRIOR SOLVE PHASE ...........
 Number of right-hand-sides                    =           1
 Blocking factor for multiple rhs              =           1
 ICNTL (9)                                     =           1
  --- (10)                                     =           0
  --- (11)                                     =           0
  --- (20)                                     =          10
  --- (21)                                     =           1
  --- (30)                                     =           0
  --- (35)                                     =           0
 WARNING: original distributed matrix is not allocated
 ** Rank of processor needing largest memory in solve     :       127
 ** Space in MBYTES used by this processor for solve      :       756
 ** Avg. Space in MBYTES per working proc during solve    :       405

 Leaving solve with ...
 Time to build/scatter RHS        =       0.002381
 Time in solution step (fwd/bwd)  =       0.140270
  .. Time in forward (fwd) step   =          0.074892
  .. Time in ScaLAPACK root       =          0.001629
  .. Time in backward (bwd) step  =          0.063725
 Time to gather solution(cent.sol)=       0.000000
 Time to copy/scale dist. solution=       0.000481

 Elapsed time in solve driver=       0.2947
    3 KSP Residual norm 3.570527189105e-01

Entering DMUMPS 5.6.2 from C interface with JOB, N =   3     1237277
      executing #MPI =    128 and #OMP =      2



 ****** SOLVE & CHECK STEP ********

 GLOBAL STATISTICS PRIOR SOLVE PHASE ...........
 Number of right-hand-sides                    =           1
 Blocking factor for multiple rhs              =           1
 ICNTL (9)                                     =           1
  --- (10)                                     =           0
  --- (11)                                     =           0
  --- (20)                                     =          10
  --- (21)                                     =           1
  --- (30)                                     =           0
  --- (35)                                     =           0
 WARNING: original distributed matrix is not allocated
 ** Rank of processor needing largest memory in solve     :       127
 ** Space in MBYTES used by this processor for solve      :       756
 ** Avg. Space in MBYTES per working proc during solve    :       405

 Leaving solve with ...
 Time to build/scatter RHS        =       0.002090
 Time in solution step (fwd/bwd)  =       0.142259
  .. Time in forward (fwd) step   =          0.074244
  .. Time in ScaLAPACK root       =          0.001587
  .. Time in backward (bwd) step  =          0.066405
 Time to gather solution(cent.sol)=       0.000000
 Time to copy/scale dist. solution=       0.000481

 Elapsed time in solve driver=       0.2988
    4 KSP Residual norm 3.569538830033e-01

Entering DMUMPS 5.6.2 from C interface with JOB, N =   3     1237277
      executing #MPI =    128 and #OMP =      2



 ****** SOLVE & CHECK STEP ********

 GLOBAL STATISTICS PRIOR SOLVE PHASE ...........
 Number of right-hand-sides                    =           1
 Blocking factor for multiple rhs              =           1
 ICNTL (9)                                     =           1
  --- (10)                                     =           0
  --- (11)                                     =           0
  --- (20)                                     =          10
  --- (21)                                     =           1
  --- (30)                                     =           0
  --- (35)                                     =           0
 WARNING: original distributed matrix is not allocated
 ** Rank of processor needing largest memory in solve     :       127
 ** Space in MBYTES used by this processor for solve      :       756
 ** Avg. Space in MBYTES per working proc during solve    :       405

 Leaving solve with ...
 Time to build/scatter RHS        =       0.001930
 Time in solution step (fwd/bwd)  =       0.141557
  .. Time in forward (fwd) step   =          0.075036
  .. Time in ScaLAPACK root       =          0.001606
  .. Time in backward (bwd) step  =          0.064893
 Time to gather solution(cent.sol)=       0.000000
 Time to copy/scale dist. solution=       0.000473

 Elapsed time in solve driver=       0.2955
    5 KSP Residual norm 3.557851278198e-01

Entering DMUMPS 5.6.2 from C interface with JOB, N =   3     1237277
      executing #MPI =    128 and #OMP =      2



 ****** SOLVE & CHECK STEP ********

 GLOBAL STATISTICS PRIOR SOLVE PHASE ...........
 Number of right-hand-sides                    =           1
 Blocking factor for multiple rhs              =           1
 ICNTL (9)                                     =           1
  --- (10)                                     =           0
  --- (11)                                     =           0
  --- (20)                                     =          10
  --- (21)                                     =           1
  --- (30)                                     =           0
  --- (35)                                     =           0
 WARNING: original distributed matrix is not allocated
 ** Rank of processor needing largest memory in solve     :       127
 ** Space in MBYTES used by this processor for solve      :       756
 ** Avg. Space in MBYTES per working proc during solve    :       405

 Leaving solve with ...
 Time to build/scatter RHS        =       0.002074
 Time in solution step (fwd/bwd)  =       0.138440
  .. Time in forward (fwd) step   =          0.075076
  .. Time in ScaLAPACK root       =          0.001608
  .. Time in backward (bwd) step  =          0.061736
 Time to gather solution(cent.sol)=       0.000000
 Time to copy/scale dist. solution=       0.000488

 Elapsed time in solve driver=       0.2896
    6 KSP Residual norm 3.502673137214e-01

Entering DMUMPS 5.6.2 from C interface with JOB, N =   3     1237277
      executing #MPI =    128 and #OMP =      2



 ****** SOLVE & CHECK STEP ********

 GLOBAL STATISTICS PRIOR SOLVE PHASE ...........
 Number of right-hand-sides                    =           1
 Blocking factor for multiple rhs              =           1
 ICNTL (9)                                     =           1
  --- (10)                                     =           0
  --- (11)                                     =           0
  --- (20)                                     =          10
  --- (21)                                     =           1
  --- (30)                                     =           0
  --- (35)                                     =           0
 WARNING: original distributed matrix is not allocated
 ** Rank of processor needing largest memory in solve     :       127
 ** Space in MBYTES used by this processor for solve      :       756
 ** Avg. Space in MBYTES per working proc during solve    :       405

 Leaving solve with ...
 Time to build/scatter RHS        =       0.002014
 Time in solution step (fwd/bwd)  =       0.142032
  .. Time in forward (fwd) step   =          0.075008
  .. Time in ScaLAPACK root       =          0.001580
  .. Time in backward (bwd) step  =          0.065426
 Time to gather solution(cent.sol)=       0.000000
 Time to copy/scale dist. solution=       0.000479

 Elapsed time in solve driver=       0.2978
    7 KSP Residual norm 3.449185590148e-01

Entering DMUMPS 5.6.2 from C interface with JOB, N =   3     1237277
      executing #MPI =    128 and #OMP =      2



 ****** SOLVE & CHECK STEP ********

 GLOBAL STATISTICS PRIOR SOLVE PHASE ...........
 Number of right-hand-sides                    =           1
 Blocking factor for multiple rhs              =           1
 ICNTL (9)                                     =           1
  --- (10)                                     =           0
  --- (11)                                     =           0
  --- (20)                                     =          10
  --- (21)                                     =           1
  --- (30)                                     =           0
  --- (35)                                     =           0
 WARNING: original distributed matrix is not allocated
 ** Rank of processor needing largest memory in solve     :       127
 ** Space in MBYTES used by this processor for solve      :       756
 ** Avg. Space in MBYTES per working proc during solve    :       405

 Leaving solve with ...
 Time to build/scatter RHS        =       0.002330
 Time in solution step (fwd/bwd)  =       0.140713
  .. Time in forward (fwd) step   =          0.074074
  .. Time in ScaLAPACK root       =          0.001608
  .. Time in backward (bwd) step  =          0.065002
 Time to gather solution(cent.sol)=       0.000000
 Time to copy/scale dist. solution=       0.000478

 Elapsed time in solve driver=       0.2929
    8 KSP Residual norm 3.428528632483e-01

Entering DMUMPS 5.6.2 from C interface with JOB, N =   3     1237277
      executing #MPI =    128 and #OMP =      2



 ****** SOLVE & CHECK STEP ********

 GLOBAL STATISTICS PRIOR SOLVE PHASE ...........
 Number of right-hand-sides                    =           1
 Blocking factor for multiple rhs              =           1
 ICNTL (9)                                     =           1
  --- (10)                                     =           0
  --- (11)                                     =           0
  --- (20)                                     =          10
  --- (21)                                     =           1
  --- (30)                                     =           0
  --- (35)                                     =           0
 WARNING: original distributed matrix is not allocated
 ** Rank of processor needing largest memory in solve     :       127
 ** Space in MBYTES used by this processor for solve      :       756
 ** Avg. Space in MBYTES per working proc during solve    :       405

 Leaving solve with ...
 Time to build/scatter RHS        =       0.002009
 Time in solution step (fwd/bwd)  =       0.140234
  .. Time in forward (fwd) step   =          0.074293
  .. Time in ScaLAPACK root       =          0.001576
  .. Time in backward (bwd) step  =          0.064325
 Time to gather solution(cent.sol)=       0.000000
 Time to copy/scale dist. solution=       0.000486

 Elapsed time in solve driver=       0.2922
    9 KSP Residual norm 3.424808821864e-01

Entering DMUMPS 5.6.2 from C interface with JOB, N =   3     1237277
      executing #MPI =    128 and #OMP =      2



 ****** SOLVE & CHECK STEP ********

 GLOBAL STATISTICS PRIOR SOLVE PHASE ...........
 Number of right-hand-sides                    =           1
 Blocking factor for multiple rhs              =           1
 ICNTL (9)                                     =           1
  --- (10)                                     =           0
  --- (11)                                     =           0
  --- (20)                                     =          10
  --- (21)                                     =           1
  --- (30)                                     =           0
  --- (35)                                     =           0
 WARNING: original distributed matrix is not allocated
 ** Rank of processor needing largest memory in solve     :       127
 ** Space in MBYTES used by this processor for solve      :       756
 ** Avg. Space in MBYTES per working proc during solve    :       405

 Leaving solve with ...
 Time to build/scatter RHS        =       0.001918
 Time in solution step (fwd/bwd)  =       0.138264
  .. Time in forward (fwd) step   =          0.073558
  .. Time in ScaLAPACK root       =          0.001574
  .. Time in backward (bwd) step  =          0.063114
 Time to gather solution(cent.sol)=       0.000000
 Time to copy/scale dist. solution=       0.000481

 Elapsed time in solve driver=       0.2870
   10 KSP Residual norm 3.413939178140e-01

Entering DMUMPS 5.6.2 from C interface with JOB, N =   3     1237277
      executing #MPI =    128 and #OMP =      2



 ****** SOLVE & CHECK STEP ********

 GLOBAL STATISTICS PRIOR SOLVE PHASE ...........
 Number of right-hand-sides                    =           1
 Blocking factor for multiple rhs              =           1
 ICNTL (9)                                     =           1
  --- (10)                                     =           0
  --- (11)                                     =           0
  --- (20)                                     =          10
  --- (21)                                     =           1
  --- (30)                                     =           0
  --- (35)                                     =           0
 WARNING: original distributed matrix is not allocated
 ** Rank of processor needing largest memory in solve     :       127
 ** Space in MBYTES used by this processor for solve      :       756
 ** Avg. Space in MBYTES per working proc during solve    :       405

 Leaving solve with ...
 Time to build/scatter RHS        =       0.001978
 Time in solution step (fwd/bwd)  =       0.137803
  .. Time in forward (fwd) step   =          0.074144
  .. Time in ScaLAPACK root       =          0.001591
  .. Time in backward (bwd) step  =          0.062045
 Time to gather solution(cent.sol)=       0.000000
 Time to copy/scale dist. solution=       0.000496

 Elapsed time in solve driver=       0.2929
   11 KSP Residual norm 3.409061752062e-01

Entering DMUMPS 5.6.2 from C interface with JOB, N =   3     1237277
      executing #MPI =    128 and #OMP =      2



 ****** SOLVE & CHECK STEP ********

 GLOBAL STATISTICS PRIOR SOLVE PHASE ...........
 Number of right-hand-sides                    =           1
 Blocking factor for multiple rhs              =           1
 ICNTL (9)                                     =           1
  --- (10)                                     =           0
  --- (11)                                     =           0
  --- (20)                                     =          10
  --- (21)                                     =           1
  --- (30)                                     =           0
  --- (35)                                     =           0
 WARNING: original distributed matrix is not allocated
 ** Rank of processor needing largest memory in solve     :       127
 ** Space in MBYTES used by this processor for solve      :       756
 ** Avg. Space in MBYTES per working proc during solve    :       405

 Leaving solve with ...
 Time to build/scatter RHS        =       0.001960
 Time in solution step (fwd/bwd)  =       0.135300
  .. Time in forward (fwd) step   =          0.073816
  .. Time in ScaLAPACK root       =          0.001584
  .. Time in backward (bwd) step  =          0.059880
 Time to gather solution(cent.sol)=       0.000000
 Time to copy/scale dist. solution=       0.000503

 Elapsed time in solve driver=       0.2863
   12 KSP Residual norm 3.389963733925e-01

Entering DMUMPS 5.6.2 from C interface with JOB, N =   3     1237277
      executing #MPI =    128 and #OMP =      2



 ****** SOLVE & CHECK STEP ********

 GLOBAL STATISTICS PRIOR SOLVE PHASE ...........
 Number of right-hand-sides                    =           1
 Blocking factor for multiple rhs              =           1
 ICNTL (9)                                     =           1
  --- (10)                                     =           0
  --- (11)                                     =           0
  --- (20)                                     =          10
  --- (21)                                     =           1
  --- (30)                                     =           0
  --- (35)                                     =           0
 WARNING: original distributed matrix is not allocated
 ** Rank of processor needing largest memory in solve     :       127
 ** Space in MBYTES used by this processor for solve      :       756
 ** Avg. Space in MBYTES per working proc during solve    :       405

 Leaving solve with ...
 Time to build/scatter RHS        =       0.002159
 Time in solution step (fwd/bwd)  =       0.138211
  .. Time in forward (fwd) step   =          0.073635
  .. Time in ScaLAPACK root       =          0.001626
  .. Time in backward (bwd) step  =          0.062929
 Time to gather solution(cent.sol)=       0.000000
 Time to copy/scale dist. solution=       0.000475

 Elapsed time in solve driver=       0.2934
   13 KSP Residual norm 3.334941645374e-01

Entering DMUMPS 5.6.2 from C interface with JOB, N =   3     1237277
      executing #MPI =    128 and #OMP =      2



 ****** SOLVE & CHECK STEP ********

 GLOBAL STATISTICS PRIOR SOLVE PHASE ...........
 Number of right-hand-sides                    =           1
 Blocking factor for multiple rhs              =           1
 ICNTL (9)                                     =           1
  --- (10)                                     =           0
  --- (11)                                     =           0
  --- (20)                                     =          10
  --- (21)                                     =           1
  --- (30)                                     =           0
  --- (35)                                     =           0
 WARNING: original distributed matrix is not allocated
 ** Rank of processor needing largest memory in solve     :       127
 ** Space in MBYTES used by this processor for solve      :       756
 ** Avg. Space in MBYTES per working proc during solve    :       405

 Leaving solve with ...
 Time to build/scatter RHS        =       0.007025
 Time in solution step (fwd/bwd)  =       0.139298
  .. Time in forward (fwd) step   =          0.074172
  .. Time in ScaLAPACK root       =          0.001643
  .. Time in backward (bwd) step  =          0.063445
 Time to gather solution(cent.sol)=       0.000000
 Time to copy/scale dist. solution=       0.000475

 Elapsed time in solve driver=       0.2942
   14 KSP Residual norm 3.209279704433e-01

Entering DMUMPS 5.6.2 from C interface with JOB, N =   3     1237277
      executing #MPI =    128 and #OMP =      2



 ****** SOLVE & CHECK STEP ********

 GLOBAL STATISTICS PRIOR SOLVE PHASE ...........
 Number of right-hand-sides                    =           1
 Blocking factor for multiple rhs              =           1
 ICNTL (9)                                     =           1
  --- (10)                                     =           0
  --- (11)                                     =           0
  --- (20)                                     =          10
  --- (21)                                     =           1
  --- (30)                                     =           0
  --- (35)                                     =           0
 WARNING: original distributed matrix is not allocated
 ** Rank of processor needing largest memory in solve     :       127
 ** Space in MBYTES used by this processor for solve      :       756
 ** Avg. Space in MBYTES per working proc during solve    :       405

 Leaving solve with ...
 Time to build/scatter RHS        =       0.080612
 Time in solution step (fwd/bwd)  =       0.135725
  .. Time in forward (fwd) step   =          0.074073
  .. Time in ScaLAPACK root       =          0.001591
  .. Time in backward (bwd) step  =          0.060030
 Time to gather solution(cent.sol)=       0.000000
 Time to copy/scale dist. solution=       0.000630

 Elapsed time in solve driver=       0.3686
   15 KSP Residual norm 3.070702714342e-01

Entering DMUMPS 5.6.2 from C interface with JOB, N =   3     1237277
      executing #MPI =    128 and #OMP =      2



 ****** SOLVE & CHECK STEP ********

 GLOBAL STATISTICS PRIOR SOLVE PHASE ...........
 Number of right-hand-sides                    =           1
 Blocking factor for multiple rhs              =           1
 ICNTL (9)                                     =           1
  --- (10)                                     =           0
  --- (11)                                     =           0
  --- (20)                                     =          10
  --- (21)                                     =           1
  --- (30)                                     =           0
  --- (35)                                     =           0
 WARNING: original distributed matrix is not allocated
 ** Rank of processor needing largest memory in solve     :       127
 ** Space in MBYTES used by this processor for solve      :       756
 ** Avg. Space in MBYTES per working proc during solve    :       405

 Leaving solve with ...
 Time to build/scatter RHS        =       0.002040
 Time in solution step (fwd/bwd)  =       0.135293
  .. Time in forward (fwd) step   =          0.073949
  .. Time in ScaLAPACK root       =          0.001584
  .. Time in backward (bwd) step  =          0.059740
 Time to gather solution(cent.sol)=       0.000000
 Time to copy/scale dist. solution=       0.000485

 Elapsed time in solve driver=       0.2877
   16 KSP Residual norm 3.012923376620e-01

Entering DMUMPS 5.6.2 from C interface with JOB, N =   3     1237277
      executing #MPI =    128 and #OMP =      2



 ****** SOLVE & CHECK STEP ********

 GLOBAL STATISTICS PRIOR SOLVE PHASE ...........
 Number of right-hand-sides                    =           1
 Blocking factor for multiple rhs              =           1
 ICNTL (9)                                     =           1
  --- (10)                                     =           0
  --- (11)                                     =           0
  --- (20)                                     =          10
  --- (21)                                     =           1
  --- (30)                                     =           0
  --- (35)                                     =           0
 WARNING: original distributed matrix is not allocated
 ** Rank of processor needing largest memory in solve     :       127
 ** Space in MBYTES used by this processor for solve      :       756
 ** Avg. Space in MBYTES per working proc during solve    :       405

 Leaving solve with ...
 Time to build/scatter RHS        =       0.001896
 Time in solution step (fwd/bwd)  =       0.138637
  .. Time in forward (fwd) step   =          0.073825
  .. Time in ScaLAPACK root       =          0.001579
  .. Time in backward (bwd) step  =          0.063215
 Time to gather solution(cent.sol)=       0.000000
 Time to copy/scale dist. solution=       0.000495

 Elapsed time in solve driver=       0.2926
   17 KSP Residual norm 2.880522446643e-01

Entering DMUMPS 5.6.2 from C interface with JOB, N =   3     1237277
      executing #MPI =    128 and #OMP =      2



 ****** SOLVE & CHECK STEP ********

 GLOBAL STATISTICS PRIOR SOLVE PHASE ...........
 Number of right-hand-sides                    =           1
 Blocking factor for multiple rhs              =           1
 ICNTL (9)                                     =           1
  --- (10)                                     =           0
  --- (11)                                     =           0
  --- (20)                                     =          10
  --- (21)                                     =           1
  --- (30)                                     =           0
  --- (35)                                     =           0
 WARNING: original distributed matrix is not allocated
 ** Rank of processor needing largest memory in solve     :       127
 ** Space in MBYTES used by this processor for solve      :       756
 ** Avg. Space in MBYTES per working proc during solve    :       405

 Leaving solve with ...
 Time to build/scatter RHS        =       0.001913
 Time in solution step (fwd/bwd)  =       0.137120
  .. Time in forward (fwd) step   =          0.073948
  .. Time in ScaLAPACK root       =          0.001578
  .. Time in backward (bwd) step  =          0.061576
 Time to gather solution(cent.sol)=       0.000000
 Time to copy/scale dist. solution=       0.000479

 Elapsed time in solve driver=       0.2933
   18 KSP Residual norm 2.630287892459e-01

Entering DMUMPS 5.6.2 from C interface with JOB, N =   3     1237277
      executing #MPI =    128 and #OMP =      2



 ****** SOLVE & CHECK STEP ********

 GLOBAL STATISTICS PRIOR SOLVE PHASE ...........
 Number of right-hand-sides                    =           1
 Blocking factor for multiple rhs              =           1
 ICNTL (9)                                     =           1
  --- (10)                                     =           0
  --- (11)                                     =           0
  --- (20)                                     =          10
  --- (21)                                     =           1
  --- (30)                                     =           0
  --- (35)                                     =           0
 WARNING: original distributed matrix is not allocated
 ** Rank of processor needing largest memory in solve     :       127
 ** Space in MBYTES used by this processor for solve      :       756
 ** Avg. Space in MBYTES per working proc during solve    :       405

 Leaving solve with ...
 Time to build/scatter RHS        =       0.001985
 Time in solution step (fwd/bwd)  =       0.136129
  .. Time in forward (fwd) step   =          0.073247
  .. Time in ScaLAPACK root       =          0.001630
  .. Time in backward (bwd) step  =          0.061232
 Time to gather solution(cent.sol)=       0.000000
 Time to copy/scale dist. solution=       0.000491

 Elapsed time in solve driver=       0.2874
   19 KSP Residual norm 2.133378102356e-01

Entering DMUMPS 5.6.2 from C interface with JOB, N =   3     1237277
      executing #MPI =    128 and #OMP =      2



 ****** SOLVE & CHECK STEP ********

 GLOBAL STATISTICS PRIOR SOLVE PHASE ...........
 Number of right-hand-sides                    =           1
 Blocking factor for multiple rhs              =           1
 ICNTL (9)                                     =           1
  --- (10)                                     =           0
  --- (11)                                     =           0
  --- (20)                                     =          10
  --- (21)                                     =           1
  --- (30)                                     =           0
  --- (35)                                     =           0
 WARNING: original distributed matrix is not allocated
 ** Rank of processor needing largest memory in solve     :       127
 ** Space in MBYTES used by this processor for solve      :       756
 ** Avg. Space in MBYTES per working proc during solve    :       405

 Leaving solve with ...
 Time to build/scatter RHS        =       0.001955
 Time in solution step (fwd/bwd)  =       0.139801
  .. Time in forward (fwd) step   =          0.074022
  .. Time in ScaLAPACK root       =          0.001574
  .. Time in backward (bwd) step  =          0.064181
 Time to gather solution(cent.sol)=       0.000000
 Time to copy/scale dist. solution=       0.000473

 Elapsed time in solve driver=       0.2915
   20 KSP Residual norm 1.892158319559e-01

Entering DMUMPS 5.6.2 from C interface with JOB, N =   3     1237277
      executing #MPI =    128 and #OMP =      2



 ****** SOLVE & CHECK STEP ********

 GLOBAL STATISTICS PRIOR SOLVE PHASE ...........
 Number of right-hand-sides                    =           1
 Blocking factor for multiple rhs              =           1
 ICNTL (9)                                     =           1
  --- (10)                                     =           0
  --- (11)                                     =           0
  --- (20)                                     =          10
  --- (21)                                     =           1
  --- (30)                                     =           0
  --- (35)                                     =           0
 WARNING: original distributed matrix is not allocated
 ** Rank of processor needing largest memory in solve     :       127
 ** Space in MBYTES used by this processor for solve      :       756
 ** Avg. Space in MBYTES per working proc during solve    :       405

 Leaving solve with ...
 Time to build/scatter RHS        =       0.002029
 Time in solution step (fwd/bwd)  =       0.137611
  .. Time in forward (fwd) step   =          0.073364
  .. Time in ScaLAPACK root       =          0.001558
  .. Time in backward (bwd) step  =          0.062669
 Time to gather solution(cent.sol)=       0.000000
 Time to copy/scale dist. solution=       0.000476

 Elapsed time in solve driver=       0.2901
   21 KSP Residual norm 1.755943708124e-01

Entering DMUMPS 5.6.2 from C interface with JOB, N =   3     1237277
      executing #MPI =    128 and #OMP =      2



 ****** SOLVE & CHECK STEP ********

 GLOBAL STATISTICS PRIOR SOLVE PHASE ...........
 Number of right-hand-sides                    =           1
 Blocking factor for multiple rhs              =           1
 ICNTL (9)                                     =           1
  --- (10)                                     =           0
  --- (11)                                     =           0
  --- (20)                                     =          10
  --- (21)                                     =           1
  --- (30)                                     =           0
  --- (35)                                     =           0
 WARNING: original distributed matrix is not allocated
 ** Rank of processor needing largest memory in solve     :       127
 ** Space in MBYTES used by this processor for solve      :       756
 ** Avg. Space in MBYTES per working proc during solve    :       405

 Leaving solve with ...
 Time to build/scatter RHS        =       0.001986
 Time in solution step (fwd/bwd)  =       0.136419
  .. Time in forward (fwd) step   =          0.073639
  .. Time in ScaLAPACK root       =          0.001581
  .. Time in backward (bwd) step  =          0.061169
 Time to gather solution(cent.sol)=       0.000000
 Time to copy/scale dist. solution=       0.000501

 Elapsed time in solve driver=       0.2925
   22 KSP Residual norm 1.679007962134e-01

Entering DMUMPS 5.6.2 from C interface with JOB, N =   3     1237277
      executing #MPI =    128 and #OMP =      2



 ****** SOLVE & CHECK STEP ********

 GLOBAL STATISTICS PRIOR SOLVE PHASE ...........
 Number of right-hand-sides                    =           1
 Blocking factor for multiple rhs              =           1
 ICNTL (9)                                     =           1
  --- (10)                                     =           0
  --- (11)                                     =           0
  --- (20)                                     =          10
  --- (21)                                     =           1
  --- (30)                                     =           0
  --- (35)                                     =           0
 WARNING: original distributed matrix is not allocated
 ** Rank of processor needing largest memory in solve     :       127
 ** Space in MBYTES used by this processor for solve      :       756
 ** Avg. Space in MBYTES per working proc during solve    :       405

 Leaving solve with ...
 Time to build/scatter RHS        =       0.002168
 Time in solution step (fwd/bwd)  =       0.136118
  .. Time in forward (fwd) step   =          0.073562
  .. Time in ScaLAPACK root       =          0.001601
  .. Time in backward (bwd) step  =          0.060934
 Time to gather solution(cent.sol)=       0.000000
 Time to copy/scale dist. solution=       0.000489

 Elapsed time in solve driver=       0.2913
   23 KSP Residual norm 1.565610550713e-01

Entering DMUMPS 5.6.2 from C interface with JOB, N =   3     1237277
      executing #MPI =    128 and #OMP =      2



 ****** SOLVE & CHECK STEP ********

 GLOBAL STATISTICS PRIOR SOLVE PHASE ...........
 Number of right-hand-sides                    =           1
 Blocking factor for multiple rhs              =           1
 ICNTL (9)                                     =           1
  --- (10)                                     =           0
  --- (11)                                     =           0
  --- (20)                                     =          10
  --- (21)                                     =           1
  --- (30)                                     =           0
  --- (35)                                     =           0
 WARNING: original distributed matrix is not allocated
 ** Rank of processor needing largest memory in solve     :       127
 ** Space in MBYTES used by this processor for solve      :       756
 ** Avg. Space in MBYTES per working proc during solve    :       405

 Leaving solve with ...
 Time to build/scatter RHS        =       0.001903
 Time in solution step (fwd/bwd)  =       0.134897
  .. Time in forward (fwd) step   =          0.073103
  .. Time in ScaLAPACK root       =          0.001600
  .. Time in backward (bwd) step  =          0.060174
 Time to gather solution(cent.sol)=       0.000000
 Time to copy/scale dist. solution=       0.000489

 Elapsed time in solve driver=       0.2845
   24 KSP Residual norm 1.276850624313e-01

Entering DMUMPS 5.6.2 from C interface with JOB, N =   3     1237277
      executing #MPI =    128 and #OMP =      2



 ****** SOLVE & CHECK STEP ********

 GLOBAL STATISTICS PRIOR SOLVE PHASE ...........
 Number of right-hand-sides                    =           1
 Blocking factor for multiple rhs              =           1
 ICNTL (9)                                     =           1
  --- (10)                                     =           0
  --- (11)                                     =           0
  --- (20)                                     =          10
  --- (21)                                     =           1
  --- (30)                                     =           0
  --- (35)                                     =           0
 WARNING: original distributed matrix is not allocated
 ** Rank of processor needing largest memory in solve     :       127
 ** Space in MBYTES used by this processor for solve      :       756
 ** Avg. Space in MBYTES per working proc during solve    :       405

 Leaving solve with ...
 Time to build/scatter RHS        =       0.001926
 Time in solution step (fwd/bwd)  =       0.138743
  .. Time in forward (fwd) step   =          0.074267
  .. Time in ScaLAPACK root       =          0.001625
  .. Time in backward (bwd) step  =          0.062829
 Time to gather solution(cent.sol)=       0.000000
 Time to copy/scale dist. solution=       0.000490

 Elapsed time in solve driver=       0.2947
   25 KSP Residual norm 1.120748358498e-01

Entering DMUMPS 5.6.2 from C interface with JOB, N =   3     1237277
      executing #MPI =    128 and #OMP =      2



 ****** SOLVE & CHECK STEP ********

 GLOBAL STATISTICS PRIOR SOLVE PHASE ...........
 Number of right-hand-sides                    =           1
 Blocking factor for multiple rhs              =           1
 ICNTL (9)                                     =           1
  --- (10)                                     =           0
  --- (11)                                     =           0
  --- (20)                                     =          10
  --- (21)                                     =           1
  --- (30)                                     =           0
  --- (35)                                     =           0
 WARNING: original distributed matrix is not allocated
 ** Rank of processor needing largest memory in solve     :       127
 ** Space in MBYTES used by this processor for solve      :       756
 ** Avg. Space in MBYTES per working proc during solve    :       405

 Leaving solve with ...
 Time to build/scatter RHS        =       0.079252
 Time in solution step (fwd/bwd)  =       0.298557
  .. Time in forward (fwd) step   =          0.233720
  .. Time in ScaLAPACK root       =          0.001553
  .. Time in backward (bwd) step  =          0.063261
 Time to gather solution(cent.sol)=       0.000000
 Time to copy/scale dist. solution=       0.000482

 Elapsed time in solve driver=       0.5284
   26 KSP Residual norm 1.091602854621e-01

Entering DMUMPS 5.6.2 from C interface with JOB, N =   3     1237277
      executing #MPI =    128 and #OMP =      2



 ****** SOLVE & CHECK STEP ********

 GLOBAL STATISTICS PRIOR SOLVE PHASE ...........
 Number of right-hand-sides                    =           1
 Blocking factor for multiple rhs              =           1
 ICNTL (9)                                     =           1
  --- (10)                                     =           0
  --- (11)                                     =           0
  --- (20)                                     =          10
  --- (21)                                     =           1
  --- (30)                                     =           0
  --- (35)                                     =           0
 WARNING: original distributed matrix is not allocated
 ** Rank of processor needing largest memory in solve     :       127
 ** Space in MBYTES used by this processor for solve      :       756
 ** Avg. Space in MBYTES per working proc during solve    :       405

 Leaving solve with ...
 Time to build/scatter RHS        =       0.076429
 Time in solution step (fwd/bwd)  =       0.168378
  .. Time in forward (fwd) step   =          0.105672
  .. Time in ScaLAPACK root       =          0.001528
  .. Time in backward (bwd) step  =          0.061150
 Time to gather solution(cent.sol)=       0.000000
 Time to copy/scale dist. solution=       0.000485

 Elapsed time in solve driver=       0.3943
   27 KSP Residual norm 1.083906143903e-01

Entering DMUMPS 5.6.2 from C interface with JOB, N =   3     1237277
      executing #MPI =    128 and #OMP =      2



 ****** SOLVE & CHECK STEP ********

 GLOBAL STATISTICS PRIOR SOLVE PHASE ...........
 Number of right-hand-sides                    =           1
 Blocking factor for multiple rhs              =           1
 ICNTL (9)                                     =           1
  --- (10)                                     =           0
  --- (11)                                     =           0
  --- (20)                                     =          10
  --- (21)                                     =           1
  --- (30)                                     =           0
  --- (35)                                     =           0
 WARNING: original distributed matrix is not allocated
 ** Rank of processor needing largest memory in solve     :       127
 ** Space in MBYTES used by this processor for solve      :       756
 ** Avg. Space in MBYTES per working proc during solve    :       405

 Leaving solve with ...
 Time to build/scatter RHS        =       0.014966
 Time in solution step (fwd/bwd)  =       0.138173
  .. Time in forward (fwd) step   =          0.073687
  .. Time in ScaLAPACK root       =          0.001574
  .. Time in backward (bwd) step  =          0.062895
 Time to gather solution(cent.sol)=       0.000000
 Time to copy/scale dist. solution=       0.000489

 Elapsed time in solve driver=       0.3104
   28 KSP Residual norm 1.078166727191e-01

Entering DMUMPS 5.6.2 from C interface with JOB, N =   3     1237277
      executing #MPI =    128 and #OMP =      2



 ****** SOLVE & CHECK STEP ********

 GLOBAL STATISTICS PRIOR SOLVE PHASE ...........
 Number of right-hand-sides                    =           1
 Blocking factor for multiple rhs              =           1
 ICNTL (9)                                     =           1
  --- (10)                                     =           0
  --- (11)                                     =           0
  --- (20)                                     =          10
  --- (21)                                     =           1
  --- (30)                                     =           0
  --- (35)                                     =           0
 WARNING: original distributed matrix is not allocated
 ** Rank of processor needing largest memory in solve     :       127
 ** Space in MBYTES used by this processor for solve      :       756
 ** Avg. Space in MBYTES per working proc during solve    :       405

 Leaving solve with ...
 Time to build/scatter RHS        =       0.002076
 Time in solution step (fwd/bwd)  =       0.136864
  .. Time in forward (fwd) step   =          0.074197
  .. Time in ScaLAPACK root       =          0.001568
  .. Time in backward (bwd) step  =          0.061070
 Time to gather solution(cent.sol)=       0.000000
 Time to copy/scale dist. solution=       0.000503

 Elapsed time in solve driver=       0.2923
   29 KSP Residual norm 1.055040003570e-01

Entering DMUMPS 5.6.2 from C interface with JOB, N =   3     1237277
      executing #MPI =    128 and #OMP =      2



 ****** SOLVE & CHECK STEP ********

 GLOBAL STATISTICS PRIOR SOLVE PHASE ...........
 Number of right-hand-sides                    =           1
 Blocking factor for multiple rhs              =           1
 ICNTL (9)                                     =           1
  --- (10)                                     =           0
  --- (11)                                     =           0
  --- (20)                                     =          10
  --- (21)                                     =           1
  --- (30)                                     =           0
  --- (35)                                     =           0
 WARNING: original distributed matrix is not allocated
 ** Rank of processor needing largest memory in solve     :       127
 ** Space in MBYTES used by this processor for solve      :       756
 ** Avg. Space in MBYTES per working proc during solve    :       405

 Leaving solve with ...
 Time to build/scatter RHS        =       0.001946
 Time in solution step (fwd/bwd)  =       0.139364
  .. Time in forward (fwd) step   =          0.074396
  .. Time in ScaLAPACK root       =          0.001579
  .. Time in backward (bwd) step  =          0.063369
 Time to gather solution(cent.sol)=       0.000000
 Time to copy/scale dist. solution=       0.000479

 Elapsed time in solve driver=       0.2871
   30 KSP Residual norm 1.018786354980e-01

Entering DMUMPS 5.6.2 from C interface with JOB, N =   3     1237277
      executing #MPI =    128 and #OMP =      2



 ****** SOLVE & CHECK STEP ********

 GLOBAL STATISTICS PRIOR SOLVE PHASE ...........
 Number of right-hand-sides                    =           1
 Blocking factor for multiple rhs              =           1
 ICNTL (9)                                     =           1
  --- (10)                                     =           0
  --- (11)                                     =           0
  --- (20)                                     =          10
  --- (21)                                     =           1
  --- (30)                                     =           0
  --- (35)                                     =           0
 WARNING: original distributed matrix is not allocated
 ** Rank of processor needing largest memory in solve     :       127
 ** Space in MBYTES used by this processor for solve      :       756
 ** Avg. Space in MBYTES per working proc during solve    :       405

 Leaving solve with ...
 Time to build/scatter RHS        =       0.001949
 Time in solution step (fwd/bwd)  =       0.137650
  .. Time in forward (fwd) step   =          0.073103
  .. Time in ScaLAPACK root       =          0.001554
  .. Time in backward (bwd) step  =          0.062973
 Time to gather solution(cent.sol)=       0.000000
 Time to copy/scale dist. solution=       0.000482

 Elapsed time in solve driver=       0.2847
   31 KSP Residual norm 9.898757096860e-02

Entering DMUMPS 5.6.2 from C interface with JOB, N =   3     1237277
      executing #MPI =    128 and #OMP =      2



 ****** SOLVE & CHECK STEP ********

 GLOBAL STATISTICS PRIOR SOLVE PHASE ...........
 Number of right-hand-sides                    =           1
 Blocking factor for multiple rhs              =           1
 ICNTL (9)                                     =           1
  --- (10)                                     =           0
  --- (11)                                     =           0
  --- (20)                                     =          10
  --- (21)                                     =           1
  --- (30)                                     =           0
  --- (35)                                     =           0
 WARNING: original distributed matrix is not allocated
 ** Rank of processor needing largest memory in solve     :       127
 ** Space in MBYTES used by this processor for solve      :       756
 ** Avg. Space in MBYTES per working proc during solve    :       405

 Leaving solve with ...
 Time to build/scatter RHS        =       0.001929
 Time in solution step (fwd/bwd)  =       0.135510
  .. Time in forward (fwd) step   =          0.073632
  .. Time in ScaLAPACK root       =          0.001600
  .. Time in backward (bwd) step  =          0.060258
 Time to gather solution(cent.sol)=       0.000000
 Time to copy/scale dist. solution=       0.000474

 Elapsed time in solve driver=       0.2883
   32 KSP Residual norm 9.021514934232e-02

Entering DMUMPS 5.6.2 from C interface with JOB, N =   3     1237277
      executing #MPI =    128 and #OMP =      2



 ****** SOLVE & CHECK STEP ********

 GLOBAL STATISTICS PRIOR SOLVE PHASE ...........
 Number of right-hand-sides                    =           1
 Blocking factor for multiple rhs              =           1
 ICNTL (9)                                     =           1
  --- (10)                                     =           0
  --- (11)                                     =           0
  --- (20)                                     =          10
  --- (21)                                     =           1
  --- (30)                                     =           0
  --- (35)                                     =           0
 WARNING: original distributed matrix is not allocated
 ** Rank of processor needing largest memory in solve     :       127
 ** Space in MBYTES used by this processor for solve      :       756
 ** Avg. Space in MBYTES per working proc during solve    :       405

 Leaving solve with ...
 Time to build/scatter RHS        =       0.002234
 Time in solution step (fwd/bwd)  =       0.136318
  .. Time in forward (fwd) step   =          0.073378
  .. Time in ScaLAPACK root       =          0.001603
  .. Time in backward (bwd) step  =          0.061314
 Time to gather solution(cent.sol)=       0.000000
 Time to copy/scale dist. solution=       0.000479

 Elapsed time in solve driver=       0.2857
   33 KSP Residual norm 7.690448672385e-02

Entering DMUMPS 5.6.2 from C interface with JOB, N =   3     1237277
      executing #MPI =    128 and #OMP =      2



 ****** SOLVE & CHECK STEP ********

 GLOBAL STATISTICS PRIOR SOLVE PHASE ...........
 Number of right-hand-sides                    =           1
 Blocking factor for multiple rhs              =           1
 ICNTL (9)                                     =           1
  --- (10)                                     =           0
  --- (11)                                     =           0
  --- (20)                                     =          10
  --- (21)                                     =           1
  --- (30)                                     =           0
  --- (35)                                     =           0
 WARNING: original distributed matrix is not allocated
 ** Rank of processor needing largest memory in solve     :       127
 ** Space in MBYTES used by this processor for solve      :       756
 ** Avg. Space in MBYTES per working proc during solve    :       405

 Leaving solve with ...
 Time to build/scatter RHS        =       0.001954
 Time in solution step (fwd/bwd)  =       0.138159
  .. Time in forward (fwd) step   =          0.074117
  .. Time in ScaLAPACK root       =          0.001556
  .. Time in backward (bwd) step  =          0.062466
 Time to gather solution(cent.sol)=       0.000000
 Time to copy/scale dist. solution=       0.000490

 Elapsed time in solve driver=       0.2926
   34 KSP Residual norm 6.484769211752e-02

Entering DMUMPS 5.6.2 from C interface with JOB, N =   3     1237277
      executing #MPI =    128 and #OMP =      2



 ****** SOLVE & CHECK STEP ********

 GLOBAL STATISTICS PRIOR SOLVE PHASE ...........
 Number of right-hand-sides                    =           1
 Blocking factor for multiple rhs              =           1
 ICNTL (9)                                     =           1
  --- (10)                                     =           0
  --- (11)                                     =           0
  --- (20)                                     =          10
  --- (21)                                     =           1
  --- (30)                                     =           0
  --- (35)                                     =           0
 WARNING: original distributed matrix is not allocated
 ** Rank of processor needing largest memory in solve     :       127
 ** Space in MBYTES used by this processor for solve      :       756
 ** Avg. Space in MBYTES per working proc during solve    :       405

 Leaving solve with ...
 Time to build/scatter RHS        =       0.001981
 Time in solution step (fwd/bwd)  =       0.139575
  .. Time in forward (fwd) step   =          0.074123
  .. Time in ScaLAPACK root       =          0.001626
  .. Time in backward (bwd) step  =          0.063806
 Time to gather solution(cent.sol)=       0.000000
 Time to copy/scale dist. solution=       0.000493

 Elapsed time in solve driver=       0.2909
   35 KSP Residual norm 5.865395959802e-02

Entering DMUMPS 5.6.2 from C interface with JOB, N =   3     1237277
      executing #MPI =    128 and #OMP =      2



 ****** SOLVE & CHECK STEP ********

 GLOBAL STATISTICS PRIOR SOLVE PHASE ...........
 Number of right-hand-sides                    =           1
 Blocking factor for multiple rhs              =           1
 ICNTL (9)                                     =           1
  --- (10)                                     =           0
  --- (11)                                     =           0
  --- (20)                                     =          10
  --- (21)                                     =           1
  --- (30)                                     =           0
  --- (35)                                     =           0
 WARNING: original distributed matrix is not allocated
 ** Rank of processor needing largest memory in solve     :       127
 ** Space in MBYTES used by this processor for solve      :       756
 ** Avg. Space in MBYTES per working proc during solve    :       405

 Leaving solve with ...
 Time to build/scatter RHS        =       0.050277
 Time in solution step (fwd/bwd)  =       0.137825
  .. Time in forward (fwd) step   =          0.073903
  .. Time in ScaLAPACK root       =          0.001590
  .. Time in backward (bwd) step  =          0.062303
 Time to gather solution(cent.sol)=       0.000000
 Time to copy/scale dist. solution=       0.000480

 Elapsed time in solve driver=       0.3382
   36 KSP Residual norm 5.333572801794e-02

Entering DMUMPS 5.6.2 from C interface with JOB, N =   3     1237277
      executing #MPI =    128 and #OMP =      2



 ****** SOLVE & CHECK STEP ********

 GLOBAL STATISTICS PRIOR SOLVE PHASE ...........
 Number of right-hand-sides                    =           1
 Blocking factor for multiple rhs              =           1
 ICNTL (9)                                     =           1
  --- (10)                                     =           0
  --- (11)                                     =           0
  --- (20)                                     =          10
  --- (21)                                     =           1
  --- (30)                                     =           0
  --- (35)                                     =           0
 WARNING: original distributed matrix is not allocated
 ** Rank of processor needing largest memory in solve     :       127
 ** Space in MBYTES used by this processor for solve      :       756
 ** Avg. Space in MBYTES per working proc during solve    :       405

 Leaving solve with ...
 Time to build/scatter RHS        =       0.007841
 Time in solution step (fwd/bwd)  =       0.178374
  .. Time in forward (fwd) step   =          0.112708
  .. Time in ScaLAPACK root       =          0.001535
  .. Time in backward (bwd) step  =          0.064103
 Time to gather solution(cent.sol)=       0.000000
 Time to copy/scale dist. solution=       0.000473

 Elapsed time in solve driver=       0.3364
   37 KSP Residual norm 4.924216526640e-02

Entering DMUMPS 5.6.2 from C interface with JOB, N =   3     1237277
      executing #MPI =    128 and #OMP =      2



 ****** SOLVE & CHECK STEP ********

 GLOBAL STATISTICS PRIOR SOLVE PHASE ...........
 Number of right-hand-sides                    =           1
 Blocking factor for multiple rhs              =           1
 ICNTL (9)                                     =           1
  --- (10)                                     =           0
  --- (11)                                     =           0
  --- (20)                                     =          10
  --- (21)                                     =           1
  --- (30)                                     =           0
  --- (35)                                     =           0
 WARNING: original distributed matrix is not allocated
 ** Rank of processor needing largest memory in solve     :       127
 ** Space in MBYTES used by this processor for solve      :       756
 ** Avg. Space in MBYTES per working proc during solve    :       405

 Leaving solve with ...
 Time to build/scatter RHS        =       0.049419
 Time in solution step (fwd/bwd)  =       0.152815
  .. Time in forward (fwd) step   =          0.088801
  .. Time in ScaLAPACK root       =          0.001507
  .. Time in backward (bwd) step  =          0.062479
 Time to gather solution(cent.sol)=       0.000000
 Time to copy/scale dist. solution=       0.000496

 Elapsed time in solve driver=       0.3530
   38 KSP Residual norm 4.704518052131e-02

Entering DMUMPS 5.6.2 from C interface with JOB, N =   3     1237277
      executing #MPI =    128 and #OMP =      2



 ****** SOLVE & CHECK STEP ********

 GLOBAL STATISTICS PRIOR SOLVE PHASE ...........
 Number of right-hand-sides                    =           1
 Blocking factor for multiple rhs              =           1
 ICNTL (9)                                     =           1
  --- (10)                                     =           0
  --- (11)                                     =           0
  --- (20)                                     =          10
  --- (21)                                     =           1
  --- (30)                                     =           0
  --- (35)                                     =           0
 WARNING: original distributed matrix is not allocated
 ** Rank of processor needing largest memory in solve     :       127
 ** Space in MBYTES used by this processor for solve      :       756
 ** Avg. Space in MBYTES per working proc during solve    :       405

 Leaving solve with ...
 Time to build/scatter RHS        =       0.008468
 Time in solution step (fwd/bwd)  =       0.139058
  .. Time in forward (fwd) step   =          0.073900
  .. Time in ScaLAPACK root       =          0.001698
  .. Time in backward (bwd) step  =          0.063443
 Time to gather solution(cent.sol)=       0.000000
 Time to copy/scale dist. solution=       0.000493

 Elapsed time in solve driver=       0.2939
   39 KSP Residual norm 4.439244816440e-02

Entering DMUMPS 5.6.2 from C interface with JOB, N =   3     1237277
      executing #MPI =    128 and #OMP =      2



 ****** SOLVE & CHECK STEP ********

 GLOBAL STATISTICS PRIOR SOLVE PHASE ...........
 Number of right-hand-sides                    =           1
 Blocking factor for multiple rhs              =           1
 ICNTL (9)                                     =           1
  --- (10)                                     =           0
  --- (11)                                     =           0
  --- (20)                                     =          10
  --- (21)                                     =           1
  --- (30)                                     =           0
  --- (35)                                     =           0
 WARNING: original distributed matrix is not allocated
 ** Rank of processor needing largest memory in solve     :       127
 ** Space in MBYTES used by this processor for solve      :       756
 ** Avg. Space in MBYTES per working proc during solve    :       405

 Leaving solve with ...
 Time to build/scatter RHS        =       0.001927
 Time in solution step (fwd/bwd)  =       0.138696
  .. Time in forward (fwd) step   =          0.073733
  .. Time in ScaLAPACK root       =          0.001579
  .. Time in backward (bwd) step  =          0.063363
 Time to gather solution(cent.sol)=       0.000000
 Time to copy/scale dist. solution=       0.000483

 Elapsed time in solve driver=       0.2903
   40 KSP Residual norm 4.202744370125e-02

Entering DMUMPS 5.6.2 from C interface with JOB, N =   3     1237277
      executing #MPI =    128 and #OMP =      2



 ****** SOLVE & CHECK STEP ********

 GLOBAL STATISTICS PRIOR SOLVE PHASE ...........
 Number of right-hand-sides                    =           1
 Blocking factor for multiple rhs              =           1
 ICNTL (9)                                     =           1
  --- (10)                                     =           0
  --- (11)                                     =           0
  --- (20)                                     =          10
  --- (21)                                     =           1
  --- (30)                                     =           0
  --- (35)                                     =           0
 WARNING: original distributed matrix is not allocated
 ** Rank of processor needing largest memory in solve     :       127
 ** Space in MBYTES used by this processor for solve      :       756
 ** Avg. Space in MBYTES per working proc during solve    :       405

 Leaving solve with ...
 Time to build/scatter RHS        =       0.056889
 Time in solution step (fwd/bwd)  =       0.144869
  .. Time in forward (fwd) step   =          0.081365
  .. Time in ScaLAPACK root       =          0.001571
  .. Time in backward (bwd) step  =          0.061903
 Time to gather solution(cent.sol)=       0.000000
 Time to copy/scale dist. solution=       0.000510

 Elapsed time in solve driver=       0.3541
   41 KSP Residual norm 3.983408200070e-02

Entering DMUMPS 5.6.2 from C interface with JOB, N =   3     1237277
      executing #MPI =    128 and #OMP =      2



 ****** SOLVE & CHECK STEP ********

 GLOBAL STATISTICS PRIOR SOLVE PHASE ...........
 Number of right-hand-sides                    =           1
 Blocking factor for multiple rhs              =           1
 ICNTL (9)                                     =           1
  --- (10)                                     =           0
  --- (11)                                     =           0
  --- (20)                                     =          10
  --- (21)                                     =           1
  --- (30)                                     =           0
  --- (35)                                     =           0
 WARNING: original distributed matrix is not allocated
 ** Rank of processor needing largest memory in solve     :       127
 ** Space in MBYTES used by this processor for solve      :       756
 ** Avg. Space in MBYTES per working proc during solve    :       405

 Leaving solve with ...
 Time to build/scatter RHS        =       0.009487
 Time in solution step (fwd/bwd)  =       0.137884
  .. Time in forward (fwd) step   =          0.073485
  .. Time in ScaLAPACK root       =          0.001601
  .. Time in backward (bwd) step  =          0.062778
 Time to gather solution(cent.sol)=       0.000000
 Time to copy/scale dist. solution=       0.000485

 Elapsed time in solve driver=       0.2980
   42 KSP Residual norm 3.779160728547e-02

Entering DMUMPS 5.6.2 from C interface with JOB, N =   3     1237277
      executing #MPI =    128 and #OMP =      2



 ****** SOLVE & CHECK STEP ********

 GLOBAL STATISTICS PRIOR SOLVE PHASE ...........
 Number of right-hand-sides                    =           1
 Blocking factor for multiple rhs              =           1
 ICNTL (9)                                     =           1
  --- (10)                                     =           0
  --- (11)                                     =           0
  --- (20)                                     =          10
  --- (21)                                     =           1
  --- (30)                                     =           0
  --- (35)                                     =           0
 WARNING: original distributed matrix is not allocated
 ** Rank of processor needing largest memory in solve     :       127
 ** Space in MBYTES used by this processor for solve      :       756
 ** Avg. Space in MBYTES per working proc during solve    :       405

 Leaving solve with ...
 Time to build/scatter RHS        =       0.004485
 Time in solution step (fwd/bwd)  =       0.138176
  .. Time in forward (fwd) step   =          0.073558
  .. Time in ScaLAPACK root       =          0.001618
  .. Time in backward (bwd) step  =          0.062970
 Time to gather solution(cent.sol)=       0.000000
 Time to copy/scale dist. solution=       0.000508

 Elapsed time in solve driver=       0.2950
   43 KSP Residual norm 3.621378266726e-02

Entering DMUMPS 5.6.2 from C interface with JOB, N =   3     1237277
      executing #MPI =    128 and #OMP =      2



 ****** SOLVE & CHECK STEP ********

 GLOBAL STATISTICS PRIOR SOLVE PHASE ...........
 Number of right-hand-sides                    =           1
 Blocking factor for multiple rhs              =           1
 ICNTL (9)                                     =           1
  --- (10)                                     =           0
  --- (11)                                     =           0
  --- (20)                                     =          10
  --- (21)                                     =           1
  --- (30)                                     =           0
  --- (35)                                     =           0
 WARNING: original distributed matrix is not allocated
 ** Rank of processor needing largest memory in solve     :       127
 ** Space in MBYTES used by this processor for solve      :       756
 ** Avg. Space in MBYTES per working proc during solve    :       405

 Leaving solve with ...
 Time to build/scatter RHS        =       0.001928
 Time in solution step (fwd/bwd)  =       0.136220
  .. Time in forward (fwd) step   =          0.073797
  .. Time in ScaLAPACK root       =          0.001557
  .. Time in backward (bwd) step  =          0.060843
 Time to gather solution(cent.sol)=       0.000000
 Time to copy/scale dist. solution=       0.000486

 Elapsed time in solve driver=       0.2873
   44 KSP Residual norm 3.464554962903e-02

Entering DMUMPS 5.6.2 from C interface with JOB, N =   3     1237277
      executing #MPI =    128 and #OMP =      2



 ****** SOLVE & CHECK STEP ********

 GLOBAL STATISTICS PRIOR SOLVE PHASE ...........
 Number of right-hand-sides                    =           1
 Blocking factor for multiple rhs              =           1
 ICNTL (9)                                     =           1
  --- (10)                                     =           0
  --- (11)                                     =           0
  --- (20)                                     =          10
  --- (21)                                     =           1
  --- (30)                                     =           0
  --- (35)                                     =           0
 WARNING: original distributed matrix is not allocated
 ** Rank of processor needing largest memory in solve     :       127
 ** Space in MBYTES used by this processor for solve      :       756
 ** Avg. Space in MBYTES per working proc during solve    :       405

 Leaving solve with ...
 Time to build/scatter RHS        =       0.002324
 Time in solution step (fwd/bwd)  =       0.136735
  .. Time in forward (fwd) step   =          0.072879
  .. Time in ScaLAPACK root       =          0.001571
  .. Time in backward (bwd) step  =          0.062260
 Time to gather solution(cent.sol)=       0.000000
 Time to copy/scale dist. solution=       0.000476

 Elapsed time in solve driver=       0.2872
   45 KSP Residual norm 3.333386162083e-02

Entering DMUMPS 5.6.2 from C interface with JOB, N =   3     1237277
      executing #MPI =    128 and #OMP =      2



 ****** SOLVE & CHECK STEP ********

 GLOBAL STATISTICS PRIOR SOLVE PHASE ...........
 Number of right-hand-sides                    =           1
 Blocking factor for multiple rhs              =           1
 ICNTL (9)                                     =           1
  --- (10)                                     =           0
  --- (11)                                     =           0
  --- (20)                                     =          10
  --- (21)                                     =           1
  --- (30)                                     =           0
  --- (35)                                     =           0
 WARNING: original distributed matrix is not allocated
 ** Rank of processor needing largest memory in solve     :       127
 ** Space in MBYTES used by this processor for solve      :       756
 ** Avg. Space in MBYTES per working proc during solve    :       405

 Leaving solve with ...
 Time to build/scatter RHS        =       0.001950
 Time in solution step (fwd/bwd)  =       0.137162
  .. Time in forward (fwd) step   =          0.073928
  .. Time in ScaLAPACK root       =          0.001584
  .. Time in backward (bwd) step  =          0.061628
 Time to gather solution(cent.sol)=       0.000000
 Time to copy/scale dist. solution=       0.000488

 Elapsed time in solve driver=       0.2886
   46 KSP Residual norm 3.220362061209e-02

Entering DMUMPS 5.6.2 from C interface with JOB, N =   3     1237277
      executing #MPI =    128 and #OMP =      2



 ****** SOLVE & CHECK STEP ********

 GLOBAL STATISTICS PRIOR SOLVE PHASE ...........
 Number of right-hand-sides                    =           1
 Blocking factor for multiple rhs              =           1
 ICNTL (9)                                     =           1
  --- (10)                                     =           0
  --- (11)                                     =           0
  --- (20)                                     =          10
  --- (21)                                     =           1
  --- (30)                                     =           0
  --- (35)                                     =           0
 WARNING: original distributed matrix is not allocated
 ** Rank of processor needing largest memory in solve     :       127
 ** Space in MBYTES used by this processor for solve      :       756
 ** Avg. Space in MBYTES per working proc during solve    :       405

 Leaving solve with ...
 Time to build/scatter RHS        =       0.001904
 Time in solution step (fwd/bwd)  =       0.135887
  .. Time in forward (fwd) step   =          0.075135
  .. Time in ScaLAPACK root       =          0.001560
  .. Time in backward (bwd) step  =          0.059173
 Time to gather solution(cent.sol)=       0.000000
 Time to copy/scale dist. solution=       0.000486

 Elapsed time in solve driver=       0.2846
   47 KSP Residual norm 3.113218883963e-02

Entering DMUMPS 5.6.2 from C interface with JOB, N =   3     1237277
      executing #MPI =    128 and #OMP =      2



 ****** SOLVE & CHECK STEP ********

 GLOBAL STATISTICS PRIOR SOLVE PHASE ...........
 Number of right-hand-sides                    =           1
 Blocking factor for multiple rhs              =           1
 ICNTL (9)                                     =           1
  --- (10)                                     =           0
  --- (11)                                     =           0
  --- (20)                                     =          10
  --- (21)                                     =           1
  --- (30)                                     =           0
  --- (35)                                     =           0
 WARNING: original distributed matrix is not allocated
 ** Rank of processor needing largest memory in solve     :       127
 ** Space in MBYTES used by this processor for solve      :       756
 ** Avg. Space in MBYTES per working proc during solve    :       405

 Leaving solve with ...
 Time to build/scatter RHS        =       0.001938
 Time in solution step (fwd/bwd)  =       0.138530
  .. Time in forward (fwd) step   =          0.073239
  .. Time in ScaLAPACK root       =          0.001634
  .. Time in backward (bwd) step  =          0.063618
 Time to gather solution(cent.sol)=       0.000000
 Time to copy/scale dist. solution=       0.000474

 Elapsed time in solve driver=       0.2906
   48 KSP Residual norm 3.005315706121e-02

Entering DMUMPS 5.6.2 from C interface with JOB, N =   3     1237277
      executing #MPI =    128 and #OMP =      2



 ****** SOLVE & CHECK STEP ********

 GLOBAL STATISTICS PRIOR SOLVE PHASE ...........
 Number of right-hand-sides                    =           1
 Blocking factor for multiple rhs              =           1
 ICNTL (9)                                     =           1
  --- (10)                                     =           0
  --- (11)                                     =           0
  --- (20)                                     =          10
  --- (21)                                     =           1
  --- (30)                                     =           0
  --- (35)                                     =           0
 WARNING: original distributed matrix is not allocated
 ** Rank of processor needing largest memory in solve     :       127
 ** Space in MBYTES used by this processor for solve      :       756
 ** Avg. Space in MBYTES per working proc during solve    :       405

 Leaving solve with ...
 Time to build/scatter RHS        =       0.001920
 Time in solution step (fwd/bwd)  =       0.136994
  .. Time in forward (fwd) step   =          0.073455
  .. Time in ScaLAPACK root       =          0.001566
  .. Time in backward (bwd) step  =          0.061955
 Time to gather solution(cent.sol)=       0.000000
 Time to copy/scale dist. solution=       0.000492

 Elapsed time in solve driver=       0.3257
   49 KSP Residual norm 2.902796833669e-02

Entering DMUMPS 5.6.2 from C interface with JOB, N =   3     1237277
      executing #MPI =    128 and #OMP =      2



 ****** SOLVE & CHECK STEP ********

 GLOBAL STATISTICS PRIOR SOLVE PHASE ...........
 Number of right-hand-sides                    =           1
 Blocking factor for multiple rhs              =           1
 ICNTL (9)                                     =           1
  --- (10)                                     =           0
  --- (11)                                     =           0
  --- (20)                                     =          10
  --- (21)                                     =           1
  --- (30)                                     =           0
  --- (35)                                     =           0
 WARNING: original distributed matrix is not allocated
 ** Rank of processor needing largest memory in solve     :       127
 ** Space in MBYTES used by this processor for solve      :       756
 ** Avg. Space in MBYTES per working proc during solve    :       405

 Leaving solve with ...
 Time to build/scatter RHS        =       0.001998
 Time in solution step (fwd/bwd)  =       0.138081
  .. Time in forward (fwd) step   =          0.072967
  .. Time in ScaLAPACK root       =          0.001604
  .. Time in backward (bwd) step  =          0.063480
 Time to gather solution(cent.sol)=       0.000000
 Time to copy/scale dist. solution=       0.000488

 Elapsed time in solve driver=       0.2912
   50 KSP Residual norm 2.829174070248e-02

Entering DMUMPS 5.6.2 from C interface with JOB, N =   3     1237277
      executing #MPI =    128 and #OMP =      2



 ****** SOLVE & CHECK STEP ********

 GLOBAL STATISTICS PRIOR SOLVE PHASE ...........
 Number of right-hand-sides                    =           1
 Blocking factor for multiple rhs              =           1
 ICNTL (9)                                     =           1
  --- (10)                                     =           0
  --- (11)                                     =           0
  --- (20)                                     =          10
  --- (21)                                     =           1
  --- (30)                                     =           0
  --- (35)                                     =           0
 WARNING: original distributed matrix is not allocated
 ** Rank of processor needing largest memory in solve     :       127
 ** Space in MBYTES used by this processor for solve      :       756
 ** Avg. Space in MBYTES per working proc during solve    :       405

 Leaving solve with ...
 Time to build/scatter RHS        =       0.002026
 Time in solution step (fwd/bwd)  =       0.135773
  .. Time in forward (fwd) step   =          0.073840
  .. Time in ScaLAPACK root       =          0.001575
  .. Time in backward (bwd) step  =          0.060338
 Time to gather solution(cent.sol)=       0.000000
 Time to copy/scale dist. solution=       0.000489

 Elapsed time in solve driver=       0.2854
   51 KSP Residual norm 2.745080757639e-02

Entering DMUMPS 5.6.2 from C interface with JOB, N =   3     1237277
      executing #MPI =    128 and #OMP =      2



 ****** SOLVE & CHECK STEP ********

 GLOBAL STATISTICS PRIOR SOLVE PHASE ...........
 Number of right-hand-sides                    =           1
 Blocking factor for multiple rhs              =           1
 ICNTL (9)                                     =           1
  --- (10)                                     =           0
  --- (11)                                     =           0
  --- (20)                                     =          10
  --- (21)                                     =           1
  --- (30)                                     =           0
  --- (35)                                     =           0
 WARNING: original distributed matrix is not allocated
 ** Rank of processor needing largest memory in solve     :       127
 ** Space in MBYTES used by this processor for solve      :       756
 ** Avg. Space in MBYTES per working proc during solve    :       405

 Leaving solve with ...
 Time to build/scatter RHS        =       0.002011
 Time in solution step (fwd/bwd)  =       0.137718
  .. Time in forward (fwd) step   =          0.072814
  .. Time in ScaLAPACK root       =          0.001585
  .. Time in backward (bwd) step  =          0.063296
 Time to gather solution(cent.sol)=       0.000000
 Time to copy/scale dist. solution=       0.000473

 Elapsed time in solve driver=       0.2881
   52 KSP Residual norm 2.707665768294e-02

Entering DMUMPS 5.6.2 from C interface with JOB, N =   3     1237277
      executing #MPI =    128 and #OMP =      2



 ****** SOLVE & CHECK STEP ********

 GLOBAL STATISTICS PRIOR SOLVE PHASE ...........
 Number of right-hand-sides                    =           1
 Blocking factor for multiple rhs              =           1
 ICNTL (9)                                     =           1
  --- (10)                                     =           0
  --- (11)                                     =           0
  --- (20)                                     =          10
  --- (21)                                     =           1
  --- (30)                                     =           0
  --- (35)                                     =           0
 WARNING: original distributed matrix is not allocated
 ** Rank of processor needing largest memory in solve     :       127
 ** Space in MBYTES used by this processor for solve      :       756
 ** Avg. Space in MBYTES per working proc during solve    :       405

 Leaving solve with ...
 Time to build/scatter RHS        =       0.002113
 Time in solution step (fwd/bwd)  =       0.137602
  .. Time in forward (fwd) step   =          0.072918
  .. Time in ScaLAPACK root       =          0.001592
  .. Time in backward (bwd) step  =          0.063074
 Time to gather solution(cent.sol)=       0.000000
 Time to copy/scale dist. solution=       0.000480

 Elapsed time in solve driver=       0.2871
   53 KSP Residual norm 2.663175553002e-02

Entering DMUMPS 5.6.2 from C interface with JOB, N =   3     1237277
      executing #MPI =    128 and #OMP =      2



 ****** SOLVE & CHECK STEP ********

 GLOBAL STATISTICS PRIOR SOLVE PHASE ...........
 Number of right-hand-sides                    =           1
 Blocking factor for multiple rhs              =           1
 ICNTL (9)                                     =           1
  --- (10)                                     =           0
  --- (11)                                     =           0
  --- (20)                                     =          10
  --- (21)                                     =           1
  --- (30)                                     =           0
  --- (35)                                     =           0
 WARNING: original distributed matrix is not allocated
 ** Rank of processor needing largest memory in solve     :       127
 ** Space in MBYTES used by this processor for solve      :       756
 ** Avg. Space in MBYTES per working proc during solve    :       405

 Leaving solve with ...
 Time to build/scatter RHS        =       0.037300
 Time in solution step (fwd/bwd)  =       0.185738
  .. Time in forward (fwd) step   =          0.122662
  .. Time in ScaLAPACK root       =          0.001518
  .. Time in backward (bwd) step  =          0.061536
 Time to gather solution(cent.sol)=       0.000000
 Time to copy/scale dist. solution=       0.000487

 Elapsed time in solve driver=       0.3686
   54 KSP Residual norm 2.622462662736e-02

Entering DMUMPS 5.6.2 from C interface with JOB, N =   3     1237277
      executing #MPI =    128 and #OMP =      2



 ****** SOLVE & CHECK STEP ********

 GLOBAL STATISTICS PRIOR SOLVE PHASE ...........
 Number of right-hand-sides                    =           1
 Blocking factor for multiple rhs              =           1
 ICNTL (9)                                     =           1
  --- (10)                                     =           0
  --- (11)                                     =           0
  --- (20)                                     =          10
  --- (21)                                     =           1
  --- (30)                                     =           0
  --- (35)                                     =           0
 WARNING: original distributed matrix is not allocated
 ** Rank of processor needing largest memory in solve     :       127
 ** Space in MBYTES used by this processor for solve      :       756
 ** Avg. Space in MBYTES per working proc during solve    :       405

 Leaving solve with ...
 Time to build/scatter RHS        =       0.001992
 Time in solution step (fwd/bwd)  =       0.137427
  .. Time in forward (fwd) step   =          0.073270
  .. Time in ScaLAPACK root       =          0.001561
  .. Time in backward (bwd) step  =          0.062578
 Time to gather solution(cent.sol)=       0.000000
 Time to copy/scale dist. solution=       0.000479

 Elapsed time in solve driver=       0.2931
   55 KSP Residual norm 2.587300486283e-02

Entering DMUMPS 5.6.2 from C interface with JOB, N =   3     1237277
      executing #MPI =    128 and #OMP =      2



 ****** SOLVE & CHECK STEP ********

 GLOBAL STATISTICS PRIOR SOLVE PHASE ...........
 Number of right-hand-sides                    =           1
 Blocking factor for multiple rhs              =           1
 ICNTL (9)                                     =           1
  --- (10)                                     =           0
  --- (11)                                     =           0
  --- (20)                                     =          10
  --- (21)                                     =           1
  --- (30)                                     =           0
  --- (35)                                     =           0
 WARNING: original distributed matrix is not allocated
 ** Rank of processor needing largest memory in solve     :       127
 ** Space in MBYTES used by this processor for solve      :       756
 ** Avg. Space in MBYTES per working proc during solve    :       405

 Leaving solve with ...
 Time to build/scatter RHS        =       0.001984
 Time in solution step (fwd/bwd)  =       0.138178
  .. Time in forward (fwd) step   =          0.073470
  .. Time in ScaLAPACK root       =          0.001562
  .. Time in backward (bwd) step  =          0.063124
 Time to gather solution(cent.sol)=       0.000000
 Time to copy/scale dist. solution=       0.000479

 Elapsed time in solve driver=       0.2891
   56 KSP Residual norm 2.568304178606e-02

Entering DMUMPS 5.6.2 from C interface with JOB, N =   3     1237277
      executing #MPI =    128 and #OMP =      2



 ****** SOLVE & CHECK STEP ********

 GLOBAL STATISTICS PRIOR SOLVE PHASE ...........
 Number of right-hand-sides                    =           1
 Blocking factor for multiple rhs              =           1
 ICNTL (9)                                     =           1
  --- (10)                                     =           0
  --- (11)                                     =           0
  --- (20)                                     =          10
  --- (21)                                     =           1
  --- (30)                                     =           0
  --- (35)                                     =           0
 WARNING: original distributed matrix is not allocated
 ** Rank of processor needing largest memory in solve     :       127
 ** Space in MBYTES used by this processor for solve      :       756
 ** Avg. Space in MBYTES per working proc during solve    :       405

 Leaving solve with ...
 Time to build/scatter RHS        =       0.001995
 Time in solution step (fwd/bwd)  =       0.141732
  .. Time in forward (fwd) step   =          0.074315
  .. Time in ScaLAPACK root       =          0.001542
  .. Time in backward (bwd) step  =          0.065843
 Time to gather solution(cent.sol)=       0.000000
 Time to copy/scale dist. solution=       0.000466

 Elapsed time in solve driver=       0.2900
   57 KSP Residual norm 2.555046729732e-02

Entering DMUMPS 5.6.2 from C interface with JOB, N =   3     1237277
      executing #MPI =    128 and #OMP =      2



 ****** SOLVE & CHECK STEP ********

 GLOBAL STATISTICS PRIOR SOLVE PHASE ...........
 Number of right-hand-sides                    =           1
 Blocking factor for multiple rhs              =           1
 ICNTL (9)                                     =           1
  --- (10)                                     =           0
  --- (11)                                     =           0
  --- (20)                                     =          10
  --- (21)                                     =           1
  --- (30)                                     =           0
  --- (35)                                     =           0
 WARNING: original distributed matrix is not allocated
 ** Rank of processor needing largest memory in solve     :       127
 ** Space in MBYTES used by this processor for solve      :       756
 ** Avg. Space in MBYTES per working proc during solve    :       405

 Leaving solve with ...
 Time to build/scatter RHS        =       0.001995
 Time in solution step (fwd/bwd)  =       0.140026
  .. Time in forward (fwd) step   =          0.074128
  .. Time in ScaLAPACK root       =          0.001600
  .. Time in backward (bwd) step  =          0.064277
 Time to gather solution(cent.sol)=       0.000000
 Time to copy/scale dist. solution=       0.000476

 Elapsed time in solve driver=       0.2916
   58 KSP Residual norm 2.549781935746e-02

Entering DMUMPS 5.6.2 from C interface with JOB, N =   3     1237277
      executing #MPI =    128 and #OMP =      2



 ****** SOLVE & CHECK STEP ********

 GLOBAL STATISTICS PRIOR SOLVE PHASE ...........
 Number of right-hand-sides                    =           1
 Blocking factor for multiple rhs              =           1
 ICNTL (9)                                     =           1
  --- (10)                                     =           0
  --- (11)                                     =           0
  --- (20)                                     =          10
  --- (21)                                     =           1
  --- (30)                                     =           0
  --- (35)                                     =           0
 WARNING: original distributed matrix is not allocated
 ** Rank of processor needing largest memory in solve     :       127
 ** Space in MBYTES used by this processor for solve      :       756
 ** Avg. Space in MBYTES per working proc during solve    :       405

 Leaving solve with ...
 Time to build/scatter RHS        =       0.001994
 Time in solution step (fwd/bwd)  =       0.135290
  .. Time in forward (fwd) step   =          0.073576
  .. Time in ScaLAPACK root       =          0.001576
  .. Time in backward (bwd) step  =          0.060120
 Time to gather solution(cent.sol)=       0.000000
 Time to copy/scale dist. solution=       0.000489

 Elapsed time in solve driver=       0.2859
   59 KSP Residual norm 2.543734067221e-02

Entering DMUMPS 5.6.2 from C interface with JOB, N =   3     1237277
      executing #MPI =    128 and #OMP =      2



 ****** SOLVE & CHECK STEP ********

 GLOBAL STATISTICS PRIOR SOLVE PHASE ...........
 Number of right-hand-sides                    =           1
 Blocking factor for multiple rhs              =           1
 ICNTL (9)                                     =           1
  --- (10)                                     =           0
  --- (11)                                     =           0
  --- (20)                                     =          10
  --- (21)                                     =           1
  --- (30)                                     =           0
  --- (35)                                     =           0
 WARNING: original distributed matrix is not allocated
 ** Rank of processor needing largest memory in solve     :       127
 ** Space in MBYTES used by this processor for solve      :       756
 ** Avg. Space in MBYTES per working proc during solve    :       405

 Leaving solve with ...
 Time to build/scatter RHS        =       0.001908
 Time in solution step (fwd/bwd)  =       0.135839
  .. Time in forward (fwd) step   =          0.073185
  .. Time in ScaLAPACK root       =          0.001569
  .. Time in backward (bwd) step  =          0.061066
 Time to gather solution(cent.sol)=       0.000000
 Time to copy/scale dist. solution=       0.000481

 Elapsed time in solve driver=       0.2870
   60 KSP Residual norm 2.536571290179e-02

Entering DMUMPS 5.6.2 from C interface with JOB, N =   3     1237277
      executing #MPI =    128 and #OMP =      2



 ****** SOLVE & CHECK STEP ********

 GLOBAL STATISTICS PRIOR SOLVE PHASE ...........
 Number of right-hand-sides                    =           1
 Blocking factor for multiple rhs              =           1
 ICNTL (9)                                     =           1
  --- (10)                                     =           0
  --- (11)                                     =           0
  --- (20)                                     =          10
  --- (21)                                     =           1
  --- (30)                                     =           0
  --- (35)                                     =           0
 WARNING: original distributed matrix is not allocated
 ** Rank of processor needing largest memory in solve     :       127
 ** Space in MBYTES used by this processor for solve      :       756
 ** Avg. Space in MBYTES per working proc during solve    :       405

 Leaving solve with ...
 Time to build/scatter RHS        =       0.001960
 Time in solution step (fwd/bwd)  =       0.136945
  .. Time in forward (fwd) step   =          0.073783
  .. Time in ScaLAPACK root       =          0.001562
  .. Time in backward (bwd) step  =          0.061582
 Time to gather solution(cent.sol)=       0.000000
 Time to copy/scale dist. solution=       0.000493

 Elapsed time in solve driver=       0.2862
   61 KSP Residual norm 2.518779346349e-02

Entering DMUMPS 5.6.2 from C interface with JOB, N =   3     1237277
      executing #MPI =    128 and #OMP =      2



 ****** SOLVE & CHECK STEP ********

 GLOBAL STATISTICS PRIOR SOLVE PHASE ...........
 Number of right-hand-sides                    =           1
 Blocking factor for multiple rhs              =           1
 ICNTL (9)                                     =           1
  --- (10)                                     =           0
  --- (11)                                     =           0
  --- (20)                                     =          10
  --- (21)                                     =           1
  --- (30)                                     =           0
  --- (35)                                     =           0
 WARNING: original distributed matrix is not allocated
 ** Rank of processor needing largest memory in solve     :       127
 ** Space in MBYTES used by this processor for solve      :       756
 ** Avg. Space in MBYTES per working proc during solve    :       405

 Leaving solve with ...
 Time to build/scatter RHS        =       0.001968
 Time in solution step (fwd/bwd)  =       0.139610
  .. Time in forward (fwd) step   =          0.074677
  .. Time in ScaLAPACK root       =          0.001550
  .. Time in backward (bwd) step  =          0.063363
 Time to gather solution(cent.sol)=       0.000000
 Time to copy/scale dist. solution=       0.000481

 Elapsed time in solve driver=       0.2887
   62 KSP Residual norm 2.504224248554e-02

Entering DMUMPS 5.6.2 from C interface with JOB, N =   3     1237277
      executing #MPI =    128 and #OMP =      2



 ****** SOLVE & CHECK STEP ********

 GLOBAL STATISTICS PRIOR SOLVE PHASE ...........
 Number of right-hand-sides                    =           1
 Blocking factor for multiple rhs              =           1
 ICNTL (9)                                     =           1
  --- (10)                                     =           0
  --- (11)                                     =           0
  --- (20)                                     =          10
  --- (21)                                     =           1
  --- (30)                                     =           0
  --- (35)                                     =           0
 WARNING: original distributed matrix is not allocated
 ** Rank of processor needing largest memory in solve     :       127
 ** Space in MBYTES used by this processor for solve      :       756
 ** Avg. Space in MBYTES per working proc during solve    :       405

 Leaving solve with ...
 Time to build/scatter RHS        =       0.002079
 Time in solution step (fwd/bwd)  =       0.137155
  .. Time in forward (fwd) step   =          0.073731
  .. Time in ScaLAPACK root       =          0.001571
  .. Time in backward (bwd) step  =          0.061827
 Time to gather solution(cent.sol)=       0.000000
 Time to copy/scale dist. solution=       0.000477

 Elapsed time in solve driver=       0.2871
   63 KSP Residual norm 2.497545807717e-02

Entering DMUMPS 5.6.2 from C interface with JOB, N =   3     1237277
      executing #MPI =    128 and #OMP =      2



 ****** SOLVE & CHECK STEP ********

 GLOBAL STATISTICS PRIOR SOLVE PHASE ...........
 Number of right-hand-sides                    =           1
 Blocking factor for multiple rhs              =           1
 ICNTL (9)                                     =           1
  --- (10)                                     =           0
  --- (11)                                     =           0
  --- (20)                                     =          10
  --- (21)                                     =           1
  --- (30)                                     =           0
  --- (35)                                     =           0
 WARNING: original distributed matrix is not allocated
 ** Rank of processor needing largest memory in solve     :       127
 ** Space in MBYTES used by this processor for solve      :       756
 ** Avg. Space in MBYTES per working proc during solve    :       405

 Leaving solve with ...
 Time to build/scatter RHS        =       0.001985
 Time in solution step (fwd/bwd)  =       0.137729
  .. Time in forward (fwd) step   =          0.073706
  .. Time in ScaLAPACK root       =          0.001561
  .. Time in backward (bwd) step  =          0.062434
 Time to gather solution(cent.sol)=       0.000000
 Time to copy/scale dist. solution=       0.000495

 Elapsed time in solve driver=       0.2858
   64 KSP Residual norm 2.494725283189e-02

Entering DMUMPS 5.6.2 from C interface with JOB, N =   3     1237277
      executing #MPI =    128 and #OMP =      2



 ****** SOLVE & CHECK STEP ********

 GLOBAL STATISTICS PRIOR SOLVE PHASE ...........
 Number of right-hand-sides                    =           1
 Blocking factor for multiple rhs              =           1
 ICNTL (9)                                     =           1
  --- (10)                                     =           0
  --- (11)                                     =           0
  --- (20)                                     =          10
  --- (21)                                     =           1
  --- (30)                                     =           0
  --- (35)                                     =           0
 WARNING: original distributed matrix is not allocated
 ** Rank of processor needing largest memory in solve     :       127
 ** Space in MBYTES used by this processor for solve      :       756
 ** Avg. Space in MBYTES per working proc during solve    :       405

 Leaving solve with ...
 Time to build/scatter RHS        =       0.001947
 Time in solution step (fwd/bwd)  =       0.137574
  .. Time in forward (fwd) step   =          0.073499
  .. Time in ScaLAPACK root       =          0.001563
  .. Time in backward (bwd) step  =          0.062489
 Time to gather solution(cent.sol)=       0.000000
 Time to copy/scale dist. solution=       0.000473

 Elapsed time in solve driver=       0.2907
   65 KSP Residual norm 2.492991035126e-02

Entering DMUMPS 5.6.2 from C interface with JOB, N =   3     1237277
      executing #MPI =    128 and #OMP =      2



 ****** SOLVE & CHECK STEP ********

 GLOBAL STATISTICS PRIOR SOLVE PHASE ...........
 Number of right-hand-sides                    =           1
 Blocking factor for multiple rhs              =           1
 ICNTL (9)                                     =           1
  --- (10)                                     =           0
  --- (11)                                     =           0
  --- (20)                                     =          10
  --- (21)                                     =           1
  --- (30)                                     =           0
  --- (35)                                     =           0
 WARNING: original distributed matrix is not allocated
 ** Rank of processor needing largest memory in solve     :       127
 ** Space in MBYTES used by this processor for solve      :       756
 ** Avg. Space in MBYTES per working proc during solve    :       405

 Leaving solve with ...
 Time to build/scatter RHS        =       0.001857
 Time in solution step (fwd/bwd)  =       0.137683
  .. Time in forward (fwd) step   =          0.073438
  .. Time in ScaLAPACK root       =          0.001599
  .. Time in backward (bwd) step  =          0.062624
 Time to gather solution(cent.sol)=       0.000000
 Time to copy/scale dist. solution=       0.000496

 Elapsed time in solve driver=       0.2885
   66 KSP Residual norm 2.489299650000e-02

Entering DMUMPS 5.6.2 from C interface with JOB, N =   3     1237277
      executing #MPI =    128 and #OMP =      2



 ****** SOLVE & CHECK STEP ********

 GLOBAL STATISTICS PRIOR SOLVE PHASE ...........
 Number of right-hand-sides                    =           1
 Blocking factor for multiple rhs              =           1
 ICNTL (9)                                     =           1
  --- (10)                                     =           0
  --- (11)                                     =           0
  --- (20)                                     =          10
  --- (21)                                     =           1
  --- (30)                                     =           0
  --- (35)                                     =           0
 WARNING: original distributed matrix is not allocated
 ** Rank of processor needing largest memory in solve     :       127
 ** Space in MBYTES used by this processor for solve      :       756
 ** Avg. Space in MBYTES per working proc during solve    :       405

 Leaving solve with ...
 Time to build/scatter RHS        =       0.001898
 Time in solution step (fwd/bwd)  =       0.134192
  .. Time in forward (fwd) step   =          0.072361
  .. Time in ScaLAPACK root       =          0.001560
  .. Time in backward (bwd) step  =          0.060246
 Time to gather solution(cent.sol)=       0.000000
 Time to copy/scale dist. solution=       0.000483

 Elapsed time in solve driver=       0.2811
   67 KSP Residual norm 2.483132080048e-02

Entering DMUMPS 5.6.2 from C interface with JOB, N =   3     1237277
      executing #MPI =    128 and #OMP =      2



 ****** SOLVE & CHECK STEP ********

 GLOBAL STATISTICS PRIOR SOLVE PHASE ...........
 Number of right-hand-sides                    =           1
 Blocking factor for multiple rhs              =           1
 ICNTL (9)                                     =           1
  --- (10)                                     =           0
  --- (11)                                     =           0
  --- (20)                                     =          10
  --- (21)                                     =           1
  --- (30)                                     =           0
  --- (35)                                     =           0
 WARNING: original distributed matrix is not allocated
 ** Rank of processor needing largest memory in solve     :       127
 ** Space in MBYTES used by this processor for solve      :       756
 ** Avg. Space in MBYTES per working proc during solve    :       405

 Leaving solve with ...
 Time to build/scatter RHS        =       0.001883
 Time in solution step (fwd/bwd)  =       0.138489
  .. Time in forward (fwd) step   =          0.073621
  .. Time in ScaLAPACK root       =          0.001561
  .. Time in backward (bwd) step  =          0.063287
 Time to gather solution(cent.sol)=       0.000000
 Time to copy/scale dist. solution=       0.000476

 Elapsed time in solve driver=       0.2887
   68 KSP Residual norm 2.477414692148e-02

Entering DMUMPS 5.6.2 from C interface with JOB, N =   3     1237277
      executing #MPI =    128 and #OMP =      2



 ****** SOLVE & CHECK STEP ********

 GLOBAL STATISTICS PRIOR SOLVE PHASE ...........
 Number of right-hand-sides                    =           1
 Blocking factor for multiple rhs              =           1
 ICNTL (9)                                     =           1
  --- (10)                                     =           0
  --- (11)                                     =           0
  --- (20)                                     =          10
  --- (21)                                     =           1
  --- (30)                                     =           0
  --- (35)                                     =           0
 WARNING: original distributed matrix is not allocated
 ** Rank of processor needing largest memory in solve     :       127
 ** Space in MBYTES used by this processor for solve      :       756
 ** Avg. Space in MBYTES per working proc during solve    :       405

 Leaving solve with ...
 Time to build/scatter RHS        =       0.001843
 Time in solution step (fwd/bwd)  =       0.138211
  .. Time in forward (fwd) step   =          0.073499
  .. Time in ScaLAPACK root       =          0.001578
  .. Time in backward (bwd) step  =          0.063117
 Time to gather solution(cent.sol)=       0.000000
 Time to copy/scale dist. solution=       0.000472

 Elapsed time in solve driver=       0.2872
   69 KSP Residual norm 2.468296410141e-02

Entering DMUMPS 5.6.2 from C interface with JOB, N =   3     1237277
      executing #MPI =    128 and #OMP =      2



 ****** SOLVE & CHECK STEP ********

 GLOBAL STATISTICS PRIOR SOLVE PHASE ...........
 Number of right-hand-sides                    =           1
 Blocking factor for multiple rhs              =           1
 ICNTL (9)                                     =           1
  --- (10)                                     =           0
  --- (11)                                     =           0
  --- (20)                                     =          10
  --- (21)                                     =           1
  --- (30)                                     =           0
  --- (35)                                     =           0
 WARNING: original distributed matrix is not allocated
 ** Rank of processor needing largest memory in solve     :       127
 ** Space in MBYTES used by this processor for solve      :       756
 ** Avg. Space in MBYTES per working proc during solve    :       405

 Leaving solve with ...
 Time to build/scatter RHS        =       0.001988
 Time in solution step (fwd/bwd)  =       0.136357
  .. Time in forward (fwd) step   =          0.072893
  .. Time in ScaLAPACK root       =          0.001586
  .. Time in backward (bwd) step  =          0.061856
 Time to gather solution(cent.sol)=       0.000000
 Time to copy/scale dist. solution=       0.000478

 Elapsed time in solve driver=       0.2882
   70 KSP Residual norm 2.459096611635e-02

Entering DMUMPS 5.6.2 from C interface with JOB, N =   3     1237277
      executing #MPI =    128 and #OMP =      2



 ****** SOLVE & CHECK STEP ********

 GLOBAL STATISTICS PRIOR SOLVE PHASE ...........
 Number of right-hand-sides                    =           1
 Blocking factor for multiple rhs              =           1
 ICNTL (9)                                     =           1
  --- (10)                                     =           0
  --- (11)                                     =           0
  --- (20)                                     =          10
  --- (21)                                     =           1
  --- (30)                                     =           0
  --- (35)                                     =           0
 WARNING: original distributed matrix is not allocated
 ** Rank of processor needing largest memory in solve     :       127
 ** Space in MBYTES used by this processor for solve      :       756
 ** Avg. Space in MBYTES per working proc during solve    :       405

 Leaving solve with ...
 Time to build/scatter RHS        =       0.001899
 Time in solution step (fwd/bwd)  =       0.138043
  .. Time in forward (fwd) step   =          0.074095
  .. Time in ScaLAPACK root       =          0.001608
  .. Time in backward (bwd) step  =          0.062309
 Time to gather solution(cent.sol)=       0.000000
 Time to copy/scale dist. solution=       0.000482

 Elapsed time in solve driver=       0.2878
   71 KSP Residual norm 2.454620599491e-02

Entering DMUMPS 5.6.2 from C interface with JOB, N =   3     1237277
      executing #MPI =    128 and #OMP =      2



 ****** SOLVE & CHECK STEP ********

 GLOBAL STATISTICS PRIOR SOLVE PHASE ...........
 Number of right-hand-sides                    =           1
 Blocking factor for multiple rhs              =           1
 ICNTL (9)                                     =           1
  --- (10)                                     =           0
  --- (11)                                     =           0
  --- (20)                                     =          10
  --- (21)                                     =           1
  --- (30)                                     =           0
  --- (35)                                     =           0
 WARNING: original distributed matrix is not allocated
 ** Rank of processor needing largest memory in solve     :       127
 ** Space in MBYTES used by this processor for solve      :       756
 ** Avg. Space in MBYTES per working proc during solve    :       405

 Leaving solve with ...
 Time to build/scatter RHS        =       0.001949
 Time in solution step (fwd/bwd)  =       0.137849
  .. Time in forward (fwd) step   =          0.073073
  .. Time in ScaLAPACK root       =          0.001591
  .. Time in backward (bwd) step  =          0.063164
 Time to gather solution(cent.sol)=       0.000000
 Time to copy/scale dist. solution=       0.000476

 Elapsed time in solve driver=       0.2878
   72 KSP Residual norm 2.447540062462e-02

Entering DMUMPS 5.6.2 from C interface with JOB, N =   3     1237277
      executing #MPI =    128 and #OMP =      2



 ****** SOLVE & CHECK STEP ********

 GLOBAL STATISTICS PRIOR SOLVE PHASE ...........
 Number of right-hand-sides                    =           1
 Blocking factor for multiple rhs              =           1
 ICNTL (9)                                     =           1
  --- (10)                                     =           0
  --- (11)                                     =           0
  --- (20)                                     =          10
  --- (21)                                     =           1
  --- (30)                                     =           0
  --- (35)                                     =           0
 WARNING: original distributed matrix is not allocated
 ** Rank of processor needing largest memory in solve     :       127
 ** Space in MBYTES used by this processor for solve      :       756
 ** Avg. Space in MBYTES per working proc during solve    :       405

 Leaving solve with ...
 Time to build/scatter RHS        =       0.002120
 Time in solution step (fwd/bwd)  =       0.138505
  .. Time in forward (fwd) step   =          0.073578
  .. Time in ScaLAPACK root       =          0.001561
  .. Time in backward (bwd) step  =          0.063345
 Time to gather solution(cent.sol)=       0.000000
 Time to copy/scale dist. solution=       0.000474

 Elapsed time in solve driver=       0.2884
   73 KSP Residual norm 2.443110051327e-02

Entering DMUMPS 5.6.2 from C interface with JOB, N =   3     1237277
      executing #MPI =    128 and #OMP =      2



 ****** SOLVE & CHECK STEP ********

 GLOBAL STATISTICS PRIOR SOLVE PHASE ...........
 Number of right-hand-sides                    =           1
 Blocking factor for multiple rhs              =           1
 ICNTL (9)                                     =           1
  --- (10)                                     =           0
  --- (11)                                     =           0
  --- (20)                                     =          10
  --- (21)                                     =           1
  --- (30)                                     =           0
  --- (35)                                     =           0
 WARNING: original distributed matrix is not allocated
 ** Rank of processor needing largest memory in solve     :       127
 ** Space in MBYTES used by this processor for solve      :       756
 ** Avg. Space in MBYTES per working proc during solve    :       405

 Leaving solve with ...
 Time to build/scatter RHS        =       0.001967
 Time in solution step (fwd/bwd)  =       0.137818
  .. Time in forward (fwd) step   =          0.073140
  .. Time in ScaLAPACK root       =          0.001549
  .. Time in backward (bwd) step  =          0.063108
 Time to gather solution(cent.sol)=       0.000000
 Time to copy/scale dist. solution=       0.000469

 Elapsed time in solve driver=       0.2819
   74 KSP Residual norm 2.438856206814e-02

Entering DMUMPS 5.6.2 from C interface with JOB, N =   3     1237277
      executing #MPI =    128 and #OMP =      2



 ****** SOLVE & CHECK STEP ********

 GLOBAL STATISTICS PRIOR SOLVE PHASE ...........
 Number of right-hand-sides                    =           1
 Blocking factor for multiple rhs              =           1
 ICNTL (9)                                     =           1
  --- (10)                                     =           0
  --- (11)                                     =           0
  --- (20)                                     =          10
  --- (21)                                     =           1
  --- (30)                                     =           0
  --- (35)                                     =           0
 WARNING: original distributed matrix is not allocated
 ** Rank of processor needing largest memory in solve     :       127
 ** Space in MBYTES used by this processor for solve      :       756
 ** Avg. Space in MBYTES per working proc during solve    :       405

 Leaving solve with ...
 Time to build/scatter RHS        =       0.001908
 Time in solution step (fwd/bwd)  =       0.137023
  .. Time in forward (fwd) step   =          0.073738
  .. Time in ScaLAPACK root       =          0.001575
  .. Time in backward (bwd) step  =          0.061689
 Time to gather solution(cent.sol)=       0.000000
 Time to copy/scale dist. solution=       0.000495

 Elapsed time in solve driver=       0.2835
   75 KSP Residual norm 2.427362080217e-02

Entering DMUMPS 5.6.2 from C interface with JOB, N =   3     1237277
      executing #MPI =    128 and #OMP =      2



 ****** SOLVE & CHECK STEP ********

 GLOBAL STATISTICS PRIOR SOLVE PHASE ...........
 Number of right-hand-sides                    =           1
 Blocking factor for multiple rhs              =           1
 ICNTL (9)                                     =           1
  --- (10)                                     =           0
  --- (11)                                     =           0
  --- (20)                                     =          10
  --- (21)                                     =           1
  --- (30)                                     =           0
  --- (35)                                     =           0
 WARNING: original distributed matrix is not allocated
 ** Rank of processor needing largest memory in solve     :       127
 ** Space in MBYTES used by this processor for solve      :       756
 ** Avg. Space in MBYTES per working proc during solve    :       405

 Leaving solve with ...
 Time to build/scatter RHS        =       0.001917
 Time in solution step (fwd/bwd)  =       0.137743
  .. Time in forward (fwd) step   =          0.073628
  .. Time in ScaLAPACK root       =          0.001554
  .. Time in backward (bwd) step  =          0.062539
 Time to gather solution(cent.sol)=       0.000000
 Time to copy/scale dist. solution=       0.000485

 Elapsed time in solve driver=       0.2867
   76 KSP Residual norm 2.409507078908e-02

Entering DMUMPS 5.6.2 from C interface with JOB, N =   3     1237277
      executing #MPI =    128 and #OMP =      2



 ****** SOLVE & CHECK STEP ********

 GLOBAL STATISTICS PRIOR SOLVE PHASE ...........
 Number of right-hand-sides                    =           1
 Blocking factor for multiple rhs              =           1
 ICNTL (9)                                     =           1
  --- (10)                                     =           0
  --- (11)                                     =           0
  --- (20)                                     =          10
  --- (21)                                     =           1
  --- (30)                                     =           0
  --- (35)                                     =           0
 WARNING: original distributed matrix is not allocated
 ** Rank of processor needing largest memory in solve     :       127
 ** Space in MBYTES used by this processor for solve      :       756
 ** Avg. Space in MBYTES per working proc during solve    :       405

 Leaving solve with ...
 Time to build/scatter RHS        =       0.002006
 Time in solution step (fwd/bwd)  =       0.136173
  .. Time in forward (fwd) step   =          0.073131
  .. Time in ScaLAPACK root       =          0.001574
  .. Time in backward (bwd) step  =          0.061448
 Time to gather solution(cent.sol)=       0.000000
 Time to copy/scale dist. solution=       0.000499

 Elapsed time in solve driver=       0.2875
   77 KSP Residual norm 2.372456360792e-02

Entering DMUMPS 5.6.2 from C interface with JOB, N =   3     1237277
      executing #MPI =    128 and #OMP =      2



 ****** SOLVE & CHECK STEP ********

 GLOBAL STATISTICS PRIOR SOLVE PHASE ...........
 Number of right-hand-sides                    =           1
 Blocking factor for multiple rhs              =           1
 ICNTL (9)                                     =           1
  --- (10)                                     =           0
  --- (11)                                     =           0
  --- (20)                                     =          10
  --- (21)                                     =           1
  --- (30)                                     =           0
  --- (35)                                     =           0
 WARNING: original distributed matrix is not allocated
 ** Rank of processor needing largest memory in solve     :       127
 ** Space in MBYTES used by this processor for solve      :       756
 ** Avg. Space in MBYTES per working proc during solve    :       405

 Leaving solve with ...
 Time to build/scatter RHS        =       0.002648
 Time in solution step (fwd/bwd)  =       0.137209
  .. Time in forward (fwd) step   =          0.074147
  .. Time in ScaLAPACK root       =          0.001590
  .. Time in backward (bwd) step  =          0.061439
 Time to gather solution(cent.sol)=       0.000000
 Time to copy/scale dist. solution=       0.000579

 Elapsed time in solve driver=       0.2848
   78 KSP Residual norm 2.329383857077e-02

Entering DMUMPS 5.6.2 from C interface with JOB, N =   3     1237277
      executing #MPI =    128 and #OMP =      2



 ****** SOLVE & CHECK STEP ********

 GLOBAL STATISTICS PRIOR SOLVE PHASE ...........
 Number of right-hand-sides                    =           1
 Blocking factor for multiple rhs              =           1
 ICNTL (9)                                     =           1
  --- (10)                                     =           0
  --- (11)                                     =           0
  --- (20)                                     =          10
  --- (21)                                     =           1
  --- (30)                                     =           0
  --- (35)                                     =           0
 WARNING: original distributed matrix is not allocated
 ** Rank of processor needing largest memory in solve     :       127
 ** Space in MBYTES used by this processor for solve      :       756
 ** Avg. Space in MBYTES per working proc during solve    :       405

 Leaving solve with ...
 Time to build/scatter RHS        =       0.002031
 Time in solution step (fwd/bwd)  =       0.138040
  .. Time in forward (fwd) step   =          0.073667
  .. Time in ScaLAPACK root       =          0.001584
  .. Time in backward (bwd) step  =          0.062770
 Time to gather solution(cent.sol)=       0.000000
 Time to copy/scale dist. solution=       0.000491

 Elapsed time in solve driver=       0.2823
   79 KSP Residual norm 2.297998261206e-02

Entering DMUMPS 5.6.2 from C interface with JOB, N =   3     1237277
      executing #MPI =    128 and #OMP =      2



 ****** SOLVE & CHECK STEP ********

 GLOBAL STATISTICS PRIOR SOLVE PHASE ...........
 Number of right-hand-sides                    =           1
 Blocking factor for multiple rhs              =           1
 ICNTL (9)                                     =           1
  --- (10)                                     =           0
  --- (11)                                     =           0
  --- (20)                                     =          10
  --- (21)                                     =           1
  --- (30)                                     =           0
  --- (35)                                     =           0
 WARNING: original distributed matrix is not allocated
 ** Rank of processor needing largest memory in solve     :       127
 ** Space in MBYTES used by this processor for solve      :       756
 ** Avg. Space in MBYTES per working proc during solve    :       405

 Leaving solve with ...
 Time to build/scatter RHS        =       0.001886
 Time in solution step (fwd/bwd)  =       0.136746
  .. Time in forward (fwd) step   =          0.073154
  .. Time in ScaLAPACK root       =          0.001606
  .. Time in backward (bwd) step  =          0.061963
 Time to gather solution(cent.sol)=       0.000000
 Time to copy/scale dist. solution=       0.000476

 Elapsed time in solve driver=       0.2837
   80 KSP Residual norm 2.270957856630e-02

Entering DMUMPS 5.6.2 from C interface with JOB, N =   3     1237277
      executing #MPI =    128 and #OMP =      2



 ****** SOLVE & CHECK STEP ********

 GLOBAL STATISTICS PRIOR SOLVE PHASE ...........
 Number of right-hand-sides                    =           1
 Blocking factor for multiple rhs              =           1
 ICNTL (9)                                     =           1
  --- (10)                                     =           0
  --- (11)                                     =           0
  --- (20)                                     =          10
  --- (21)                                     =           1
  --- (30)                                     =           0
  --- (35)                                     =           0
 WARNING: original distributed matrix is not allocated
 ** Rank of processor needing largest memory in solve     :       127
 ** Space in MBYTES used by this processor for solve      :       756
 ** Avg. Space in MBYTES per working proc during solve    :       405

 Leaving solve with ...
 Time to build/scatter RHS        =       0.001958
 Time in solution step (fwd/bwd)  =       0.138102
  .. Time in forward (fwd) step   =          0.073543
  .. Time in ScaLAPACK root       =          0.001574
  .. Time in backward (bwd) step  =          0.062967
 Time to gather solution(cent.sol)=       0.000000
 Time to copy/scale dist. solution=       0.000490

 Elapsed time in solve driver=       0.2876
   81 KSP Residual norm 2.239235245045e-02

Entering DMUMPS 5.6.2 from C interface with JOB, N =   3     1237277
      executing #MPI =    128 and #OMP =      2



 ****** SOLVE & CHECK STEP ********

 GLOBAL STATISTICS PRIOR SOLVE PHASE ...........
 Number of right-hand-sides                    =           1
 Blocking factor for multiple rhs              =           1
 ICNTL (9)                                     =           1
  --- (10)                                     =           0
  --- (11)                                     =           0
  --- (20)                                     =          10
  --- (21)                                     =           1
  --- (30)                                     =           0
  --- (35)                                     =           0
 WARNING: original distributed matrix is not allocated
 ** Rank of processor needing largest memory in solve     :       127
 ** Space in MBYTES used by this processor for solve      :       756
 ** Avg. Space in MBYTES per working proc during solve    :       405

 Leaving solve with ...
 Time to build/scatter RHS        =       0.001970
 Time in solution step (fwd/bwd)  =       0.134249
  .. Time in forward (fwd) step   =          0.073344
  .. Time in ScaLAPACK root       =          0.001599
  .. Time in backward (bwd) step  =          0.059282
 Time to gather solution(cent.sol)=       0.000000
 Time to copy/scale dist. solution=       0.000479

 Elapsed time in solve driver=       0.2849
   82 KSP Residual norm 2.192894962910e-02

Entering DMUMPS 5.6.2 from C interface with JOB, N =   3     1237277
      executing #MPI =    128 and #OMP =      2



 ****** SOLVE & CHECK STEP ********

 GLOBAL STATISTICS PRIOR SOLVE PHASE ...........
 Number of right-hand-sides                    =           1
 Blocking factor for multiple rhs              =           1
 ICNTL (9)                                     =           1
  --- (10)                                     =           0
  --- (11)                                     =           0
  --- (20)                                     =          10
  --- (21)                                     =           1
  --- (30)                                     =           0
  --- (35)                                     =           0
 WARNING: original distributed matrix is not allocated
 ** Rank of processor needing largest memory in solve     :       127
 ** Space in MBYTES used by this processor for solve      :       756
 ** Avg. Space in MBYTES per working proc during solve    :       405

 Leaving solve with ...
 Time to build/scatter RHS        =       0.002158
 Time in solution step (fwd/bwd)  =       0.138064
  .. Time in forward (fwd) step   =          0.076791
  .. Time in ScaLAPACK root       =          0.001527
  .. Time in backward (bwd) step  =          0.059726
 Time to gather solution(cent.sol)=       0.000000
 Time to copy/scale dist. solution=       0.000483

 Elapsed time in solve driver=       0.2827
   83 KSP Residual norm 2.153235573684e-02

Entering DMUMPS 5.6.2 from C interface with JOB, N =   3     1237277
      executing #MPI =    128 and #OMP =      2



 ****** SOLVE & CHECK STEP ********

 GLOBAL STATISTICS PRIOR SOLVE PHASE ...........
 Number of right-hand-sides                    =           1
 Blocking factor for multiple rhs              =           1
 ICNTL (9)                                     =           1
  --- (10)                                     =           0
  --- (11)                                     =           0
  --- (20)                                     =          10
  --- (21)                                     =           1
  --- (30)                                     =           0
  --- (35)                                     =           0
 WARNING: original distributed matrix is not allocated
 ** Rank of processor needing largest memory in solve     :       127
 ** Space in MBYTES used by this processor for solve      :       756
 ** Avg. Space in MBYTES per working proc during solve    :       405

 Leaving solve with ...
 Time to build/scatter RHS        =       0.001929
 Time in solution step (fwd/bwd)  =       0.137646
  .. Time in forward (fwd) step   =          0.073789
  .. Time in ScaLAPACK root       =          0.001606
  .. Time in backward (bwd) step  =          0.062232
 Time to gather solution(cent.sol)=       0.000000
 Time to copy/scale dist. solution=       0.000480

 Elapsed time in solve driver=       0.2857
   84 KSP Residual norm 2.109938655543e-02

Entering DMUMPS 5.6.2 from C interface with JOB, N =   3     1237277
      executing #MPI =    128 and #OMP =      2



 ****** SOLVE & CHECK STEP ********

 GLOBAL STATISTICS PRIOR SOLVE PHASE ...........
 Number of right-hand-sides                    =           1
 Blocking factor for multiple rhs              =           1
 ICNTL (9)                                     =           1
  --- (10)                                     =           0
  --- (11)                                     =           0
  --- (20)                                     =          10
  --- (21)                                     =           1
  --- (30)                                     =           0
  --- (35)                                     =           0
 WARNING: original distributed matrix is not allocated
 ** Rank of processor needing largest memory in solve     :       127
 ** Space in MBYTES used by this processor for solve      :       756
 ** Avg. Space in MBYTES per working proc during solve    :       405

 Leaving solve with ...
 Time to build/scatter RHS        =       0.001935
 Time in solution step (fwd/bwd)  =       0.138172
  .. Time in forward (fwd) step   =          0.073609
  .. Time in ScaLAPACK root       =          0.001573
  .. Time in backward (bwd) step  =          0.062963
 Time to gather solution(cent.sol)=       0.000000
 Time to copy/scale dist. solution=       0.000464

 Elapsed time in solve driver=       0.2834
   85 KSP Residual norm 2.060676586261e-02

Entering DMUMPS 5.6.2 from C interface with JOB, N =   3     1237277
      executing #MPI =    128 and #OMP =      2



 ****** SOLVE & CHECK STEP ********

 GLOBAL STATISTICS PRIOR SOLVE PHASE ...........
 Number of right-hand-sides                    =           1
 Blocking factor for multiple rhs              =           1
 ICNTL (9)                                     =           1
  --- (10)                                     =           0
  --- (11)                                     =           0
  --- (20)                                     =          10
  --- (21)                                     =           1
  --- (30)                                     =           0
  --- (35)                                     =           0
 WARNING: original distributed matrix is not allocated
 ** Rank of processor needing largest memory in solve     :       127
 ** Space in MBYTES used by this processor for solve      :       756
 ** Avg. Space in MBYTES per working proc during solve    :       405

 Leaving solve with ...
 Time to build/scatter RHS        =       0.001974
 Time in solution step (fwd/bwd)  =       0.137597
  .. Time in forward (fwd) step   =          0.073072
  .. Time in ScaLAPACK root       =          0.001579
  .. Time in backward (bwd) step  =          0.062922
 Time to gather solution(cent.sol)=       0.000000
 Time to copy/scale dist. solution=       0.000474

 Elapsed time in solve driver=       0.2844
   86 KSP Residual norm 2.005024981680e-02

Entering DMUMPS 5.6.2 from C interface with JOB, N =   3     1237277
      executing #MPI =    128 and #OMP =      2



 ****** SOLVE & CHECK STEP ********

 GLOBAL STATISTICS PRIOR SOLVE PHASE ...........
 Number of right-hand-sides                    =           1
 Blocking factor for multiple rhs              =           1
 ICNTL (9)                                     =           1
  --- (10)                                     =           0
  --- (11)                                     =           0
  --- (20)                                     =          10
  --- (21)                                     =           1
  --- (30)                                     =           0
  --- (35)                                     =           0
 WARNING: original distributed matrix is not allocated
 ** Rank of processor needing largest memory in solve     :       127
 ** Space in MBYTES used by this processor for solve      :       756
 ** Avg. Space in MBYTES per working proc during solve    :       405

 Leaving solve with ...
 Time to build/scatter RHS        =       0.001916
 Time in solution step (fwd/bwd)  =       0.137014
  .. Time in forward (fwd) step   =          0.073523
  .. Time in ScaLAPACK root       =          0.001593
  .. Time in backward (bwd) step  =          0.061873
 Time to gather solution(cent.sol)=       0.000000
 Time to copy/scale dist. solution=       0.000481

 Elapsed time in solve driver=       0.2813
   87 KSP Residual norm 1.929410386098e-02

Entering DMUMPS 5.6.2 from C interface with JOB, N =   3     1237277
      executing #MPI =    128 and #OMP =      2



 ****** SOLVE & CHECK STEP ********

 GLOBAL STATISTICS PRIOR SOLVE PHASE ...........
 Number of right-hand-sides                    =           1
 Blocking factor for multiple rhs              =           1
 ICNTL (9)                                     =           1
  --- (10)                                     =           0
  --- (11)                                     =           0
  --- (20)                                     =          10
  --- (21)                                     =           1
  --- (30)                                     =           0
  --- (35)                                     =           0
 WARNING: original distributed matrix is not allocated
 ** Rank of processor needing largest memory in solve     :       127
 ** Space in MBYTES used by this processor for solve      :       756
 ** Avg. Space in MBYTES per working proc during solve    :       405

 Leaving solve with ...
 Time to build/scatter RHS        =       0.001948
 Time in solution step (fwd/bwd)  =       0.138695
  .. Time in forward (fwd) step   =          0.072460
  .. Time in ScaLAPACK root       =          0.001584
  .. Time in backward (bwd) step  =          0.064627
 Time to gather solution(cent.sol)=       0.000000
 Time to copy/scale dist. solution=       0.000472

 Elapsed time in solve driver=       0.2851
   88 KSP Residual norm 1.810502092077e-02

Entering DMUMPS 5.6.2 from C interface with JOB, N =   3     1237277
      executing #MPI =    128 and #OMP =      2



 ****** SOLVE & CHECK STEP ********

 GLOBAL STATISTICS PRIOR SOLVE PHASE ...........
 Number of right-hand-sides                    =           1
 Blocking factor for multiple rhs              =           1
 ICNTL (9)                                     =           1
  --- (10)                                     =           0
  --- (11)                                     =           0
  --- (20)                                     =          10
  --- (21)                                     =           1
  --- (30)                                     =           0
  --- (35)                                     =           0
 WARNING: original distributed matrix is not allocated
 ** Rank of processor needing largest memory in solve     :       127
 ** Space in MBYTES used by this processor for solve      :       756
 ** Avg. Space in MBYTES per working proc during solve    :       405

 Leaving solve with ...
 Time to build/scatter RHS        =       0.001962
 Time in solution step (fwd/bwd)  =       0.137543
  .. Time in forward (fwd) step   =          0.073160
  .. Time in ScaLAPACK root       =          0.001583
  .. Time in backward (bwd) step  =          0.062776
 Time to gather solution(cent.sol)=       0.000000
 Time to copy/scale dist. solution=       0.000481

 Elapsed time in solve driver=       0.2860
   89 KSP Residual norm 1.700565722117e-02

Entering DMUMPS 5.6.2 from C interface with JOB, N =   3     1237277
      executing #MPI =    128 and #OMP =      2



 ****** SOLVE & CHECK STEP ********

 GLOBAL STATISTICS PRIOR SOLVE PHASE ...........
 Number of right-hand-sides                    =           1
 Blocking factor for multiple rhs              =           1
 ICNTL (9)                                     =           1
  --- (10)                                     =           0
  --- (11)                                     =           0
  --- (20)                                     =          10
  --- (21)                                     =           1
  --- (30)                                     =           0
  --- (35)                                     =           0
 WARNING: original distributed matrix is not allocated
 ** Rank of processor needing largest memory in solve     :       127
 ** Space in MBYTES used by this processor for solve      :       756
 ** Avg. Space in MBYTES per working proc during solve    :       405

 Leaving solve with ...
 Time to build/scatter RHS        =       0.001893
 Time in solution step (fwd/bwd)  =       0.137993
  .. Time in forward (fwd) step   =          0.075109
  .. Time in ScaLAPACK root       =          0.001553
  .. Time in backward (bwd) step  =          0.061308
 Time to gather solution(cent.sol)=       0.000000
 Time to copy/scale dist. solution=       0.000487

 Elapsed time in solve driver=       0.2874
   90 KSP Residual norm 1.586836809411e-02

Entering DMUMPS 5.6.2 from C interface with JOB, N =   3     1237277
      executing #MPI =    128 and #OMP =      2



 ****** SOLVE & CHECK STEP ********

 GLOBAL STATISTICS PRIOR SOLVE PHASE ...........
 Number of right-hand-sides                    =           1
 Blocking factor for multiple rhs              =           1
 ICNTL (9)                                     =           1
  --- (10)                                     =           0
  --- (11)                                     =           0
  --- (20)                                     =          10
  --- (21)                                     =           1
  --- (30)                                     =           0
  --- (35)                                     =           0
 WARNING: original distributed matrix is not allocated
 ** Rank of processor needing largest memory in solve     :       127
 ** Space in MBYTES used by this processor for solve      :       756
 ** Avg. Space in MBYTES per working proc during solve    :       405

 Leaving solve with ...
 Time to build/scatter RHS        =       0.015271
 Time in solution step (fwd/bwd)  =       0.136766
  .. Time in forward (fwd) step   =          0.074173
  .. Time in ScaLAPACK root       =          0.001568
  .. Time in backward (bwd) step  =          0.061004
 Time to gather solution(cent.sol)=       0.000000
 Time to copy/scale dist. solution=       0.000479

 Elapsed time in solve driver=       0.2984
   91 KSP Residual norm 1.441476864912e-02

Entering DMUMPS 5.6.2 from C interface with JOB, N =   3     1237277
      executing #MPI =    128 and #OMP =      2



 ****** SOLVE & CHECK STEP ********

 GLOBAL STATISTICS PRIOR SOLVE PHASE ...........
 Number of right-hand-sides                    =           1
 Blocking factor for multiple rhs              =           1
 ICNTL (9)                                     =           1
  --- (10)                                     =           0
  --- (11)                                     =           0
  --- (20)                                     =          10
  --- (21)                                     =           1
  --- (30)                                     =           0
  --- (35)                                     =           0
 WARNING: original distributed matrix is not allocated
 ** Rank of processor needing largest memory in solve     :       127
 ** Space in MBYTES used by this processor for solve      :       756
 ** Avg. Space in MBYTES per working proc during solve    :       405

 Leaving solve with ...
 Time to build/scatter RHS        =       0.001859
 Time in solution step (fwd/bwd)  =       0.137421
  .. Time in forward (fwd) step   =          0.073265
  .. Time in ScaLAPACK root       =          0.001576
  .. Time in backward (bwd) step  =          0.062552
 Time to gather solution(cent.sol)=       0.000000
 Time to copy/scale dist. solution=       0.000470

 Elapsed time in solve driver=       0.2808
   92 KSP Residual norm 1.334243429421e-02

Entering DMUMPS 5.6.2 from C interface with JOB, N =   3     1237277
      executing #MPI =    128 and #OMP =      2



 ****** SOLVE & CHECK STEP ********

 GLOBAL STATISTICS PRIOR SOLVE PHASE ...........
 Number of right-hand-sides                    =           1
 Blocking factor for multiple rhs              =           1
 ICNTL (9)                                     =           1
  --- (10)                                     =           0
  --- (11)                                     =           0
  --- (20)                                     =          10
  --- (21)                                     =           1
  --- (30)                                     =           0
  --- (35)                                     =           0
 WARNING: original distributed matrix is not allocated
 ** Rank of processor needing largest memory in solve     :       127
 ** Space in MBYTES used by this processor for solve      :       756
 ** Avg. Space in MBYTES per working proc during solve    :       405

 Leaving solve with ...
 Time to build/scatter RHS        =       0.002168
 Time in solution step (fwd/bwd)  =       0.137993
  .. Time in forward (fwd) step   =          0.073652
  .. Time in ScaLAPACK root       =          0.001568
  .. Time in backward (bwd) step  =          0.062754
 Time to gather solution(cent.sol)=       0.000000
 Time to copy/scale dist. solution=       0.000484

 Elapsed time in solve driver=       0.2854
   93 KSP Residual norm 1.234252997049e-02

Entering DMUMPS 5.6.2 from C interface with JOB, N =   3     1237277
      executing #MPI =    128 and #OMP =      2



 ****** SOLVE & CHECK STEP ********

 GLOBAL STATISTICS PRIOR SOLVE PHASE ...........
 Number of right-hand-sides                    =           1
 Blocking factor for multiple rhs              =           1
 ICNTL (9)                                     =           1
  --- (10)                                     =           0
  --- (11)                                     =           0
  --- (20)                                     =          10
  --- (21)                                     =           1
  --- (30)                                     =           0
  --- (35)                                     =           0
 WARNING: original distributed matrix is not allocated
 ** Rank of processor needing largest memory in solve     :       127
 ** Space in MBYTES used by this processor for solve      :       756
 ** Avg. Space in MBYTES per working proc during solve    :       405

 Leaving solve with ...
 Time to build/scatter RHS        =       0.001932
 Time in solution step (fwd/bwd)  =       0.135802
  .. Time in forward (fwd) step   =          0.073973
  .. Time in ScaLAPACK root       =          0.001560
  .. Time in backward (bwd) step  =          0.060247
 Time to gather solution(cent.sol)=       0.000000
 Time to copy/scale dist. solution=       0.000494

 Elapsed time in solve driver=       0.2814
   94 KSP Residual norm 1.142661461736e-02

Entering DMUMPS 5.6.2 from C interface with JOB, N =   3     1237277
      executing #MPI =    128 and #OMP =      2



 ****** SOLVE & CHECK STEP ********

 GLOBAL STATISTICS PRIOR SOLVE PHASE ...........
 Number of right-hand-sides                    =           1
 Blocking factor for multiple rhs              =           1
 ICNTL (9)                                     =           1
  --- (10)                                     =           0
  --- (11)                                     =           0
  --- (20)                                     =          10
  --- (21)                                     =           1
  --- (30)                                     =           0
  --- (35)                                     =           0
 WARNING: original distributed matrix is not allocated
 ** Rank of processor needing largest memory in solve     :       127
 ** Space in MBYTES used by this processor for solve      :       756
 ** Avg. Space in MBYTES per working proc during solve    :       405

 Leaving solve with ...
 Time to build/scatter RHS        =       0.001968
 Time in solution step (fwd/bwd)  =       0.135092
  .. Time in forward (fwd) step   =          0.073161
  .. Time in ScaLAPACK root       =          0.001601
  .. Time in backward (bwd) step  =          0.060305
 Time to gather solution(cent.sol)=       0.000000
 Time to copy/scale dist. solution=       0.000491

 Elapsed time in solve driver=       0.2807
   95 KSP Residual norm 1.025931486168e-02

Entering DMUMPS 5.6.2 from C interface with JOB, N =   3     1237277
      executing #MPI =    128 and #OMP =      2



 ****** SOLVE & CHECK STEP ********

 GLOBAL STATISTICS PRIOR SOLVE PHASE ...........
 Number of right-hand-sides                    =           1
 Blocking factor for multiple rhs              =           1
 ICNTL (9)                                     =           1
  --- (10)                                     =           0
  --- (11)                                     =           0
  --- (20)                                     =          10
  --- (21)                                     =           1
  --- (30)                                     =           0
  --- (35)                                     =           0
 WARNING: original distributed matrix is not allocated
 ** Rank of processor needing largest memory in solve     :       127
 ** Space in MBYTES used by this processor for solve      :       756
 ** Avg. Space in MBYTES per working proc during solve    :       405

 Leaving solve with ...
 Time to build/scatter RHS        =       0.100190
 Time in solution step (fwd/bwd)  =       0.137338
  .. Time in forward (fwd) step   =          0.073430
  .. Time in ScaLAPACK root       =          0.001596
  .. Time in backward (bwd) step  =          0.062293
 Time to gather solution(cent.sol)=       0.000000
 Time to copy/scale dist. solution=       0.000481

 Elapsed time in solve driver=       0.3817
   96 KSP Residual norm 9.037306828610e-03

Entering DMUMPS 5.6.2 from C interface with JOB, N =   3     1237277
      executing #MPI =    128 and #OMP =      2



 ****** SOLVE & CHECK STEP ********

 GLOBAL STATISTICS PRIOR SOLVE PHASE ...........
 Number of right-hand-sides                    =           1
 Blocking factor for multiple rhs              =           1
 ICNTL (9)                                     =           1
  --- (10)                                     =           0
  --- (11)                                     =           0
  --- (20)                                     =          10
  --- (21)                                     =           1
  --- (30)                                     =           0
  --- (35)                                     =           0
 WARNING: original distributed matrix is not allocated
 ** Rank of processor needing largest memory in solve     :       127
 ** Space in MBYTES used by this processor for solve      :       756
 ** Avg. Space in MBYTES per working proc during solve    :       405

 Leaving solve with ...
 Time to build/scatter RHS        =       0.001880
 Time in solution step (fwd/bwd)  =       0.141753
  .. Time in forward (fwd) step   =          0.073278
  .. Time in ScaLAPACK root       =          0.001606
  .. Time in backward (bwd) step  =          0.066848
 Time to gather solution(cent.sol)=       0.000000
 Time to copy/scale dist. solution=       0.000472

 Elapsed time in solve driver=       0.2890
   97 KSP Residual norm 8.017466436307e-03

Entering DMUMPS 5.6.2 from C interface with JOB, N =   3     1237277
      executing #MPI =    128 and #OMP =      2



 ****** SOLVE & CHECK STEP ********

 GLOBAL STATISTICS PRIOR SOLVE PHASE ...........
 Number of right-hand-sides                    =           1
 Blocking factor for multiple rhs              =           1
 ICNTL (9)                                     =           1
  --- (10)                                     =           0
  --- (11)                                     =           0
  --- (20)                                     =          10
  --- (21)                                     =           1
  --- (30)                                     =           0
  --- (35)                                     =           0
 WARNING: original distributed matrix is not allocated
 ** Rank of processor needing largest memory in solve     :       127
 ** Space in MBYTES used by this processor for solve      :       756
 ** Avg. Space in MBYTES per working proc during solve    :       405

 Leaving solve with ...
 Time to build/scatter RHS        =       0.001920
 Time in solution step (fwd/bwd)  =       0.135066
  .. Time in forward (fwd) step   =          0.073365
  .. Time in ScaLAPACK root       =          0.001590
  .. Time in backward (bwd) step  =          0.060091
 Time to gather solution(cent.sol)=       0.000000
 Time to copy/scale dist. solution=       0.000496

 Elapsed time in solve driver=       0.2835
   98 KSP Residual norm 7.201777185732e-03

Entering DMUMPS 5.6.2 from C interface with JOB, N =   3     1237277
      executing #MPI =    128 and #OMP =      2



 ****** SOLVE & CHECK STEP ********

 GLOBAL STATISTICS PRIOR SOLVE PHASE ...........
 Number of right-hand-sides                    =           1
 Blocking factor for multiple rhs              =           1
 ICNTL (9)                                     =           1
  --- (10)                                     =           0
  --- (11)                                     =           0
  --- (20)                                     =          10
  --- (21)                                     =           1
  --- (30)                                     =           0
  --- (35)                                     =           0
 WARNING: original distributed matrix is not allocated
 ** Rank of processor needing largest memory in solve     :       127
 ** Space in MBYTES used by this processor for solve      :       756
 ** Avg. Space in MBYTES per working proc during solve    :       405

 Leaving solve with ...
 Time to build/scatter RHS        =       0.001972
 Time in solution step (fwd/bwd)  =       0.136767
  .. Time in forward (fwd) step   =          0.074312
  .. Time in ScaLAPACK root       =          0.001553
  .. Time in backward (bwd) step  =          0.060874
 Time to gather solution(cent.sol)=       0.000000
 Time to copy/scale dist. solution=       0.000491

 Elapsed time in solve driver=       0.2824
   99 KSP Residual norm 6.442374976979e-03

Entering DMUMPS 5.6.2 from C interface with JOB, N =   3     1237277
      executing #MPI =    128 and #OMP =      2



 ****** SOLVE & CHECK STEP ********

 GLOBAL STATISTICS PRIOR SOLVE PHASE ...........
 Number of right-hand-sides                    =           1
 Blocking factor for multiple rhs              =           1
 ICNTL (9)                                     =           1
  --- (10)                                     =           0
  --- (11)                                     =           0
  --- (20)                                     =          10
  --- (21)                                     =           1
  --- (30)                                     =           0
  --- (35)                                     =           0
 WARNING: original distributed matrix is not allocated
 ** Rank of processor needing largest memory in solve     :       127
 ** Space in MBYTES used by this processor for solve      :       756
 ** Avg. Space in MBYTES per working proc during solve    :       405

 Leaving solve with ...
 Time to build/scatter RHS        =       0.001952
 Time in solution step (fwd/bwd)  =       0.139172
  .. Time in forward (fwd) step   =          0.073793
  .. Time in ScaLAPACK root       =          0.001584
  .. Time in backward (bwd) step  =          0.063773
 Time to gather solution(cent.sol)=       0.000000
 Time to copy/scale dist. solution=       0.000480

 Elapsed time in solve driver=       0.2887
  100 KSP Residual norm 5.949333273310e-03

Entering DMUMPS 5.6.2 from C interface with JOB, N =   3     1237277
      executing #MPI =    128 and #OMP =      2



 ****** SOLVE & CHECK STEP ********

 GLOBAL STATISTICS PRIOR SOLVE PHASE ...........
 Number of right-hand-sides                    =           1
 Blocking factor for multiple rhs              =           1
 ICNTL (9)                                     =           1
  --- (10)                                     =           0
  --- (11)                                     =           0
  --- (20)                                     =          10
  --- (21)                                     =           1
  --- (30)                                     =           0
  --- (35)                                     =           0
 WARNING: original distributed matrix is not allocated
 ** Rank of processor needing largest memory in solve     :       127
 ** Space in MBYTES used by this processor for solve      :       756
 ** Avg. Space in MBYTES per working proc during solve    :       405

 Leaving solve with ...
 Time to build/scatter RHS        =       0.001906
 Time in solution step (fwd/bwd)  =       0.138820
  .. Time in forward (fwd) step   =          0.073422
  .. Time in ScaLAPACK root       =          0.001625
  .. Time in backward (bwd) step  =          0.063748
 Time to gather solution(cent.sol)=       0.000000
 Time to copy/scale dist. solution=       0.000497

 Elapsed time in solve driver=       0.2861
  101 KSP Residual norm 5.526905697886e-03

Entering DMUMPS 5.6.2 from C interface with JOB, N =   3     1237277
      executing #MPI =    128 and #OMP =      2



 ****** SOLVE & CHECK STEP ********

 GLOBAL STATISTICS PRIOR SOLVE PHASE ...........
 Number of right-hand-sides                    =           1
 Blocking factor for multiple rhs              =           1
 ICNTL (9)                                     =           1
  --- (10)                                     =           0
  --- (11)                                     =           0
  --- (20)                                     =          10
  --- (21)                                     =           1
  --- (30)                                     =           0
  --- (35)                                     =           0
 WARNING: original distributed matrix is not allocated
 ** Rank of processor needing largest memory in solve     :       127
 ** Space in MBYTES used by this processor for solve      :       756
 ** Avg. Space in MBYTES per working proc during solve    :       405

 Leaving solve with ...
 Time to build/scatter RHS        =       0.001872
 Time in solution step (fwd/bwd)  =       0.137653
  .. Time in forward (fwd) step   =          0.073422
  .. Time in ScaLAPACK root       =          0.001600
  .. Time in backward (bwd) step  =          0.062609
 Time to gather solution(cent.sol)=       0.000000
 Time to copy/scale dist. solution=       0.000498

 Elapsed time in solve driver=       0.2843
  102 KSP Residual norm 5.125292832942e-03

Entering DMUMPS 5.6.2 from C interface with JOB, N =   3     1237277
      executing #MPI =    128 and #OMP =      2



 ****** SOLVE & CHECK STEP ********

 GLOBAL STATISTICS PRIOR SOLVE PHASE ...........
 Number of right-hand-sides                    =           1
 Blocking factor for multiple rhs              =           1
 ICNTL (9)                                     =           1
  --- (10)                                     =           0
  --- (11)                                     =           0
  --- (20)                                     =          10
  --- (21)                                     =           1
  --- (30)                                     =           0
  --- (35)                                     =           0
 WARNING: original distributed matrix is not allocated
 ** Rank of processor needing largest memory in solve     :       127
 ** Space in MBYTES used by this processor for solve      :       756
 ** Avg. Space in MBYTES per working proc during solve    :       405

 Leaving solve with ...
 Time to build/scatter RHS        =       0.002189
 Time in solution step (fwd/bwd)  =       0.138884
  .. Time in forward (fwd) step   =          0.073879
  .. Time in ScaLAPACK root       =          0.001556
  .. Time in backward (bwd) step  =          0.063429
 Time to gather solution(cent.sol)=       0.000000
 Time to copy/scale dist. solution=       0.000490

 Elapsed time in solve driver=       0.2861
  103 KSP Residual norm 4.853365501939e-03

Entering DMUMPS 5.6.2 from C interface with JOB, N =   3     1237277
      executing #MPI =    128 and #OMP =      2



 ****** SOLVE & CHECK STEP ********

 GLOBAL STATISTICS PRIOR SOLVE PHASE ...........
 Number of right-hand-sides                    =           1
 Blocking factor for multiple rhs              =           1
 ICNTL (9)                                     =           1
  --- (10)                                     =           0
  --- (11)                                     =           0
  --- (20)                                     =          10
  --- (21)                                     =           1
  --- (30)                                     =           0
  --- (35)                                     =           0
 WARNING: original distributed matrix is not allocated
 ** Rank of processor needing largest memory in solve     :       127
 ** Space in MBYTES used by this processor for solve      :       756
 ** Avg. Space in MBYTES per working proc during solve    :       405

 Leaving solve with ...
 Time to build/scatter RHS        =       0.001921
 Time in solution step (fwd/bwd)  =       0.138909
  .. Time in forward (fwd) step   =          0.073342
  .. Time in ScaLAPACK root       =          0.001576
  .. Time in backward (bwd) step  =          0.063974
 Time to gather solution(cent.sol)=       0.000000
 Time to copy/scale dist. solution=       0.000480

 Elapsed time in solve driver=       0.2916
  104 KSP Residual norm 4.521335513934e-03

Entering DMUMPS 5.6.2 from C interface with JOB, N =   3     1237277
      executing #MPI =    128 and #OMP =      2



 ****** SOLVE & CHECK STEP ********

 GLOBAL STATISTICS PRIOR SOLVE PHASE ...........
 Number of right-hand-sides                    =           1
 Blocking factor for multiple rhs              =           1
 ICNTL (9)                                     =           1
  --- (10)                                     =           0
  --- (11)                                     =           0
  --- (20)                                     =          10
  --- (21)                                     =           1
  --- (30)                                     =           0
  --- (35)                                     =           0
 WARNING: original distributed matrix is not allocated
 ** Rank of processor needing largest memory in solve     :       127
 ** Space in MBYTES used by this processor for solve      :       756
 ** Avg. Space in MBYTES per working proc during solve    :       405

 Leaving solve with ...
 Time to build/scatter RHS        =       0.001893
 Time in solution step (fwd/bwd)  =       0.137364
  .. Time in forward (fwd) step   =          0.072937
  .. Time in ScaLAPACK root       =          0.001566
  .. Time in backward (bwd) step  =          0.062842
 Time to gather solution(cent.sol)=       0.000000
 Time to copy/scale dist. solution=       0.000477

 Elapsed time in solve driver=       0.2767
  105 KSP Residual norm 4.178884719224e-03

Entering DMUMPS 5.6.2 from C interface with JOB, N =   3     1237277
      executing #MPI =    128 and #OMP =      2



 ****** SOLVE & CHECK STEP ********

 GLOBAL STATISTICS PRIOR SOLVE PHASE ...........
 Number of right-hand-sides                    =           1
 Blocking factor for multiple rhs              =           1
 ICNTL (9)                                     =           1
  --- (10)                                     =           0
  --- (11)                                     =           0
  --- (20)                                     =          10
  --- (21)                                     =           1
  --- (30)                                     =           0
  --- (35)                                     =           0
 WARNING: original distributed matrix is not allocated
 ** Rank of processor needing largest memory in solve     :       127
 ** Space in MBYTES used by this processor for solve      :       756
 ** Avg. Space in MBYTES per working proc during solve    :       405

 Leaving solve with ...
 Time to build/scatter RHS        =       0.001993
 Time in solution step (fwd/bwd)  =       0.138432
  .. Time in forward (fwd) step   =          0.073967
  .. Time in ScaLAPACK root       =          0.001574
  .. Time in backward (bwd) step  =          0.062861
 Time to gather solution(cent.sol)=       0.000000
 Time to copy/scale dist. solution=       0.000483

 Elapsed time in solve driver=       0.2735
  106 KSP Residual norm 3.932943305813e-03

Entering DMUMPS 5.6.2 from C interface with JOB, N =   3     1237277
      executing #MPI =    128 and #OMP =      2



 ****** SOLVE & CHECK STEP ********

 GLOBAL STATISTICS PRIOR SOLVE PHASE ...........
 Number of right-hand-sides                    =           1
 Blocking factor for multiple rhs              =           1
 ICNTL (9)                                     =           1
  --- (10)                                     =           0
  --- (11)                                     =           0
  --- (20)                                     =          10
  --- (21)                                     =           1
  --- (30)                                     =           0
  --- (35)                                     =           0
 WARNING: original distributed matrix is not allocated
 ** Rank of processor needing largest memory in solve     :       127
 ** Space in MBYTES used by this processor for solve      :       756
 ** Avg. Space in MBYTES per working proc during solve    :       405

 Leaving solve with ...
 Time to build/scatter RHS        =       0.001981
 Time in solution step (fwd/bwd)  =       0.137414
  .. Time in forward (fwd) step   =          0.074655
  .. Time in ScaLAPACK root       =          0.001553
  .. Time in backward (bwd) step  =          0.061184
 Time to gather solution(cent.sol)=       0.000000
 Time to copy/scale dist. solution=       0.000493

 Elapsed time in solve driver=       0.2752
  107 KSP Residual norm 3.709867185885e-03

Entering DMUMPS 5.6.2 from C interface with JOB, N =   3     1237277
      executing #MPI =    128 and #OMP =      2



 ****** SOLVE & CHECK STEP ********

 GLOBAL STATISTICS PRIOR SOLVE PHASE ...........
 Number of right-hand-sides                    =           1
 Blocking factor for multiple rhs              =           1
 ICNTL (9)                                     =           1
  --- (10)                                     =           0
  --- (11)                                     =           0
  --- (20)                                     =          10
  --- (21)                                     =           1
  --- (30)                                     =           0
  --- (35)                                     =           0
 WARNING: original distributed matrix is not allocated
 ** Rank of processor needing largest memory in solve     :       127
 ** Space in MBYTES used by this processor for solve      :       756
 ** Avg. Space in MBYTES per working proc during solve    :       405

 Leaving solve with ...
 Time to build/scatter RHS        =       0.002236
 Time in solution step (fwd/bwd)  =       0.135934
  .. Time in forward (fwd) step   =          0.073710
  .. Time in ScaLAPACK root       =          0.001553
  .. Time in backward (bwd) step  =          0.060654
 Time to gather solution(cent.sol)=       0.000000
 Time to copy/scale dist. solution=       0.000513

 Elapsed time in solve driver=       0.2767
  108 KSP Residual norm 3.502618466472e-03

Entering DMUMPS 5.6.2 from C interface with JOB, N =   3     1237277
      executing #MPI =    128 and #OMP =      2



 ****** SOLVE & CHECK STEP ********

 GLOBAL STATISTICS PRIOR SOLVE PHASE ...........
 Number of right-hand-sides                    =           1
 Blocking factor for multiple rhs              =           1
 ICNTL (9)                                     =           1
  --- (10)                                     =           0
  --- (11)                                     =           0
  --- (20)                                     =          10
  --- (21)                                     =           1
  --- (30)                                     =           0
  --- (35)                                     =           0
 WARNING: original distributed matrix is not allocated
 ** Rank of processor needing largest memory in solve     :       127
 ** Space in MBYTES used by this processor for solve      :       756
 ** Avg. Space in MBYTES per working proc during solve    :       405

 Leaving solve with ...
 Time to build/scatter RHS        =       0.001904
 Time in solution step (fwd/bwd)  =       0.139460
  .. Time in forward (fwd) step   =          0.073545
  .. Time in ScaLAPACK root       =          0.001580
  .. Time in backward (bwd) step  =          0.064311
 Time to gather solution(cent.sol)=       0.000000
 Time to copy/scale dist. solution=       0.000480

 Elapsed time in solve driver=       0.2757
  109 KSP Residual norm 3.313976701541e-03

Entering DMUMPS 5.6.2 from C interface with JOB, N =   3     1237277
      executing #MPI =    128 and #OMP =      2



 ****** SOLVE & CHECK STEP ********

 GLOBAL STATISTICS PRIOR SOLVE PHASE ...........
 Number of right-hand-sides                    =           1
 Blocking factor for multiple rhs              =           1
 ICNTL (9)                                     =           1
  --- (10)                                     =           0
  --- (11)                                     =           0
  --- (20)                                     =          10
  --- (21)                                     =           1
  --- (30)                                     =           0
  --- (35)                                     =           0
 WARNING: original distributed matrix is not allocated
 ** Rank of processor needing largest memory in solve     :       127
 ** Space in MBYTES used by this processor for solve      :       756
 ** Avg. Space in MBYTES per working proc during solve    :       405

 Leaving solve with ...
 Time to build/scatter RHS        =       0.001966
 Time in solution step (fwd/bwd)  =       0.136681
  .. Time in forward (fwd) step   =          0.075202
  .. Time in ScaLAPACK root       =          0.001597
  .. Time in backward (bwd) step  =          0.059861
 Time to gather solution(cent.sol)=       0.000000
 Time to copy/scale dist. solution=       0.000483

 Elapsed time in solve driver=       0.2719
  110 KSP Residual norm 3.165134375973e-03

Entering DMUMPS 5.6.2 from C interface with JOB, N =   3     1237277
      executing #MPI =    128 and #OMP =      2



 ****** SOLVE & CHECK STEP ********

 GLOBAL STATISTICS PRIOR SOLVE PHASE ...........
 Number of right-hand-sides                    =           1
 Blocking factor for multiple rhs              =           1
 ICNTL (9)                                     =           1
  --- (10)                                     =           0
  --- (11)                                     =           0
  --- (20)                                     =          10
  --- (21)                                     =           1
  --- (30)                                     =           0
  --- (35)                                     =           0
 WARNING: original distributed matrix is not allocated
 ** Rank of processor needing largest memory in solve     :       127
 ** Space in MBYTES used by this processor for solve      :       756
 ** Avg. Space in MBYTES per working proc during solve    :       405

 Leaving solve with ...
 Time to build/scatter RHS        =       0.001916
 Time in solution step (fwd/bwd)  =       0.138237
  .. Time in forward (fwd) step   =          0.073392
  .. Time in ScaLAPACK root       =          0.001555
  .. Time in backward (bwd) step  =          0.063266
 Time to gather solution(cent.sol)=       0.000000
 Time to copy/scale dist. solution=       0.000481

 Elapsed time in solve driver=       0.2728
  111 KSP Residual norm 3.036250853092e-03

Entering DMUMPS 5.6.2 from C interface with JOB, N =   3     1237277
      executing #MPI =    128 and #OMP =      2



 ****** SOLVE & CHECK STEP ********

 GLOBAL STATISTICS PRIOR SOLVE PHASE ...........
 Number of right-hand-sides                    =           1
 Blocking factor for multiple rhs              =           1
 ICNTL (9)                                     =           1
  --- (10)                                     =           0
  --- (11)                                     =           0
  --- (20)                                     =          10
  --- (21)                                     =           1
  --- (30)                                     =           0
  --- (35)                                     =           0
 WARNING: original distributed matrix is not allocated
 ** Rank of processor needing largest memory in solve     :       127
 ** Space in MBYTES used by this processor for solve      :       756
 ** Avg. Space in MBYTES per working proc during solve    :       405

 Leaving solve with ...
 Time to build/scatter RHS        =       0.001919
 Time in solution step (fwd/bwd)  =       0.137807
  .. Time in forward (fwd) step   =          0.073806
  .. Time in ScaLAPACK root       =          0.001555
  .. Time in backward (bwd) step  =          0.062422
 Time to gather solution(cent.sol)=       0.000000
 Time to copy/scale dist. solution=       0.000488

 Elapsed time in solve driver=       0.2767
  112 KSP Residual norm 2.870152800003e-03

Entering DMUMPS 5.6.2 from C interface with JOB, N =   3     1237277
      executing #MPI =    128 and #OMP =      2



 ****** SOLVE & CHECK STEP ********

 GLOBAL STATISTICS PRIOR SOLVE PHASE ...........
 Number of right-hand-sides                    =           1
 Blocking factor for multiple rhs              =           1
 ICNTL (9)                                     =           1
  --- (10)                                     =           0
  --- (11)                                     =           0
  --- (20)                                     =          10
  --- (21)                                     =           1
  --- (30)                                     =           0
  --- (35)                                     =           0
 WARNING: original distributed matrix is not allocated
 ** Rank of processor needing largest memory in solve     :       127
 ** Space in MBYTES used by this processor for solve      :       756
 ** Avg. Space in MBYTES per working proc during solve    :       405

 Leaving solve with ...
 Time to build/scatter RHS        =       0.002147
 Time in solution step (fwd/bwd)  =       0.137882
  .. Time in forward (fwd) step   =          0.073255
  .. Time in ScaLAPACK root       =          0.001550
  .. Time in backward (bwd) step  =          0.063047
 Time to gather solution(cent.sol)=       0.000000
 Time to copy/scale dist. solution=       0.000482

 Elapsed time in solve driver=       0.2773
  113 KSP Residual norm 2.710112288383e-03

Entering DMUMPS 5.6.2 from C interface with JOB, N =   3     1237277
      executing #MPI =    128 and #OMP =      2



 ****** SOLVE & CHECK STEP ********

 GLOBAL STATISTICS PRIOR SOLVE PHASE ...........
 Number of right-hand-sides                    =           1
 Blocking factor for multiple rhs              =           1
 ICNTL (9)                                     =           1
  --- (10)                                     =           0
  --- (11)                                     =           0
  --- (20)                                     =          10
  --- (21)                                     =           1
  --- (30)                                     =           0
  --- (35)                                     =           0
 WARNING: original distributed matrix is not allocated
 ** Rank of processor needing largest memory in solve     :       127
 ** Space in MBYTES used by this processor for solve      :       756
 ** Avg. Space in MBYTES per working proc during solve    :       405

 Leaving solve with ...
 Time to build/scatter RHS        =       0.001998
 Time in solution step (fwd/bwd)  =       0.136811
  .. Time in forward (fwd) step   =          0.073622
  .. Time in ScaLAPACK root       =          0.001553
  .. Time in backward (bwd) step  =          0.061610
 Time to gather solution(cent.sol)=       0.000000
 Time to copy/scale dist. solution=       0.000485

 Elapsed time in solve driver=       0.2719
  114 KSP Residual norm 2.559821070486e-03

Entering DMUMPS 5.6.2 from C interface with JOB, N =   3     1237277
      executing #MPI =    128 and #OMP =      2



 ****** SOLVE & CHECK STEP ********

 GLOBAL STATISTICS PRIOR SOLVE PHASE ...........
 Number of right-hand-sides                    =           1
 Blocking factor for multiple rhs              =           1
 ICNTL (9)                                     =           1
  --- (10)                                     =           0
  --- (11)                                     =           0
  --- (20)                                     =          10
  --- (21)                                     =           1
  --- (30)                                     =           0
  --- (35)                                     =           0
 WARNING: original distributed matrix is not allocated
 ** Rank of processor needing largest memory in solve     :       127
 ** Space in MBYTES used by this processor for solve      :       756
 ** Avg. Space in MBYTES per working proc during solve    :       405

 Leaving solve with ...
 Time to build/scatter RHS        =       0.001918
 Time in solution step (fwd/bwd)  =       0.137986
  .. Time in forward (fwd) step   =          0.074899
  .. Time in ScaLAPACK root       =          0.001557
  .. Time in backward (bwd) step  =          0.061503
 Time to gather solution(cent.sol)=       0.000000
 Time to copy/scale dist. solution=       0.000487

 Elapsed time in solve driver=       0.2736
  115 KSP Residual norm 2.451255433072e-03

Entering DMUMPS 5.6.2 from C interface with JOB, N =   3     1237277
      executing #MPI =    128 and #OMP =      2



 ****** SOLVE & CHECK STEP ********

 GLOBAL STATISTICS PRIOR SOLVE PHASE ...........
 Number of right-hand-sides                    =           1
 Blocking factor for multiple rhs              =           1
 ICNTL (9)                                     =           1
  --- (10)                                     =           0
  --- (11)                                     =           0
  --- (20)                                     =          10
  --- (21)                                     =           1
  --- (30)                                     =           0
  --- (35)                                     =           0
 WARNING: original distributed matrix is not allocated
 ** Rank of processor needing largest memory in solve     :       127
 ** Space in MBYTES used by this processor for solve      :       756
 ** Avg. Space in MBYTES per working proc during solve    :       405

 Leaving solve with ...
 Time to build/scatter RHS        =       0.002112
 Time in solution step (fwd/bwd)  =       0.136324
  .. Time in forward (fwd) step   =          0.073503
  .. Time in ScaLAPACK root       =          0.001567
  .. Time in backward (bwd) step  =          0.061234
 Time to gather solution(cent.sol)=       0.000000
 Time to copy/scale dist. solution=       0.000478

 Elapsed time in solve driver=       0.2679
  116 KSP Residual norm 2.367574817015e-03

Entering DMUMPS 5.6.2 from C interface with JOB, N =   3     1237277
      executing #MPI =    128 and #OMP =      2



 ****** SOLVE & CHECK STEP ********

 GLOBAL STATISTICS PRIOR SOLVE PHASE ...........
 Number of right-hand-sides                    =           1
 Blocking factor for multiple rhs              =           1
 ICNTL (9)                                     =           1
  --- (10)                                     =           0
  --- (11)                                     =           0
  --- (20)                                     =          10
  --- (21)                                     =           1
  --- (30)                                     =           0
  --- (35)                                     =           0
 WARNING: original distributed matrix is not allocated
 ** Rank of processor needing largest memory in solve     :       127
 ** Space in MBYTES used by this processor for solve      :       756
 ** Avg. Space in MBYTES per working proc during solve    :       405

 Leaving solve with ...
 Time to build/scatter RHS        =       0.001915
 Time in solution step (fwd/bwd)  =       0.139379
  .. Time in forward (fwd) step   =          0.073875
  .. Time in ScaLAPACK root       =          0.001586
  .. Time in backward (bwd) step  =          0.063897
 Time to gather solution(cent.sol)=       0.000000
 Time to copy/scale dist. solution=       0.000477

 Elapsed time in solve driver=       0.2723
  117 KSP Residual norm 2.294951005413e-03

Entering DMUMPS 5.6.2 from C interface with JOB, N =   3     1237277
      executing #MPI =    128 and #OMP =      2



 ****** SOLVE & CHECK STEP ********

 GLOBAL STATISTICS PRIOR SOLVE PHASE ...........
 Number of right-hand-sides                    =           1
 Blocking factor for multiple rhs              =           1
 ICNTL (9)                                     =           1
  --- (10)                                     =           0
  --- (11)                                     =           0
  --- (20)                                     =          10
  --- (21)                                     =           1
  --- (30)                                     =           0
  --- (35)                                     =           0
 WARNING: original distributed matrix is not allocated
 ** Rank of processor needing largest memory in solve     :       127
 ** Space in MBYTES used by this processor for solve      :       756
 ** Avg. Space in MBYTES per working proc during solve    :       405

 Leaving solve with ...
 Time to build/scatter RHS        =       0.002011
 Time in solution step (fwd/bwd)  =       0.137638
  .. Time in forward (fwd) step   =          0.073822
  .. Time in ScaLAPACK root       =          0.001589
  .. Time in backward (bwd) step  =          0.062203
 Time to gather solution(cent.sol)=       0.000000
 Time to copy/scale dist. solution=       0.000490

 Elapsed time in solve driver=       0.2725
  118 KSP Residual norm 2.215568408372e-03

Entering DMUMPS 5.6.2 from C interface with JOB, N =   3     1237277
      executing #MPI =    128 and #OMP =      2



 ****** SOLVE & CHECK STEP ********

 GLOBAL STATISTICS PRIOR SOLVE PHASE ...........
 Number of right-hand-sides                    =           1
 Blocking factor for multiple rhs              =           1
 ICNTL (9)                                     =           1
  --- (10)                                     =           0
  --- (11)                                     =           0
  --- (20)                                     =          10
  --- (21)                                     =           1
  --- (30)                                     =           0
  --- (35)                                     =           0
 WARNING: original distributed matrix is not allocated
 ** Rank of processor needing largest memory in solve     :       127
 ** Space in MBYTES used by this processor for solve      :       756
 ** Avg. Space in MBYTES per working proc during solve    :       405

 Leaving solve with ...
 Time to build/scatter RHS        =       0.001994
 Time in solution step (fwd/bwd)  =       0.138321
  .. Time in forward (fwd) step   =          0.073385
  .. Time in ScaLAPACK root       =          0.001589
  .. Time in backward (bwd) step  =          0.063328
 Time to gather solution(cent.sol)=       0.000000
 Time to copy/scale dist. solution=       0.000476

 Elapsed time in solve driver=       0.2763
  119 KSP Residual norm 2.131761943481e-03

Entering DMUMPS 5.6.2 from C interface with JOB, N =   3     1237277
      executing #MPI =    128 and #OMP =      2



 ****** SOLVE & CHECK STEP ********

 GLOBAL STATISTICS PRIOR SOLVE PHASE ...........
 Number of right-hand-sides                    =           1
 Blocking factor for multiple rhs              =           1
 ICNTL (9)                                     =           1
  --- (10)                                     =           0
  --- (11)                                     =           0
  --- (20)                                     =          10
  --- (21)                                     =           1
  --- (30)                                     =           0
  --- (35)                                     =           0
 WARNING: original distributed matrix is not allocated
 ** Rank of processor needing largest memory in solve     :       127
 ** Space in MBYTES used by this processor for solve      :       756
 ** Avg. Space in MBYTES per working proc during solve    :       405

 Leaving solve with ...
 Time to build/scatter RHS        =       0.001903
 Time in solution step (fwd/bwd)  =       0.137683
  .. Time in forward (fwd) step   =          0.073686
  .. Time in ScaLAPACK root       =          0.001560
  .. Time in backward (bwd) step  =          0.062406
 Time to gather solution(cent.sol)=       0.000000
 Time to copy/scale dist. solution=       0.000478

 Elapsed time in solve driver=       0.2715
  120 KSP Residual norm 2.050964470746e-03

Entering DMUMPS 5.6.2 from C interface with JOB, N =   3     1237277
      executing #MPI =    128 and #OMP =      2



 ****** SOLVE & CHECK STEP ********

 GLOBAL STATISTICS PRIOR SOLVE PHASE ...........
 Number of right-hand-sides                    =           1
 Blocking factor for multiple rhs              =           1
 ICNTL (9)                                     =           1
  --- (10)                                     =           0
  --- (11)                                     =           0
  --- (20)                                     =          10
  --- (21)                                     =           1
  --- (30)                                     =           0
  --- (35)                                     =           0
 WARNING: original distributed matrix is not allocated
 ** Rank of processor needing largest memory in solve     :       127
 ** Space in MBYTES used by this processor for solve      :       756
 ** Avg. Space in MBYTES per working proc during solve    :       405

 Leaving solve with ...
 Time to build/scatter RHS        =       0.001897
 Time in solution step (fwd/bwd)  =       0.135753
  .. Time in forward (fwd) step   =          0.073914
  .. Time in ScaLAPACK root       =          0.001561
  .. Time in backward (bwd) step  =          0.060255
 Time to gather solution(cent.sol)=       0.000000
 Time to copy/scale dist. solution=       0.000476

 Elapsed time in solve driver=       0.2720
  121 KSP Residual norm 1.975208391217e-03

Entering DMUMPS 5.6.2 from C interface with JOB, N =   3     1237277
      executing #MPI =    128 and #OMP =      2



 ****** SOLVE & CHECK STEP ********

 GLOBAL STATISTICS PRIOR SOLVE PHASE ...........
 Number of right-hand-sides                    =           1
 Blocking factor for multiple rhs              =           1
 ICNTL (9)                                     =           1
  --- (10)                                     =           0
  --- (11)                                     =           0
  --- (20)                                     =          10
  --- (21)                                     =           1
  --- (30)                                     =           0
  --- (35)                                     =           0
 WARNING: original distributed matrix is not allocated
 ** Rank of processor needing largest memory in solve     :       127
 ** Space in MBYTES used by this processor for solve      :       756
 ** Avg. Space in MBYTES per working proc during solve    :       405

 Leaving solve with ...
 Time to build/scatter RHS        =       0.002124
 Time in solution step (fwd/bwd)  =       0.137406
  .. Time in forward (fwd) step   =          0.073674
  .. Time in ScaLAPACK root       =          0.001560
  .. Time in backward (bwd) step  =          0.062152
 Time to gather solution(cent.sol)=       0.000000
 Time to copy/scale dist. solution=       0.000487

 Elapsed time in solve driver=       0.2767
  122 KSP Residual norm 1.882736506993e-03

Entering DMUMPS 5.6.2 from C interface with JOB, N =   3     1237277
      executing #MPI =    128 and #OMP =      2



 ****** SOLVE & CHECK STEP ********

 GLOBAL STATISTICS PRIOR SOLVE PHASE ...........
 Number of right-hand-sides                    =           1
 Blocking factor for multiple rhs              =           1
 ICNTL (9)                                     =           1
  --- (10)                                     =           0
  --- (11)                                     =           0
  --- (20)                                     =          10
  --- (21)                                     =           1
  --- (30)                                     =           0
  --- (35)                                     =           0
 WARNING: original distributed matrix is not allocated
 ** Rank of processor needing largest memory in solve     :       127
 ** Space in MBYTES used by this processor for solve      :       756
 ** Avg. Space in MBYTES per working proc during solve    :       405

 Leaving solve with ...
 Time to build/scatter RHS        =       0.002332
 Time in solution step (fwd/bwd)  =       0.140512
  .. Time in forward (fwd) step   =          0.073517
  .. Time in ScaLAPACK root       =          0.001566
  .. Time in backward (bwd) step  =          0.065412
 Time to gather solution(cent.sol)=       0.000000
 Time to copy/scale dist. solution=       0.000472

 Elapsed time in solve driver=       0.2787
  123 KSP Residual norm 1.796924517282e-03

Entering DMUMPS 5.6.2 from C interface with JOB, N =   3     1237277
      executing #MPI =    128 and #OMP =      2



 ****** SOLVE & CHECK STEP ********

 GLOBAL STATISTICS PRIOR SOLVE PHASE ...........
 Number of right-hand-sides                    =           1
 Blocking factor for multiple rhs              =           1
 ICNTL (9)                                     =           1
  --- (10)                                     =           0
  --- (11)                                     =           0
  --- (20)                                     =          10
  --- (21)                                     =           1
  --- (30)                                     =           0
  --- (35)                                     =           0
 WARNING: original distributed matrix is not allocated
 ** Rank of processor needing largest memory in solve     :       127
 ** Space in MBYTES used by this processor for solve      :       756
 ** Avg. Space in MBYTES per working proc during solve    :       405

 Leaving solve with ...
 Time to build/scatter RHS        =       0.002260
 Time in solution step (fwd/bwd)  =       0.139361
  .. Time in forward (fwd) step   =          0.074210
  .. Time in ScaLAPACK root       =          0.001591
  .. Time in backward (bwd) step  =          0.063536
 Time to gather solution(cent.sol)=       0.000000
 Time to copy/scale dist. solution=       0.000481

 Elapsed time in solve driver=       0.2789
  124 KSP Residual norm 1.707363108348e-03

Entering DMUMPS 5.6.2 from C interface with JOB, N =   3     1237277
      executing #MPI =    128 and #OMP =      2



 ****** SOLVE & CHECK STEP ********

 GLOBAL STATISTICS PRIOR SOLVE PHASE ...........
 Number of right-hand-sides                    =           1
 Blocking factor for multiple rhs              =           1
 ICNTL (9)                                     =           1
  --- (10)                                     =           0
  --- (11)                                     =           0
  --- (20)                                     =          10
  --- (21)                                     =           1
  --- (30)                                     =           0
  --- (35)                                     =           0
 WARNING: original distributed matrix is not allocated
 ** Rank of processor needing largest memory in solve     :       127
 ** Space in MBYTES used by this processor for solve      :       756
 ** Avg. Space in MBYTES per working proc during solve    :       405

 Leaving solve with ...
 Time to build/scatter RHS        =       0.002128
 Time in solution step (fwd/bwd)  =       0.133700
  .. Time in forward (fwd) step   =          0.073407
  .. Time in ScaLAPACK root       =          0.001558
  .. Time in backward (bwd) step  =          0.058714
 Time to gather solution(cent.sol)=       0.000000
 Time to copy/scale dist. solution=       0.000496

 Elapsed time in solve driver=       0.2714
  125 KSP Residual norm 1.636394577495e-03

Entering DMUMPS 5.6.2 from C interface with JOB, N =   3     1237277
      executing #MPI =    128 and #OMP =      2



 ****** SOLVE & CHECK STEP ********

 GLOBAL STATISTICS PRIOR SOLVE PHASE ...........
 Number of right-hand-sides                    =           1
 Blocking factor for multiple rhs              =           1
 ICNTL (9)                                     =           1
  --- (10)                                     =           0
  --- (11)                                     =           0
  --- (20)                                     =          10
  --- (21)                                     =           1
  --- (30)                                     =           0
  --- (35)                                     =           0
 WARNING: original distributed matrix is not allocated
 ** Rank of processor needing largest memory in solve     :       127
 ** Space in MBYTES used by this processor for solve      :       756
 ** Avg. Space in MBYTES per working proc during solve    :       405

 Leaving solve with ...
 Time to build/scatter RHS        =       0.002032
 Time in solution step (fwd/bwd)  =       0.137545
  .. Time in forward (fwd) step   =          0.074758
  .. Time in ScaLAPACK root       =          0.001577
  .. Time in backward (bwd) step  =          0.061188
 Time to gather solution(cent.sol)=       0.000000
 Time to copy/scale dist. solution=       0.000478

 Elapsed time in solve driver=       0.2747
  126 KSP Residual norm 1.582060526225e-03

Entering DMUMPS 5.6.2 from C interface with JOB, N =   3     1237277
      executing #MPI =    128 and #OMP =      2



 ****** SOLVE & CHECK STEP ********

 GLOBAL STATISTICS PRIOR SOLVE PHASE ...........
 Number of right-hand-sides                    =           1
 Blocking factor for multiple rhs              =           1
 ICNTL (9)                                     =           1
  --- (10)                                     =           0
  --- (11)                                     =           0
  --- (20)                                     =          10
  --- (21)                                     =           1
  --- (30)                                     =           0
  --- (35)                                     =           0
 WARNING: original distributed matrix is not allocated
 ** Rank of processor needing largest memory in solve     :       127
 ** Space in MBYTES used by this processor for solve      :       756
 ** Avg. Space in MBYTES per working proc during solve    :       405

 Leaving solve with ...
 Time to build/scatter RHS        =       0.002026
 Time in solution step (fwd/bwd)  =       0.139332
  .. Time in forward (fwd) step   =          0.073871
  .. Time in ScaLAPACK root       =          0.001573
  .. Time in backward (bwd) step  =          0.063857
 Time to gather solution(cent.sol)=       0.000000
 Time to copy/scale dist. solution=       0.000495

 Elapsed time in solve driver=       0.2796
  127 KSP Residual norm 1.537431268890e-03

Entering DMUMPS 5.6.2 from C interface with JOB, N =   3     1237277
      executing #MPI =    128 and #OMP =      2



 ****** SOLVE & CHECK STEP ********

 GLOBAL STATISTICS PRIOR SOLVE PHASE ...........
 Number of right-hand-sides                    =           1
 Blocking factor for multiple rhs              =           1
 ICNTL (9)                                     =           1
  --- (10)                                     =           0
  --- (11)                                     =           0
  --- (20)                                     =          10
  --- (21)                                     =           1
  --- (30)                                     =           0
  --- (35)                                     =           0
 WARNING: original distributed matrix is not allocated
 ** Rank of processor needing largest memory in solve     :       127
 ** Space in MBYTES used by this processor for solve      :       756
 ** Avg. Space in MBYTES per working proc during solve    :       405

 Leaving solve with ...
 Time to build/scatter RHS        =       0.002198
 Time in solution step (fwd/bwd)  =       0.138236
  .. Time in forward (fwd) step   =          0.073594
  .. Time in ScaLAPACK root       =          0.001564
  .. Time in backward (bwd) step  =          0.063059
 Time to gather solution(cent.sol)=       0.000000
 Time to copy/scale dist. solution=       0.000480

 Elapsed time in solve driver=       0.2771
  128 KSP Residual norm 1.481037414604e-03

Entering DMUMPS 5.6.2 from C interface with JOB, N =   3     1237277
      executing #MPI =    128 and #OMP =      2



 ****** SOLVE & CHECK STEP ********

 GLOBAL STATISTICS PRIOR SOLVE PHASE ...........
 Number of right-hand-sides                    =           1
 Blocking factor for multiple rhs              =           1
 ICNTL (9)                                     =           1
  --- (10)                                     =           0
  --- (11)                                     =           0
  --- (20)                                     =          10
  --- (21)                                     =           1
  --- (30)                                     =           0
  --- (35)                                     =           0
 WARNING: original distributed matrix is not allocated
 ** Rank of processor needing largest memory in solve     :       127
 ** Space in MBYTES used by this processor for solve      :       756
 ** Avg. Space in MBYTES per working proc during solve    :       405

 Leaving solve with ...
 Time to build/scatter RHS        =       0.001959
 Time in solution step (fwd/bwd)  =       0.136905
  .. Time in forward (fwd) step   =          0.073602
  .. Time in ScaLAPACK root       =          0.001559
  .. Time in backward (bwd) step  =          0.061719
 Time to gather solution(cent.sol)=       0.000000
 Time to copy/scale dist. solution=       0.000472

 Elapsed time in solve driver=       0.2721
  129 KSP Residual norm 1.381321056707e-03

Entering DMUMPS 5.6.2 from C interface with JOB, N =   3     1237277
      executing #MPI =    128 and #OMP =      2



 ****** SOLVE & CHECK STEP ********

 GLOBAL STATISTICS PRIOR SOLVE PHASE ...........
 Number of right-hand-sides                    =           1
 Blocking factor for multiple rhs              =           1
 ICNTL (9)                                     =           1
  --- (10)                                     =           0
  --- (11)                                     =           0
  --- (20)                                     =          10
  --- (21)                                     =           1
  --- (30)                                     =           0
  --- (35)                                     =           0
 WARNING: original distributed matrix is not allocated
 ** Rank of processor needing largest memory in solve     :       127
 ** Space in MBYTES used by this processor for solve      :       756
 ** Avg. Space in MBYTES per working proc during solve    :       405

 Leaving solve with ...
 Time to build/scatter RHS        =       0.001968
 Time in solution step (fwd/bwd)  =       0.137589
  .. Time in forward (fwd) step   =          0.074278
  .. Time in ScaLAPACK root       =          0.001560
  .. Time in backward (bwd) step  =          0.061731
 Time to gather solution(cent.sol)=       0.000000
 Time to copy/scale dist. solution=       0.000493

 Elapsed time in solve driver=       0.2774
  130 KSP Residual norm 1.298513718809e-03

Entering DMUMPS 5.6.2 from C interface with JOB, N =   3     1237277
      executing #MPI =    128 and #OMP =      2



 ****** SOLVE & CHECK STEP ********

 GLOBAL STATISTICS PRIOR SOLVE PHASE ...........
 Number of right-hand-sides                    =           1
 Blocking factor for multiple rhs              =           1
 ICNTL (9)                                     =           1
  --- (10)                                     =           0
  --- (11)                                     =           0
  --- (20)                                     =          10
  --- (21)                                     =           1
  --- (30)                                     =           0
  --- (35)                                     =           0
 WARNING: original distributed matrix is not allocated
 ** Rank of processor needing largest memory in solve     :       127
 ** Space in MBYTES used by this processor for solve      :       756
 ** Avg. Space in MBYTES per working proc during solve    :       405

 Leaving solve with ...
 Time to build/scatter RHS        =       0.002065
 Time in solution step (fwd/bwd)  =       0.138705
  .. Time in forward (fwd) step   =          0.074189
  .. Time in ScaLAPACK root       =          0.001586
  .. Time in backward (bwd) step  =          0.062908
 Time to gather solution(cent.sol)=       0.000000
 Time to copy/scale dist. solution=       0.000511

 Elapsed time in solve driver=       0.2763
  131 KSP Residual norm 1.218020118038e-03

Entering DMUMPS 5.6.2 from C interface with JOB, N =   3     1237277
      executing #MPI =    128 and #OMP =      2



 ****** SOLVE & CHECK STEP ********

 GLOBAL STATISTICS PRIOR SOLVE PHASE ...........
 Number of right-hand-sides                    =           1
 Blocking factor for multiple rhs              =           1
 ICNTL (9)                                     =           1
  --- (10)                                     =           0
  --- (11)                                     =           0
  --- (20)                                     =          10
  --- (21)                                     =           1
  --- (30)                                     =           0
  --- (35)                                     =           0
 WARNING: original distributed matrix is not allocated
 ** Rank of processor needing largest memory in solve     :       127
 ** Space in MBYTES used by this processor for solve      :       756
 ** Avg. Space in MBYTES per working proc during solve    :       405

 Leaving solve with ...
 Time to build/scatter RHS        =       0.001983
 Time in solution step (fwd/bwd)  =       0.138311
  .. Time in forward (fwd) step   =          0.073551
  .. Time in ScaLAPACK root       =          0.001566
  .. Time in backward (bwd) step  =          0.063160
 Time to gather solution(cent.sol)=       0.000000
 Time to copy/scale dist. solution=       0.000475

 Elapsed time in solve driver=       0.2764
  132 KSP Residual norm 1.138071572167e-03

Entering DMUMPS 5.6.2 from C interface with JOB, N =   3     1237277
      executing #MPI =    128 and #OMP =      2



 ****** SOLVE & CHECK STEP ********

 GLOBAL STATISTICS PRIOR SOLVE PHASE ...........
 Number of right-hand-sides                    =           1
 Blocking factor for multiple rhs              =           1
 ICNTL (9)                                     =           1
  --- (10)                                     =           0
  --- (11)                                     =           0
  --- (20)                                     =          10
  --- (21)                                     =           1
  --- (30)                                     =           0
  --- (35)                                     =           0
 WARNING: original distributed matrix is not allocated
 ** Rank of processor needing largest memory in solve     :       127
 ** Space in MBYTES used by this processor for solve      :       756
 ** Avg. Space in MBYTES per working proc during solve    :       405

 Leaving solve with ...
 Time to build/scatter RHS        =       0.002144
 Time in solution step (fwd/bwd)  =       0.136575
  .. Time in forward (fwd) step   =          0.074045
  .. Time in ScaLAPACK root       =          0.001590
  .. Time in backward (bwd) step  =          0.060921
 Time to gather solution(cent.sol)=       0.000000
 Time to copy/scale dist. solution=       0.000485

 Elapsed time in solve driver=       0.2795
  133 KSP Residual norm 1.056021728094e-03

Entering DMUMPS 5.6.2 from C interface with JOB, N =   3     1237277
      executing #MPI =    128 and #OMP =      2



 ****** SOLVE & CHECK STEP ********

 GLOBAL STATISTICS PRIOR SOLVE PHASE ...........
 Number of right-hand-sides                    =           1
 Blocking factor for multiple rhs              =           1
 ICNTL (9)                                     =           1
  --- (10)                                     =           0
  --- (11)                                     =           0
  --- (20)                                     =          10
  --- (21)                                     =           1
  --- (30)                                     =           0
  --- (35)                                     =           0
 WARNING: original distributed matrix is not allocated
 ** Rank of processor needing largest memory in solve     :       127
 ** Space in MBYTES used by this processor for solve      :       756
 ** Avg. Space in MBYTES per working proc during solve    :       405

 Leaving solve with ...
 Time to build/scatter RHS        =       0.001950
 Time in solution step (fwd/bwd)  =       0.137816
  .. Time in forward (fwd) step   =          0.073339
  .. Time in ScaLAPACK root       =          0.001570
  .. Time in backward (bwd) step  =          0.062875
 Time to gather solution(cent.sol)=       0.000000
 Time to copy/scale dist. solution=       0.000485

 Elapsed time in solve driver=       0.2737
  134 KSP Residual norm 9.752099962275e-04

Entering DMUMPS 5.6.2 from C interface with JOB, N =   3     1237277
      executing #MPI =    128 and #OMP =      2



 ****** SOLVE & CHECK STEP ********

 GLOBAL STATISTICS PRIOR SOLVE PHASE ...........
 Number of right-hand-sides                    =           1
 Blocking factor for multiple rhs              =           1
 ICNTL (9)                                     =           1
  --- (10)                                     =           0
  --- (11)                                     =           0
  --- (20)                                     =          10
  --- (21)                                     =           1
  --- (30)                                     =           0
  --- (35)                                     =           0
 WARNING: original distributed matrix is not allocated
 ** Rank of processor needing largest memory in solve     :       127
 ** Space in MBYTES used by this processor for solve      :       756
 ** Avg. Space in MBYTES per working proc during solve    :       405

 Leaving solve with ...
 Time to build/scatter RHS        =       0.001884
 Time in solution step (fwd/bwd)  =       0.134757
  .. Time in forward (fwd) step   =          0.073182
  .. Time in ScaLAPACK root       =          0.001589
  .. Time in backward (bwd) step  =          0.059965
 Time to gather solution(cent.sol)=       0.000000
 Time to copy/scale dist. solution=       0.000493

 Elapsed time in solve driver=       0.2739
  135 KSP Residual norm 9.058313949524e-04

Entering DMUMPS 5.6.2 from C interface with JOB, N =   3     1237277
      executing #MPI =    128 and #OMP =      2



 ****** SOLVE & CHECK STEP ********

 GLOBAL STATISTICS PRIOR SOLVE PHASE ...........
 Number of right-hand-sides                    =           1
 Blocking factor for multiple rhs              =           1
 ICNTL (9)                                     =           1
  --- (10)                                     =           0
  --- (11)                                     =           0
  --- (20)                                     =          10
  --- (21)                                     =           1
  --- (30)                                     =           0
  --- (35)                                     =           0
 WARNING: original distributed matrix is not allocated
 ** Rank of processor needing largest memory in solve     :       127
 ** Space in MBYTES used by this processor for solve      :       756
 ** Avg. Space in MBYTES per working proc during solve    :       405

 Leaving solve with ...
 Time to build/scatter RHS        =       0.001947
 Time in solution step (fwd/bwd)  =       0.138747
  .. Time in forward (fwd) step   =          0.073647
  .. Time in ScaLAPACK root       =          0.001586
  .. Time in backward (bwd) step  =          0.063493
 Time to gather solution(cent.sol)=       0.000000
 Time to copy/scale dist. solution=       0.000472

 Elapsed time in solve driver=       0.2780
  136 KSP Residual norm 8.445946697596e-04

Entering DMUMPS 5.6.2 from C interface with JOB, N =   3     1237277
      executing #MPI =    128 and #OMP =      2



 ****** SOLVE & CHECK STEP ********

 GLOBAL STATISTICS PRIOR SOLVE PHASE ...........
 Number of right-hand-sides                    =           1
 Blocking factor for multiple rhs              =           1
 ICNTL (9)                                     =           1
  --- (10)                                     =           0
  --- (11)                                     =           0
  --- (20)                                     =          10
  --- (21)                                     =           1
  --- (30)                                     =           0
  --- (35)                                     =           0
 WARNING: original distributed matrix is not allocated
 ** Rank of processor needing largest memory in solve     :       127
 ** Space in MBYTES used by this processor for solve      :       756
 ** Avg. Space in MBYTES per working proc during solve    :       405

 Leaving solve with ...
 Time to build/scatter RHS        =       0.001964
 Time in solution step (fwd/bwd)  =       0.136177
  .. Time in forward (fwd) step   =          0.073450
  .. Time in ScaLAPACK root       =          0.001604
  .. Time in backward (bwd) step  =          0.061100
 Time to gather solution(cent.sol)=       0.000000
 Time to copy/scale dist. solution=       0.000490

 Elapsed time in solve driver=       0.2750
  137 KSP Residual norm 7.671459158848e-04

Entering DMUMPS 5.6.2 from C interface with JOB, N =   3     1237277
      executing #MPI =    128 and #OMP =      2



 ****** SOLVE & CHECK STEP ********

 GLOBAL STATISTICS PRIOR SOLVE PHASE ...........
 Number of right-hand-sides                    =           1
 Blocking factor for multiple rhs              =           1
 ICNTL (9)                                     =           1
  --- (10)                                     =           0
  --- (11)                                     =           0
  --- (20)                                     =          10
  --- (21)                                     =           1
  --- (30)                                     =           0
  --- (35)                                     =           0
 WARNING: original distributed matrix is not allocated
 ** Rank of processor needing largest memory in solve     :       127
 ** Space in MBYTES used by this processor for solve      :       756
 ** Avg. Space in MBYTES per working proc during solve    :       405

 Leaving solve with ...
 Time to build/scatter RHS        =       0.050540
 Time in solution step (fwd/bwd)  =       0.183877
  .. Time in forward (fwd) step   =          0.121096
  .. Time in ScaLAPACK root       =          0.001497
  .. Time in backward (bwd) step  =          0.061264
 Time to gather solution(cent.sol)=       0.000000
 Time to copy/scale dist. solution=       0.000508

 Elapsed time in solve driver=       0.3721
  138 KSP Residual norm 6.737799615479e-04

Entering DMUMPS 5.6.2 from C interface with JOB, N =   3     1237277
      executing #MPI =    128 and #OMP =      2



 ****** SOLVE & CHECK STEP ********

 GLOBAL STATISTICS PRIOR SOLVE PHASE ...........
 Number of right-hand-sides                    =           1
 Blocking factor for multiple rhs              =           1
 ICNTL (9)                                     =           1
  --- (10)                                     =           0
  --- (11)                                     =           0
  --- (20)                                     =          10
  --- (21)                                     =           1
  --- (30)                                     =           0
  --- (35)                                     =           0
 WARNING: original distributed matrix is not allocated
 ** Rank of processor needing largest memory in solve     :       127
 ** Space in MBYTES used by this processor for solve      :       756
 ** Avg. Space in MBYTES per working proc during solve    :       405

 Leaving solve with ...
 Time to build/scatter RHS        =       0.001889
 Time in solution step (fwd/bwd)  =       0.137047
  .. Time in forward (fwd) step   =          0.073384
  .. Time in ScaLAPACK root       =          0.001566
  .. Time in backward (bwd) step  =          0.062074
 Time to gather solution(cent.sol)=       0.000000
 Time to copy/scale dist. solution=       0.000492

 Elapsed time in solve driver=       0.2780
  139 KSP Residual norm 5.922981081455e-04

Entering DMUMPS 5.6.2 from C interface with JOB, N =   3     1237277
      executing #MPI =    128 and #OMP =      2



 ****** SOLVE & CHECK STEP ********

 GLOBAL STATISTICS PRIOR SOLVE PHASE ...........
 Number of right-hand-sides                    =           1
 Blocking factor for multiple rhs              =           1
 ICNTL (9)                                     =           1
  --- (10)                                     =           0
  --- (11)                                     =           0
  --- (20)                                     =          10
  --- (21)                                     =           1
  --- (30)                                     =           0
  --- (35)                                     =           0
 WARNING: original distributed matrix is not allocated
 ** Rank of processor needing largest memory in solve     :       127
 ** Space in MBYTES used by this processor for solve      :       756
 ** Avg. Space in MBYTES per working proc during solve    :       405

 Leaving solve with ...
 Time to build/scatter RHS        =       0.002078
 Time in solution step (fwd/bwd)  =       0.138664
  .. Time in forward (fwd) step   =          0.073640
  .. Time in ScaLAPACK root       =          0.001557
  .. Time in backward (bwd) step  =          0.063450
 Time to gather solution(cent.sol)=       0.000000
 Time to copy/scale dist. solution=       0.000495

 Elapsed time in solve driver=       0.2763
  140 KSP Residual norm 5.284888321448e-04

Entering DMUMPS 5.6.2 from C interface with JOB, N =   3     1237277
      executing #MPI =    128 and #OMP =      2



 ****** SOLVE & CHECK STEP ********

 GLOBAL STATISTICS PRIOR SOLVE PHASE ...........
 Number of right-hand-sides                    =           1
 Blocking factor for multiple rhs              =           1
 ICNTL (9)                                     =           1
  --- (10)                                     =           0
  --- (11)                                     =           0
  --- (20)                                     =          10
  --- (21)                                     =           1
  --- (30)                                     =           0
  --- (35)                                     =           0
 WARNING: original distributed matrix is not allocated
 ** Rank of processor needing largest memory in solve     :       127
 ** Space in MBYTES used by this processor for solve      :       756
 ** Avg. Space in MBYTES per working proc during solve    :       405

 Leaving solve with ...
 Time to build/scatter RHS        =       0.002015
 Time in solution step (fwd/bwd)  =       0.137464
  .. Time in forward (fwd) step   =          0.073080
  .. Time in ScaLAPACK root       =          0.001567
  .. Time in backward (bwd) step  =          0.062783
 Time to gather solution(cent.sol)=       0.000000
 Time to copy/scale dist. solution=       0.000496

 Elapsed time in solve driver=       0.2769
  141 KSP Residual norm 4.896621779095e-04

Entering DMUMPS 5.6.2 from C interface with JOB, N =   3     1237277
      executing #MPI =    128 and #OMP =      2



 ****** SOLVE & CHECK STEP ********

 GLOBAL STATISTICS PRIOR SOLVE PHASE ...........
 Number of right-hand-sides                    =           1
 Blocking factor for multiple rhs              =           1
 ICNTL (9)                                     =           1
  --- (10)                                     =           0
  --- (11)                                     =           0
  --- (20)                                     =          10
  --- (21)                                     =           1
  --- (30)                                     =           0
  --- (35)                                     =           0
 WARNING: original distributed matrix is not allocated
 ** Rank of processor needing largest memory in solve     :       127
 ** Space in MBYTES used by this processor for solve      :       756
 ** Avg. Space in MBYTES per working proc during solve    :       405

 Leaving solve with ...
 Time to build/scatter RHS        =       0.001915
 Time in solution step (fwd/bwd)  =       0.137935
  .. Time in forward (fwd) step   =          0.073608
  .. Time in ScaLAPACK root       =          0.001566
  .. Time in backward (bwd) step  =          0.062742
 Time to gather solution(cent.sol)=       0.000000
 Time to copy/scale dist. solution=       0.000483

 Elapsed time in solve driver=       0.2768
  142 KSP Residual norm 4.413249730771e-04

Entering DMUMPS 5.6.2 from C interface with JOB, N =   3     1237277
      executing #MPI =    128 and #OMP =      2



 ****** SOLVE & CHECK STEP ********

 GLOBAL STATISTICS PRIOR SOLVE PHASE ...........
 Number of right-hand-sides                    =           1
 Blocking factor for multiple rhs              =           1
 ICNTL (9)                                     =           1
  --- (10)                                     =           0
  --- (11)                                     =           0
  --- (20)                                     =          10
  --- (21)                                     =           1
  --- (30)                                     =           0
  --- (35)                                     =           0
 WARNING: original distributed matrix is not allocated
 ** Rank of processor needing largest memory in solve     :       127
 ** Space in MBYTES used by this processor for solve      :       756
 ** Avg. Space in MBYTES per working proc during solve    :       405

 Leaving solve with ...
 Time to build/scatter RHS        =       0.002185
 Time in solution step (fwd/bwd)  =       0.137508
  .. Time in forward (fwd) step   =          0.073306
  .. Time in ScaLAPACK root       =          0.001585
  .. Time in backward (bwd) step  =          0.062595
 Time to gather solution(cent.sol)=       0.000000
 Time to copy/scale dist. solution=       0.000493

 Elapsed time in solve driver=       0.2745
  143 KSP Residual norm 3.942902408408e-04

Entering DMUMPS 5.6.2 from C interface with JOB, N =   3     1237277
      executing #MPI =    128 and #OMP =      2



 ****** SOLVE & CHECK STEP ********

 GLOBAL STATISTICS PRIOR SOLVE PHASE ...........
 Number of right-hand-sides                    =           1
 Blocking factor for multiple rhs              =           1
 ICNTL (9)                                     =           1
  --- (10)                                     =           0
  --- (11)                                     =           0
  --- (20)                                     =          10
  --- (21)                                     =           1
  --- (30)                                     =           0
  --- (35)                                     =           0
 WARNING: original distributed matrix is not allocated
 ** Rank of processor needing largest memory in solve     :       127
 ** Space in MBYTES used by this processor for solve      :       756
 ** Avg. Space in MBYTES per working proc during solve    :       405

 Leaving solve with ...
 Time to build/scatter RHS        =       0.001947
 Time in solution step (fwd/bwd)  =       0.137649
  .. Time in forward (fwd) step   =          0.074515
  .. Time in ScaLAPACK root       =          0.001592
  .. Time in backward (bwd) step  =          0.061524
 Time to gather solution(cent.sol)=       0.000000
 Time to copy/scale dist. solution=       0.000485

 Elapsed time in solve driver=       0.2733
  144 KSP Residual norm 3.539682855540e-04

Entering DMUMPS 5.6.2 from C interface with JOB, N =   3     1237277
      executing #MPI =    128 and #OMP =      2



 ****** SOLVE & CHECK STEP ********

 GLOBAL STATISTICS PRIOR SOLVE PHASE ...........
 Number of right-hand-sides                    =           1
 Blocking factor for multiple rhs              =           1
 ICNTL (9)                                     =           1
  --- (10)                                     =           0
  --- (11)                                     =           0
  --- (20)                                     =          10
  --- (21)                                     =           1
  --- (30)                                     =           0
  --- (35)                                     =           0
 WARNING: original distributed matrix is not allocated
 ** Rank of processor needing largest memory in solve     :       127
 ** Space in MBYTES used by this processor for solve      :       756
 ** Avg. Space in MBYTES per working proc during solve    :       405

 Leaving solve with ...
 Time to build/scatter RHS        =       0.001914
 Time in solution step (fwd/bwd)  =       0.134719
  .. Time in forward (fwd) step   =          0.074037
  .. Time in ScaLAPACK root       =          0.001581
  .. Time in backward (bwd) step  =          0.059080
 Time to gather solution(cent.sol)=       0.000000
 Time to copy/scale dist. solution=       0.000480

 Elapsed time in solve driver=       0.2717
  145 KSP Residual norm 2.961253332165e-04

Entering DMUMPS 5.6.2 from C interface with JOB, N =   3     1237277
      executing #MPI =    128 and #OMP =      2



 ****** SOLVE & CHECK STEP ********

 GLOBAL STATISTICS PRIOR SOLVE PHASE ...........
 Number of right-hand-sides                    =           1
 Blocking factor for multiple rhs              =           1
 ICNTL (9)                                     =           1
  --- (10)                                     =           0
  --- (11)                                     =           0
  --- (20)                                     =          10
  --- (21)                                     =           1
  --- (30)                                     =           0
  --- (35)                                     =           0
 WARNING: original distributed matrix is not allocated
 ** Rank of processor needing largest memory in solve     :       127
 ** Space in MBYTES used by this processor for solve      :       756
 ** Avg. Space in MBYTES per working proc during solve    :       405

 Leaving solve with ...
 Time to build/scatter RHS        =       0.001903
 Time in solution step (fwd/bwd)  =       0.138921
  .. Time in forward (fwd) step   =          0.073426
  .. Time in ScaLAPACK root       =          0.001570
  .. Time in backward (bwd) step  =          0.063901
 Time to gather solution(cent.sol)=       0.000000
 Time to copy/scale dist. solution=       0.000486

 Elapsed time in solve driver=       0.2806
  146 KSP Residual norm 2.606102128306e-04

Entering DMUMPS 5.6.2 from C interface with JOB, N =   3     1237277
      executing #MPI =    128 and #OMP =      2



 ****** SOLVE & CHECK STEP ********

 GLOBAL STATISTICS PRIOR SOLVE PHASE ...........
 Number of right-hand-sides                    =           1
 Blocking factor for multiple rhs              =           1
 ICNTL (9)                                     =           1
  --- (10)                                     =           0
  --- (11)                                     =           0
  --- (20)                                     =          10
  --- (21)                                     =           1
  --- (30)                                     =           0
  --- (35)                                     =           0
 WARNING: original distributed matrix is not allocated
 ** Rank of processor needing largest memory in solve     :       127
 ** Space in MBYTES used by this processor for solve      :       756
 ** Avg. Space in MBYTES per working proc during solve    :       405

 Leaving solve with ...
 Time to build/scatter RHS        =       0.002246
 Time in solution step (fwd/bwd)  =       0.135803
  .. Time in forward (fwd) step   =          0.074142
  .. Time in ScaLAPACK root       =          0.001567
  .. Time in backward (bwd) step  =          0.060076
 Time to gather solution(cent.sol)=       0.000000
 Time to copy/scale dist. solution=       0.000490

 Elapsed time in solve driver=       0.2754
  147 KSP Residual norm 2.388781364201e-04

Entering DMUMPS 5.6.2 from C interface with JOB, N =   3     1237277
      executing #MPI =    128 and #OMP =      2



 ****** SOLVE & CHECK STEP ********

 GLOBAL STATISTICS PRIOR SOLVE PHASE ...........
 Number of right-hand-sides                    =           1
 Blocking factor for multiple rhs              =           1
 ICNTL (9)                                     =           1
  --- (10)                                     =           0
  --- (11)                                     =           0
  --- (20)                                     =          10
  --- (21)                                     =           1
  --- (30)                                     =           0
  --- (35)                                     =           0
 WARNING: original distributed matrix is not allocated
 ** Rank of processor needing largest memory in solve     :       127
 ** Space in MBYTES used by this processor for solve      :       756
 ** Avg. Space in MBYTES per working proc during solve    :       405

 Leaving solve with ...
 Time to build/scatter RHS        =       0.001935
 Time in solution step (fwd/bwd)  =       0.138353
  .. Time in forward (fwd) step   =          0.073670
  .. Time in ScaLAPACK root       =          0.001612
  .. Time in backward (bwd) step  =          0.063040
 Time to gather solution(cent.sol)=       0.000000
 Time to copy/scale dist. solution=       0.000484

 Elapsed time in solve driver=       0.2763
  148 KSP Residual norm 2.250546630607e-04

Entering DMUMPS 5.6.2 from C interface with JOB, N =   3     1237277
      executing #MPI =    128 and #OMP =      2



 ****** SOLVE & CHECK STEP ********

 GLOBAL STATISTICS PRIOR SOLVE PHASE ...........
 Number of right-hand-sides                    =           1
 Blocking factor for multiple rhs              =           1
 ICNTL (9)                                     =           1
  --- (10)                                     =           0
  --- (11)                                     =           0
  --- (20)                                     =          10
  --- (21)                                     =           1
  --- (30)                                     =           0
  --- (35)                                     =           0
 WARNING: original distributed matrix is not allocated
 ** Rank of processor needing largest memory in solve     :       127
 ** Space in MBYTES used by this processor for solve      :       756
 ** Avg. Space in MBYTES per working proc during solve    :       405

 Leaving solve with ...
 Time to build/scatter RHS        =       0.001920
 Time in solution step (fwd/bwd)  =       0.137297
  .. Time in forward (fwd) step   =          0.073750
  .. Time in ScaLAPACK root       =          0.001596
  .. Time in backward (bwd) step  =          0.061927
 Time to gather solution(cent.sol)=       0.000000
 Time to copy/scale dist. solution=       0.000480

 Elapsed time in solve driver=       0.2832
  149 KSP Residual norm 2.078333827684e-04

Entering DMUMPS 5.6.2 from C interface with JOB, N =   3     1237277
      executing #MPI =    128 and #OMP =      2



 ****** SOLVE & CHECK STEP ********

 GLOBAL STATISTICS PRIOR SOLVE PHASE ...........
 Number of right-hand-sides                    =           1
 Blocking factor for multiple rhs              =           1
 ICNTL (9)                                     =           1
  --- (10)                                     =           0
  --- (11)                                     =           0
  --- (20)                                     =          10
  --- (21)                                     =           1
  --- (30)                                     =           0
  --- (35)                                     =           0
 WARNING: original distributed matrix is not allocated
 ** Rank of processor needing largest memory in solve     :       127
 ** Space in MBYTES used by this processor for solve      :       756
 ** Avg. Space in MBYTES per working proc during solve    :       405

 Leaving solve with ...
 Time to build/scatter RHS        =       0.001863
 Time in solution step (fwd/bwd)  =       0.136301
  .. Time in forward (fwd) step   =          0.072961
  .. Time in ScaLAPACK root       =          0.001584
  .. Time in backward (bwd) step  =          0.061736
 Time to gather solution(cent.sol)=       0.000000
 Time to copy/scale dist. solution=       0.000518

 Elapsed time in solve driver=       0.2740
  150 KSP Residual norm 1.918166027763e-04

Entering DMUMPS 5.6.2 from C interface with JOB, N =   3     1237277
      executing #MPI =    128 and #OMP =      2



 ****** SOLVE & CHECK STEP ********

 GLOBAL STATISTICS PRIOR SOLVE PHASE ...........
 Number of right-hand-sides                    =           1
 Blocking factor for multiple rhs              =           1
 ICNTL (9)                                     =           1
  --- (10)                                     =           0
  --- (11)                                     =           0
  --- (20)                                     =          10
  --- (21)                                     =           1
  --- (30)                                     =           0
  --- (35)                                     =           0
 WARNING: original distributed matrix is not allocated
 ** Rank of processor needing largest memory in solve     :       127
 ** Space in MBYTES used by this processor for solve      :       756
 ** Avg. Space in MBYTES per working proc during solve    :       405

 Leaving solve with ...
 Time to build/scatter RHS        =       0.001980
 Time in solution step (fwd/bwd)  =       0.136923
  .. Time in forward (fwd) step   =          0.073356
  .. Time in ScaLAPACK root       =          0.001594
  .. Time in backward (bwd) step  =          0.061950
 Time to gather solution(cent.sol)=       0.000000
 Time to copy/scale dist. solution=       0.000492

 Elapsed time in solve driver=       0.2787
  151 KSP Residual norm 1.740781378740e-04

Entering DMUMPS 5.6.2 from C interface with JOB, N =   3     1237277
      executing #MPI =    128 and #OMP =      2



 ****** SOLVE & CHECK STEP ********

 GLOBAL STATISTICS PRIOR SOLVE PHASE ...........
 Number of right-hand-sides                    =           1
 Blocking factor for multiple rhs              =           1
 ICNTL (9)                                     =           1
  --- (10)                                     =           0
  --- (11)                                     =           0
  --- (20)                                     =          10
  --- (21)                                     =           1
  --- (30)                                     =           0
  --- (35)                                     =           0
 WARNING: original distributed matrix is not allocated
 ** Rank of processor needing largest memory in solve     :       127
 ** Space in MBYTES used by this processor for solve      :       756
 ** Avg. Space in MBYTES per working proc during solve    :       405

 Leaving solve with ...
 Time to build/scatter RHS        =       0.001864
 Time in solution step (fwd/bwd)  =       0.140115
  .. Time in forward (fwd) step   =          0.074328
  .. Time in ScaLAPACK root       =          0.001631
  .. Time in backward (bwd) step  =          0.064099
 Time to gather solution(cent.sol)=       0.000000
 Time to copy/scale dist. solution=       0.000487

 Elapsed time in solve driver=       0.2807
  152 KSP Residual norm 1.591914712111e-04

Entering DMUMPS 5.6.2 from C interface with JOB, N =   3     1237277
      executing #MPI =    128 and #OMP =      2



 ****** SOLVE & CHECK STEP ********

 GLOBAL STATISTICS PRIOR SOLVE PHASE ...........
 Number of right-hand-sides                    =           1
 Blocking factor for multiple rhs              =           1
 ICNTL (9)                                     =           1
  --- (10)                                     =           0
  --- (11)                                     =           0
  --- (20)                                     =          10
  --- (21)                                     =           1
  --- (30)                                     =           0
  --- (35)                                     =           0
 WARNING: original distributed matrix is not allocated
 ** Rank of processor needing largest memory in solve     :       127
 ** Space in MBYTES used by this processor for solve      :       756
 ** Avg. Space in MBYTES per working proc during solve    :       405

 Leaving solve with ...
 Time to build/scatter RHS        =       0.002369
 Time in solution step (fwd/bwd)  =       0.137841
  .. Time in forward (fwd) step   =          0.073627
  .. Time in ScaLAPACK root       =          0.001574
  .. Time in backward (bwd) step  =          0.062620
 Time to gather solution(cent.sol)=       0.000000
 Time to copy/scale dist. solution=       0.000520

 Elapsed time in solve driver=       0.3190
  153 KSP Residual norm 1.490891429437e-04

Entering DMUMPS 5.6.2 from C interface with JOB, N =   3     1237277
      executing #MPI =    128 and #OMP =      2



 ****** SOLVE & CHECK STEP ********

 GLOBAL STATISTICS PRIOR SOLVE PHASE ...........
 Number of right-hand-sides                    =           1
 Blocking factor for multiple rhs              =           1
 ICNTL (9)                                     =           1
  --- (10)                                     =           0
  --- (11)                                     =           0
  --- (20)                                     =          10
  --- (21)                                     =           1
  --- (30)                                     =           0
  --- (35)                                     =           0
 WARNING: original distributed matrix is not allocated
 ** Rank of processor needing largest memory in solve     :       127
 ** Space in MBYTES used by this processor for solve      :       756
 ** Avg. Space in MBYTES per working proc during solve    :       405

 Leaving solve with ...
 Time to build/scatter RHS        =       0.001957
 Time in solution step (fwd/bwd)  =       0.137305
  .. Time in forward (fwd) step   =          0.073931
  .. Time in ScaLAPACK root       =          0.001552
  .. Time in backward (bwd) step  =          0.061803
 Time to gather solution(cent.sol)=       0.000000
 Time to copy/scale dist. solution=       0.000514

 Elapsed time in solve driver=       0.2808
  154 KSP Residual norm 1.369308981544e-04

Entering DMUMPS 5.6.2 from C interface with JOB, N =   3     1237277
      executing #MPI =    128 and #OMP =      2



 ****** SOLVE & CHECK STEP ********

 GLOBAL STATISTICS PRIOR SOLVE PHASE ...........
 Number of right-hand-sides                    =           1
 Blocking factor for multiple rhs              =           1
 ICNTL (9)                                     =           1
  --- (10)                                     =           0
  --- (11)                                     =           0
  --- (20)                                     =          10
  --- (21)                                     =           1
  --- (30)                                     =           0
  --- (35)                                     =           0
 WARNING: original distributed matrix is not allocated
 ** Rank of processor needing largest memory in solve     :       127
 ** Space in MBYTES used by this processor for solve      :       756
 ** Avg. Space in MBYTES per working proc during solve    :       405

 Leaving solve with ...
 Time to build/scatter RHS        =       0.001980
 Time in solution step (fwd/bwd)  =       0.138065
  .. Time in forward (fwd) step   =          0.073308
  .. Time in ScaLAPACK root       =          0.001608
  .. Time in backward (bwd) step  =          0.063118
 Time to gather solution(cent.sol)=       0.000000
 Time to copy/scale dist. solution=       0.000524

 Elapsed time in solve driver=       0.2767
  155 KSP Residual norm 1.274823868801e-04

Entering DMUMPS 5.6.2 from C interface with JOB, N =   3     1237277
      executing #MPI =    128 and #OMP =      2



 ****** SOLVE & CHECK STEP ********

 GLOBAL STATISTICS PRIOR SOLVE PHASE ...........
 Number of right-hand-sides                    =           1
 Blocking factor for multiple rhs              =           1
 ICNTL (9)                                     =           1
  --- (10)                                     =           0
  --- (11)                                     =           0
  --- (20)                                     =          10
  --- (21)                                     =           1
  --- (30)                                     =           0
  --- (35)                                     =           0
 WARNING: original distributed matrix is not allocated
 ** Rank of processor needing largest memory in solve     :       127
 ** Space in MBYTES used by this processor for solve      :       756
 ** Avg. Space in MBYTES per working proc during solve    :       405

 Leaving solve with ...
 Time to build/scatter RHS        =       0.001930
 Time in solution step (fwd/bwd)  =       0.138190
  .. Time in forward (fwd) step   =          0.073903
  .. Time in ScaLAPACK root       =          0.001557
  .. Time in backward (bwd) step  =          0.062708
 Time to gather solution(cent.sol)=       0.000000
 Time to copy/scale dist. solution=       0.000525

 Elapsed time in solve driver=       0.2783
  156 KSP Residual norm 1.154162127640e-04

Entering DMUMPS 5.6.2 from C interface with JOB, N =   3     1237277
      executing #MPI =    128 and #OMP =      2



 ****** SOLVE & CHECK STEP ********

 GLOBAL STATISTICS PRIOR SOLVE PHASE ...........
 Number of right-hand-sides                    =           1
 Blocking factor for multiple rhs              =           1
 ICNTL (9)                                     =           1
  --- (10)                                     =           0
  --- (11)                                     =           0
  --- (20)                                     =          10
  --- (21)                                     =           1
  --- (30)                                     =           0
  --- (35)                                     =           0
 WARNING: original distributed matrix is not allocated
 ** Rank of processor needing largest memory in solve     :       127
 ** Space in MBYTES used by this processor for solve      :       756
 ** Avg. Space in MBYTES per working proc during solve    :       405

 Leaving solve with ...
 Time to build/scatter RHS        =       0.001948
 Time in solution step (fwd/bwd)  =       0.137469
  .. Time in forward (fwd) step   =          0.073114
  .. Time in ScaLAPACK root       =          0.001599
  .. Time in backward (bwd) step  =          0.062732
 Time to gather solution(cent.sol)=       0.000000
 Time to copy/scale dist. solution=       0.000516

 Elapsed time in solve driver=       0.2746
  157 KSP Residual norm 1.062159161290e-04

Entering DMUMPS 5.6.2 from C interface with JOB, N =   3     1237277
      executing #MPI =    128 and #OMP =      2



 ****** SOLVE & CHECK STEP ********

 GLOBAL STATISTICS PRIOR SOLVE PHASE ...........
 Number of right-hand-sides                    =           1
 Blocking factor for multiple rhs              =           1
 ICNTL (9)                                     =           1
  --- (10)                                     =           0
  --- (11)                                     =           0
  --- (20)                                     =          10
  --- (21)                                     =           1
  --- (30)                                     =           0
  --- (35)                                     =           0
 WARNING: original distributed matrix is not allocated
 ** Rank of processor needing largest memory in solve     :       127
 ** Space in MBYTES used by this processor for solve      :       756
 ** Avg. Space in MBYTES per working proc during solve    :       405

 Leaving solve with ...
 Time to build/scatter RHS        =       0.001995
 Time in solution step (fwd/bwd)  =       0.139219
  .. Time in forward (fwd) step   =          0.073371
  .. Time in ScaLAPACK root       =          0.001581
  .. Time in backward (bwd) step  =          0.064241
 Time to gather solution(cent.sol)=       0.000000
 Time to copy/scale dist. solution=       0.000502

 Elapsed time in solve driver=       0.2779
  158 KSP Residual norm 1.005546879152e-04

Entering DMUMPS 5.6.2 from C interface with JOB, N =   3     1237277
      executing #MPI =    128 and #OMP =      2



 ****** SOLVE & CHECK STEP ********

 GLOBAL STATISTICS PRIOR SOLVE PHASE ...........
 Number of right-hand-sides                    =           1
 Blocking factor for multiple rhs              =           1
 ICNTL (9)                                     =           1
  --- (10)                                     =           0
  --- (11)                                     =           0
  --- (20)                                     =          10
  --- (21)                                     =           1
  --- (30)                                     =           0
  --- (35)                                     =           0
 WARNING: original distributed matrix is not allocated
 ** Rank of processor needing largest memory in solve     :       127
 ** Space in MBYTES used by this processor for solve      :       756
 ** Avg. Space in MBYTES per working proc during solve    :       405

 Leaving solve with ...
 Time to build/scatter RHS        =       0.001999
 Time in solution step (fwd/bwd)  =       0.137459
  .. Time in forward (fwd) step   =          0.073439
  .. Time in ScaLAPACK root       =          0.001573
  .. Time in backward (bwd) step  =          0.062424
 Time to gather solution(cent.sol)=       0.000000
 Time to copy/scale dist. solution=       0.000509

 Elapsed time in solve driver=       0.2768
  159 KSP Residual norm 9.669552613722e-05

Entering DMUMPS 5.6.2 from C interface with JOB, N =   3     1237277
      executing #MPI =    128 and #OMP =      2



 ****** SOLVE & CHECK STEP ********

 GLOBAL STATISTICS PRIOR SOLVE PHASE ...........
 Number of right-hand-sides                    =           1
 Blocking factor for multiple rhs              =           1
 ICNTL (9)                                     =           1
  --- (10)                                     =           0
  --- (11)                                     =           0
  --- (20)                                     =          10
  --- (21)                                     =           1
  --- (30)                                     =           0
  --- (35)                                     =           0
 WARNING: original distributed matrix is not allocated
 ** Rank of processor needing largest memory in solve     :       127
 ** Space in MBYTES used by this processor for solve      :       756
 ** Avg. Space in MBYTES per working proc during solve    :       405

 Leaving solve with ...
 Time to build/scatter RHS        =       0.001894
 Time in solution step (fwd/bwd)  =       0.136368
  .. Time in forward (fwd) step   =          0.073628
  .. Time in ScaLAPACK root       =          0.001576
  .. Time in backward (bwd) step  =          0.061140
 Time to gather solution(cent.sol)=       0.000000
 Time to copy/scale dist. solution=       0.000516

 Elapsed time in solve driver=       0.2746
  160 KSP Residual norm 9.214455440192e-05

Entering DMUMPS 5.6.2 from C interface with JOB, N =   3     1237277
      executing #MPI =    128 and #OMP =      2



 ****** SOLVE & CHECK STEP ********

 GLOBAL STATISTICS PRIOR SOLVE PHASE ...........
 Number of right-hand-sides                    =           1
 Blocking factor for multiple rhs              =           1
 ICNTL (9)                                     =           1
  --- (10)                                     =           0
  --- (11)                                     =           0
  --- (20)                                     =          10
  --- (21)                                     =           1
  --- (30)                                     =           0
  --- (35)                                     =           0
 WARNING: original distributed matrix is not allocated
 ** Rank of processor needing largest memory in solve     :       127
 ** Space in MBYTES used by this processor for solve      :       756
 ** Avg. Space in MBYTES per working proc during solve    :       405

 Leaving solve with ...
 Time to build/scatter RHS        =       0.001950
 Time in solution step (fwd/bwd)  =       0.136219
  .. Time in forward (fwd) step   =          0.073662
  .. Time in ScaLAPACK root       =          0.001560
  .. Time in backward (bwd) step  =          0.060976
 Time to gather solution(cent.sol)=       0.000000
 Time to copy/scale dist. solution=       0.000525

 Elapsed time in solve driver=       0.2748
  161 KSP Residual norm 8.659105935681e-05

Entering DMUMPS 5.6.2 from C interface with JOB, N =   3     1237277
      executing #MPI =    128 and #OMP =      2



 ****** SOLVE & CHECK STEP ********

 GLOBAL STATISTICS PRIOR SOLVE PHASE ...........
 Number of right-hand-sides                    =           1
 Blocking factor for multiple rhs              =           1
 ICNTL (9)                                     =           1
  --- (10)                                     =           0
  --- (11)                                     =           0
  --- (20)                                     =          10
  --- (21)                                     =           1
  --- (30)                                     =           0
  --- (35)                                     =           0
 WARNING: original distributed matrix is not allocated
 ** Rank of processor needing largest memory in solve     :       127
 ** Space in MBYTES used by this processor for solve      :       756
 ** Avg. Space in MBYTES per working proc during solve    :       405

 Leaving solve with ...
 Time to build/scatter RHS        =       0.002091
 Time in solution step (fwd/bwd)  =       0.135333
  .. Time in forward (fwd) step   =          0.073662
  .. Time in ScaLAPACK root       =          0.001571
  .. Time in backward (bwd) step  =          0.060072
 Time to gather solution(cent.sol)=       0.000000
 Time to copy/scale dist. solution=       0.000612

 Elapsed time in solve driver=       0.2710
  162 KSP Residual norm 7.788718584373e-05

Entering DMUMPS 5.6.2 from C interface with JOB, N =   3     1237277
      executing #MPI =    128 and #OMP =      2



 ****** SOLVE & CHECK STEP ********

 GLOBAL STATISTICS PRIOR SOLVE PHASE ...........
 Number of right-hand-sides                    =           1
 Blocking factor for multiple rhs              =           1
 ICNTL (9)                                     =           1
  --- (10)                                     =           0
  --- (11)                                     =           0
  --- (20)                                     =          10
  --- (21)                                     =           1
  --- (30)                                     =           0
  --- (35)                                     =           0
 WARNING: original distributed matrix is not allocated
 ** Rank of processor needing largest memory in solve     :       127
 ** Space in MBYTES used by this processor for solve      :       756
 ** Avg. Space in MBYTES per working proc during solve    :       405

 Leaving solve with ...
 Time to build/scatter RHS        =       0.002368
 Time in solution step (fwd/bwd)  =       0.135393
  .. Time in forward (fwd) step   =          0.073190
  .. Time in ScaLAPACK root       =          0.001572
  .. Time in backward (bwd) step  =          0.060609
 Time to gather solution(cent.sol)=       0.000000
 Time to copy/scale dist. solution=       0.000512

 Elapsed time in solve driver=       0.2793
  163 KSP Residual norm 7.090807901321e-05

Entering DMUMPS 5.6.2 from C interface with JOB, N =   3     1237277
      executing #MPI =    128 and #OMP =      2



 ****** SOLVE & CHECK STEP ********

 GLOBAL STATISTICS PRIOR SOLVE PHASE ...........
 Number of right-hand-sides                    =           1
 Blocking factor for multiple rhs              =           1
 ICNTL (9)                                     =           1
  --- (10)                                     =           0
  --- (11)                                     =           0
  --- (20)                                     =          10
  --- (21)                                     =           1
  --- (30)                                     =           0
  --- (35)                                     =           0
 WARNING: original distributed matrix is not allocated
 ** Rank of processor needing largest memory in solve     :       127
 ** Space in MBYTES used by this processor for solve      :       756
 ** Avg. Space in MBYTES per working proc during solve    :       405

 Leaving solve with ...
 Time to build/scatter RHS        =       0.002108
 Time in solution step (fwd/bwd)  =       0.134676
  .. Time in forward (fwd) step   =          0.073684
  .. Time in ScaLAPACK root       =          0.001552
  .. Time in backward (bwd) step  =          0.059411
 Time to gather solution(cent.sol)=       0.000000
 Time to copy/scale dist. solution=       0.000511

 Elapsed time in solve driver=       0.2792
  164 KSP Residual norm 6.590450064461e-05

Entering DMUMPS 5.6.2 from C interface with JOB, N =   3     1237277
      executing #MPI =    128 and #OMP =      2



 ****** SOLVE & CHECK STEP ********

 GLOBAL STATISTICS PRIOR SOLVE PHASE ...........
 Number of right-hand-sides                    =           1
 Blocking factor for multiple rhs              =           1
 ICNTL (9)                                     =           1
  --- (10)                                     =           0
  --- (11)                                     =           0
  --- (20)                                     =          10
  --- (21)                                     =           1
  --- (30)                                     =           0
  --- (35)                                     =           0
 WARNING: original distributed matrix is not allocated
 ** Rank of processor needing largest memory in solve     :       127
 ** Space in MBYTES used by this processor for solve      :       756
 ** Avg. Space in MBYTES per working proc during solve    :       405

 Leaving solve with ...
 Time to build/scatter RHS        =       0.001996
 Time in solution step (fwd/bwd)  =       0.135760
  .. Time in forward (fwd) step   =          0.073059
  .. Time in ScaLAPACK root       =          0.001568
  .. Time in backward (bwd) step  =          0.061112
 Time to gather solution(cent.sol)=       0.000000
 Time to copy/scale dist. solution=       0.000536

 Elapsed time in solve driver=       0.2782
  165 KSP Residual norm 6.183923213743e-05

Entering DMUMPS 5.6.2 from C interface with JOB, N =   3     1237277
      executing #MPI =    128 and #OMP =      2



 ****** SOLVE & CHECK STEP ********

 GLOBAL STATISTICS PRIOR SOLVE PHASE ...........
 Number of right-hand-sides                    =           1
 Blocking factor for multiple rhs              =           1
 ICNTL (9)                                     =           1
  --- (10)                                     =           0
  --- (11)                                     =           0
  --- (20)                                     =          10
  --- (21)                                     =           1
  --- (30)                                     =           0
  --- (35)                                     =           0
 WARNING: original distributed matrix is not allocated
 ** Rank of processor needing largest memory in solve     :       127
 ** Space in MBYTES used by this processor for solve      :       756
 ** Avg. Space in MBYTES per working proc during solve    :       405

 Leaving solve with ...
 Time to build/scatter RHS        =       0.001968
 Time in solution step (fwd/bwd)  =       0.137337
  .. Time in forward (fwd) step   =          0.073391
  .. Time in ScaLAPACK root       =          0.001561
  .. Time in backward (bwd) step  =          0.062361
 Time to gather solution(cent.sol)=       0.000000
 Time to copy/scale dist. solution=       0.000518

 Elapsed time in solve driver=       0.2785
  166 KSP Residual norm 5.839166787371e-05

Entering DMUMPS 5.6.2 from C interface with JOB, N =   3     1237277
      executing #MPI =    128 and #OMP =      2



 ****** SOLVE & CHECK STEP ********

 GLOBAL STATISTICS PRIOR SOLVE PHASE ...........
 Number of right-hand-sides                    =           1
 Blocking factor for multiple rhs              =           1
 ICNTL (9)                                     =           1
  --- (10)                                     =           0
  --- (11)                                     =           0
  --- (20)                                     =          10
  --- (21)                                     =           1
  --- (30)                                     =           0
  --- (35)                                     =           0
 WARNING: original distributed matrix is not allocated
 ** Rank of processor needing largest memory in solve     :       127
 ** Space in MBYTES used by this processor for solve      :       756
 ** Avg. Space in MBYTES per working proc during solve    :       405

 Leaving solve with ...
 Time to build/scatter RHS        =       0.002005
 Time in solution step (fwd/bwd)  =       0.135880
  .. Time in forward (fwd) step   =          0.074166
  .. Time in ScaLAPACK root       =          0.001559
  .. Time in backward (bwd) step  =          0.060136
 Time to gather solution(cent.sol)=       0.000000
 Time to copy/scale dist. solution=       0.000532

 Elapsed time in solve driver=       0.2808
  167 KSP Residual norm 5.500681711306e-05

Entering DMUMPS 5.6.2 from C interface with JOB, N =   3     1237277
      executing #MPI =    128 and #OMP =      2



 ****** SOLVE & CHECK STEP ********

 GLOBAL STATISTICS PRIOR SOLVE PHASE ...........
 Number of right-hand-sides                    =           1
 Blocking factor for multiple rhs              =           1
 ICNTL (9)                                     =           1
  --- (10)                                     =           0
  --- (11)                                     =           0
  --- (20)                                     =          10
  --- (21)                                     =           1
  --- (30)                                     =           0
  --- (35)                                     =           0
 WARNING: original distributed matrix is not allocated
 ** Rank of processor needing largest memory in solve     :       127
 ** Space in MBYTES used by this processor for solve      :       756
 ** Avg. Space in MBYTES per working proc during solve    :       405

 Leaving solve with ...
 Time to build/scatter RHS        =       0.002156
 Time in solution step (fwd/bwd)  =       0.137362
  .. Time in forward (fwd) step   =          0.073628
  .. Time in ScaLAPACK root       =          0.001594
  .. Time in backward (bwd) step  =          0.062119
 Time to gather solution(cent.sol)=       0.000000
 Time to copy/scale dist. solution=       0.000517

 Elapsed time in solve driver=       0.2813
  168 KSP Residual norm 5.221375954625e-05

Entering DMUMPS 5.6.2 from C interface with JOB, N =   3     1237277
      executing #MPI =    128 and #OMP =      2



 ****** SOLVE & CHECK STEP ********

 GLOBAL STATISTICS PRIOR SOLVE PHASE ...........
 Number of right-hand-sides                    =           1
 Blocking factor for multiple rhs              =           1
 ICNTL (9)                                     =           1
  --- (10)                                     =           0
  --- (11)                                     =           0
  --- (20)                                     =          10
  --- (21)                                     =           1
  --- (30)                                     =           0
  --- (35)                                     =           0
 WARNING: original distributed matrix is not allocated
 ** Rank of processor needing largest memory in solve     :       127
 ** Space in MBYTES used by this processor for solve      :       756
 ** Avg. Space in MBYTES per working proc during solve    :       405

 Leaving solve with ...
 Time to build/scatter RHS        =       0.001998
 Time in solution step (fwd/bwd)  =       0.136481
  .. Time in forward (fwd) step   =          0.073024
  .. Time in ScaLAPACK root       =          0.001586
  .. Time in backward (bwd) step  =          0.061837
 Time to gather solution(cent.sol)=       0.000000
 Time to copy/scale dist. solution=       0.000521

 Elapsed time in solve driver=       0.2767
  169 KSP Residual norm 5.009022892373e-05

Entering DMUMPS 5.6.2 from C interface with JOB, N =   3     1237277
      executing #MPI =    128 and #OMP =      2



 ****** SOLVE & CHECK STEP ********

 GLOBAL STATISTICS PRIOR SOLVE PHASE ...........
 Number of right-hand-sides                    =           1
 Blocking factor for multiple rhs              =           1
 ICNTL (9)                                     =           1
  --- (10)                                     =           0
  --- (11)                                     =           0
  --- (20)                                     =          10
  --- (21)                                     =           1
  --- (30)                                     =           0
  --- (35)                                     =           0
 WARNING: original distributed matrix is not allocated
 ** Rank of processor needing largest memory in solve     :       127
 ** Space in MBYTES used by this processor for solve      :       756
 ** Avg. Space in MBYTES per working proc during solve    :       405

 Leaving solve with ...
 Time to build/scatter RHS        =       0.002071
 Time in solution step (fwd/bwd)  =       0.134366
  .. Time in forward (fwd) step   =          0.073804
  .. Time in ScaLAPACK root       =          0.001565
  .. Time in backward (bwd) step  =          0.058978
 Time to gather solution(cent.sol)=       0.000000
 Time to copy/scale dist. solution=       0.000525

 Elapsed time in solve driver=       0.2728
  170 KSP Residual norm 4.848091529817e-05

Entering DMUMPS 5.6.2 from C interface with JOB, N =   3     1237277
      executing #MPI =    128 and #OMP =      2



 ****** SOLVE & CHECK STEP ********

 GLOBAL STATISTICS PRIOR SOLVE PHASE ...........
 Number of right-hand-sides                    =           1
 Blocking factor for multiple rhs              =           1
 ICNTL (9)                                     =           1
  --- (10)                                     =           0
  --- (11)                                     =           0
  --- (20)                                     =          10
  --- (21)                                     =           1
  --- (30)                                     =           0
  --- (35)                                     =           0
 WARNING: original distributed matrix is not allocated
 ** Rank of processor needing largest memory in solve     :       127
 ** Space in MBYTES used by this processor for solve      :       756
 ** Avg. Space in MBYTES per working proc during solve    :       405

 Leaving solve with ...
 Time to build/scatter RHS        =       0.001972
 Time in solution step (fwd/bwd)  =       0.138010
  .. Time in forward (fwd) step   =          0.074048
  .. Time in ScaLAPACK root       =          0.001571
  .. Time in backward (bwd) step  =          0.062369
 Time to gather solution(cent.sol)=       0.000000
 Time to copy/scale dist. solution=       0.000518

 Elapsed time in solve driver=       0.2797
  171 KSP Residual norm 4.633399084726e-05

Entering DMUMPS 5.6.2 from C interface with JOB, N =   3     1237277
      executing #MPI =    128 and #OMP =      2



 ****** SOLVE & CHECK STEP ********

 GLOBAL STATISTICS PRIOR SOLVE PHASE ...........
 Number of right-hand-sides                    =           1
 Blocking factor for multiple rhs              =           1
 ICNTL (9)                                     =           1
  --- (10)                                     =           0
  --- (11)                                     =           0
  --- (20)                                     =          10
  --- (21)                                     =           1
  --- (30)                                     =           0
  --- (35)                                     =           0
 WARNING: original distributed matrix is not allocated
 ** Rank of processor needing largest memory in solve     :       127
 ** Space in MBYTES used by this processor for solve      :       756
 ** Avg. Space in MBYTES per working proc during solve    :       405

 Leaving solve with ...
 Time to build/scatter RHS        =       0.002004
 Time in solution step (fwd/bwd)  =       0.137154
  .. Time in forward (fwd) step   =          0.073126
  .. Time in ScaLAPACK root       =          0.001596
  .. Time in backward (bwd) step  =          0.062405
 Time to gather solution(cent.sol)=       0.000000
 Time to copy/scale dist. solution=       0.000542

 Elapsed time in solve driver=       0.2767
  172 KSP Residual norm 4.426470530578e-05

Entering DMUMPS 5.6.2 from C interface with JOB, N =   3     1237277
      executing #MPI =    128 and #OMP =      2



 ****** SOLVE & CHECK STEP ********

 GLOBAL STATISTICS PRIOR SOLVE PHASE ...........
 Number of right-hand-sides                    =           1
 Blocking factor for multiple rhs              =           1
 ICNTL (9)                                     =           1
  --- (10)                                     =           0
  --- (11)                                     =           0
  --- (20)                                     =          10
  --- (21)                                     =           1
  --- (30)                                     =           0
  --- (35)                                     =           0
 WARNING: original distributed matrix is not allocated
 ** Rank of processor needing largest memory in solve     :       127
 ** Space in MBYTES used by this processor for solve      :       756
 ** Avg. Space in MBYTES per working proc during solve    :       405

 Leaving solve with ...
 Time to build/scatter RHS        =       0.002248
 Time in solution step (fwd/bwd)  =       0.135906
  .. Time in forward (fwd) step   =          0.073951
  .. Time in ScaLAPACK root       =          0.001610
  .. Time in backward (bwd) step  =          0.060319
 Time to gather solution(cent.sol)=       0.000000
 Time to copy/scale dist. solution=       0.000515

 Elapsed time in solve driver=       0.2849
  173 KSP Residual norm 4.237857923544e-05

Entering DMUMPS 5.6.2 from C interface with JOB, N =   3     1237277
      executing #MPI =    128 and #OMP =      2



 ****** SOLVE & CHECK STEP ********

 GLOBAL STATISTICS PRIOR SOLVE PHASE ...........
 Number of right-hand-sides                    =           1
 Blocking factor for multiple rhs              =           1
 ICNTL (9)                                     =           1
  --- (10)                                     =           0
  --- (11)                                     =           0
  --- (20)                                     =          10
  --- (21)                                     =           1
  --- (30)                                     =           0
  --- (35)                                     =           0
 WARNING: original distributed matrix is not allocated
 ** Rank of processor needing largest memory in solve     :       127
 ** Space in MBYTES used by this processor for solve      :       756
 ** Avg. Space in MBYTES per working proc during solve    :       405

 Leaving solve with ...
 Time to build/scatter RHS        =       0.002190
 Time in solution step (fwd/bwd)  =       0.137264
  .. Time in forward (fwd) step   =          0.073671
  .. Time in ScaLAPACK root       =          0.001566
  .. Time in backward (bwd) step  =          0.062008
 Time to gather solution(cent.sol)=       0.000000
 Time to copy/scale dist. solution=       0.000511

 Elapsed time in solve driver=       0.2879
  174 KSP Residual norm 4.051377934046e-05

Entering DMUMPS 5.6.2 from C interface with JOB, N =   3     1237277
      executing #MPI =    128 and #OMP =      2



 ****** SOLVE & CHECK STEP ********

 GLOBAL STATISTICS PRIOR SOLVE PHASE ...........
 Number of right-hand-sides                    =           1
 Blocking factor for multiple rhs              =           1
 ICNTL (9)                                     =           1
  --- (10)                                     =           0
  --- (11)                                     =           0
  --- (20)                                     =          10
  --- (21)                                     =           1
  --- (30)                                     =           0
  --- (35)                                     =           0
 WARNING: original distributed matrix is not allocated
 ** Rank of processor needing largest memory in solve     :       127
 ** Space in MBYTES used by this processor for solve      :       756
 ** Avg. Space in MBYTES per working proc during solve    :       405

 Leaving solve with ...
 Time to build/scatter RHS        =       0.001999
 Time in solution step (fwd/bwd)  =       0.135230
  .. Time in forward (fwd) step   =          0.073389
  .. Time in ScaLAPACK root       =          0.001593
  .. Time in backward (bwd) step  =          0.060229
 Time to gather solution(cent.sol)=       0.000000
 Time to copy/scale dist. solution=       0.000528

 Elapsed time in solve driver=       0.2879
  175 KSP Residual norm 3.848738065198e-05

Entering DMUMPS 5.6.2 from C interface with JOB, N =   3     1237277
      executing #MPI =    128 and #OMP =      2



 ****** SOLVE & CHECK STEP ********

 GLOBAL STATISTICS PRIOR SOLVE PHASE ...........
 Number of right-hand-sides                    =           1
 Blocking factor for multiple rhs              =           1
 ICNTL (9)                                     =           1
  --- (10)                                     =           0
  --- (11)                                     =           0
  --- (20)                                     =          10
  --- (21)                                     =           1
  --- (30)                                     =           0
  --- (35)                                     =           0
 WARNING: original distributed matrix is not allocated
 ** Rank of processor needing largest memory in solve     :       127
 ** Space in MBYTES used by this processor for solve      :       756
 ** Avg. Space in MBYTES per working proc during solve    :       405

 Leaving solve with ...
 Time to build/scatter RHS        =       0.001890
 Time in solution step (fwd/bwd)  =       0.136360
  .. Time in forward (fwd) step   =          0.073194
  .. Time in ScaLAPACK root       =          0.001603
  .. Time in backward (bwd) step  =          0.061539
 Time to gather solution(cent.sol)=       0.000000
 Time to copy/scale dist. solution=       0.000504

 Elapsed time in solve driver=       0.2852
  176 KSP Residual norm 3.607521970224e-05

Entering DMUMPS 5.6.2 from C interface with JOB, N =   3     1237277
      executing #MPI =    128 and #OMP =      2



 ****** SOLVE & CHECK STEP ********

 GLOBAL STATISTICS PRIOR SOLVE PHASE ...........
 Number of right-hand-sides                    =           1
 Blocking factor for multiple rhs              =           1
 ICNTL (9)                                     =           1
  --- (10)                                     =           0
  --- (11)                                     =           0
  --- (20)                                     =          10
  --- (21)                                     =           1
  --- (30)                                     =           0
  --- (35)                                     =           0
 WARNING: original distributed matrix is not allocated
 ** Rank of processor needing largest memory in solve     :       127
 ** Space in MBYTES used by this processor for solve      :       756
 ** Avg. Space in MBYTES per working proc during solve    :       405

 Leaving solve with ...
 Time to build/scatter RHS        =       0.001994
 Time in solution step (fwd/bwd)  =       0.136009
  .. Time in forward (fwd) step   =          0.073569
  .. Time in ScaLAPACK root       =          0.001562
  .. Time in backward (bwd) step  =          0.060858
 Time to gather solution(cent.sol)=       0.000000
 Time to copy/scale dist. solution=       0.000503

 Elapsed time in solve driver=       0.2821
  177 KSP Residual norm 3.286613086542e-05

Entering DMUMPS 5.6.2 from C interface with JOB, N =   3     1237277
      executing #MPI =    128 and #OMP =      2



 ****** SOLVE & CHECK STEP ********

 GLOBAL STATISTICS PRIOR SOLVE PHASE ...........
 Number of right-hand-sides                    =           1
 Blocking factor for multiple rhs              =           1
 ICNTL (9)                                     =           1
  --- (10)                                     =           0
  --- (11)                                     =           0
  --- (20)                                     =          10
  --- (21)                                     =           1
  --- (30)                                     =           0
  --- (35)                                     =           0
 WARNING: original distributed matrix is not allocated
 ** Rank of processor needing largest memory in solve     :       127
 ** Space in MBYTES used by this processor for solve      :       756
 ** Avg. Space in MBYTES per working proc during solve    :       405

 Leaving solve with ...
 Time to build/scatter RHS        =       0.002021
 Time in solution step (fwd/bwd)  =       0.136164
  .. Time in forward (fwd) step   =          0.073424
  .. Time in ScaLAPACK root       =          0.001599
  .. Time in backward (bwd) step  =          0.061123
 Time to gather solution(cent.sol)=       0.000000
 Time to copy/scale dist. solution=       0.000508

 Elapsed time in solve driver=       0.2856
  178 KSP Residual norm 2.985192991054e-05

Entering DMUMPS 5.6.2 from C interface with JOB, N =   3     1237277
      executing #MPI =    128 and #OMP =      2



 ****** SOLVE & CHECK STEP ********

 GLOBAL STATISTICS PRIOR SOLVE PHASE ...........
 Number of right-hand-sides                    =           1
 Blocking factor for multiple rhs              =           1
 ICNTL (9)                                     =           1
  --- (10)                                     =           0
  --- (11)                                     =           0
  --- (20)                                     =          10
  --- (21)                                     =           1
  --- (30)                                     =           0
  --- (35)                                     =           0
 WARNING: original distributed matrix is not allocated
 ** Rank of processor needing largest memory in solve     :       127
 ** Space in MBYTES used by this processor for solve      :       756
 ** Avg. Space in MBYTES per working proc during solve    :       405

 Leaving solve with ...
 Time to build/scatter RHS        =       0.001981
 Time in solution step (fwd/bwd)  =       0.137151
  .. Time in forward (fwd) step   =          0.073298
  .. Time in ScaLAPACK root       =          0.001604
  .. Time in backward (bwd) step  =          0.062225
 Time to gather solution(cent.sol)=       0.000000
 Time to copy/scale dist. solution=       0.000526

 Elapsed time in solve driver=       0.2866
  179 KSP Residual norm 2.787775053375e-05

Entering DMUMPS 5.6.2 from C interface with JOB, N =   3     1237277
      executing #MPI =    128 and #OMP =      2



 ****** SOLVE & CHECK STEP ********

 GLOBAL STATISTICS PRIOR SOLVE PHASE ...........
 Number of right-hand-sides                    =           1
 Blocking factor for multiple rhs              =           1
 ICNTL (9)                                     =           1
  --- (10)                                     =           0
  --- (11)                                     =           0
  --- (20)                                     =          10
  --- (21)                                     =           1
  --- (30)                                     =           0
  --- (35)                                     =           0
 WARNING: original distributed matrix is not allocated
 ** Rank of processor needing largest memory in solve     :       127
 ** Space in MBYTES used by this processor for solve      :       756
 ** Avg. Space in MBYTES per working proc during solve    :       405

 Leaving solve with ...
 Time to build/scatter RHS        =       0.010800
 Time in solution step (fwd/bwd)  =       0.150137
  .. Time in forward (fwd) step   =          0.086060
  .. Time in ScaLAPACK root       =          0.001527
  .. Time in backward (bwd) step  =          0.062526
 Time to gather solution(cent.sol)=       0.000000
 Time to copy/scale dist. solution=       0.000513

 Elapsed time in solve driver=       0.3085
  180 KSP Residual norm 2.502607624468e-05

Entering DMUMPS 5.6.2 from C interface with JOB, N =   3     1237277
      executing #MPI =    128 and #OMP =      2



 ****** SOLVE & CHECK STEP ********

 GLOBAL STATISTICS PRIOR SOLVE PHASE ...........
 Number of right-hand-sides                    =           1
 Blocking factor for multiple rhs              =           1
 ICNTL (9)                                     =           1
  --- (10)                                     =           0
  --- (11)                                     =           0
  --- (20)                                     =          10
  --- (21)                                     =           1
  --- (30)                                     =           0
  --- (35)                                     =           0
 WARNING: original distributed matrix is not allocated
 ** Rank of processor needing largest memory in solve     :       127
 ** Space in MBYTES used by this processor for solve      :       756
 ** Avg. Space in MBYTES per working proc during solve    :       405

 Leaving solve with ...
 Time to build/scatter RHS        =       0.001936
 Time in solution step (fwd/bwd)  =       0.136601
  .. Time in forward (fwd) step   =          0.072969
  .. Time in ScaLAPACK root       =          0.001580
  .. Time in backward (bwd) step  =          0.062026
 Time to gather solution(cent.sol)=       0.000000
 Time to copy/scale dist. solution=       0.000518

 Elapsed time in solve driver=       0.2851
  181 KSP Residual norm 2.220130281885e-05

Entering DMUMPS 5.6.2 from C interface with JOB, N =   3     1237277
      executing #MPI =    128 and #OMP =      2



 ****** SOLVE & CHECK STEP ********

 GLOBAL STATISTICS PRIOR SOLVE PHASE ...........
 Number of right-hand-sides                    =           1
 Blocking factor for multiple rhs              =           1
 ICNTL (9)                                     =           1
  --- (10)                                     =           0
  --- (11)                                     =           0
  --- (20)                                     =          10
  --- (21)                                     =           1
  --- (30)                                     =           0
  --- (35)                                     =           0
 WARNING: original distributed matrix is not allocated
 ** Rank of processor needing largest memory in solve     :       127
 ** Space in MBYTES used by this processor for solve      :       756
 ** Avg. Space in MBYTES per working proc during solve    :       405

 Leaving solve with ...
 Time to build/scatter RHS        =       0.001986
 Time in solution step (fwd/bwd)  =       0.137241
  .. Time in forward (fwd) step   =          0.074069
  .. Time in ScaLAPACK root       =          0.001575
  .. Time in backward (bwd) step  =          0.061576
 Time to gather solution(cent.sol)=       0.000000
 Time to copy/scale dist. solution=       0.000549

 Elapsed time in solve driver=       0.2820
  182 KSP Residual norm 2.002672827137e-05

Entering DMUMPS 5.6.2 from C interface with JOB, N =   3     1237277
      executing #MPI =    128 and #OMP =      2



 ****** SOLVE & CHECK STEP ********

 GLOBAL STATISTICS PRIOR SOLVE PHASE ...........
 Number of right-hand-sides                    =           1
 Blocking factor for multiple rhs              =           1
 ICNTL (9)                                     =           1
  --- (10)                                     =           0
  --- (11)                                     =           0
  --- (20)                                     =          10
  --- (21)                                     =           1
  --- (30)                                     =           0
  --- (35)                                     =           0
 WARNING: original distributed matrix is not allocated
 ** Rank of processor needing largest memory in solve     :       127
 ** Space in MBYTES used by this processor for solve      :       756
 ** Avg. Space in MBYTES per working proc during solve    :       405

 Leaving solve with ...
 Time to build/scatter RHS        =       0.002284
 Time in solution step (fwd/bwd)  =       0.136468
  .. Time in forward (fwd) step   =          0.073101
  .. Time in ScaLAPACK root       =          0.001582
  .. Time in backward (bwd) step  =          0.061752
 Time to gather solution(cent.sol)=       0.000000
 Time to copy/scale dist. solution=       0.000483

 Elapsed time in solve driver=       0.2876
  183 KSP Residual norm 1.812913557081e-05

Entering DMUMPS 5.6.2 from C interface with JOB, N =   3     1237277
      executing #MPI =    128 and #OMP =      2



 ****** SOLVE & CHECK STEP ********

 GLOBAL STATISTICS PRIOR SOLVE PHASE ...........
 Number of right-hand-sides                    =           1
 Blocking factor for multiple rhs              =           1
 ICNTL (9)                                     =           1
  --- (10)                                     =           0
  --- (11)                                     =           0
  --- (20)                                     =          10
  --- (21)                                     =           1
  --- (30)                                     =           0
  --- (35)                                     =           0
 WARNING: original distributed matrix is not allocated
 ** Rank of processor needing largest memory in solve     :       127
 ** Space in MBYTES used by this processor for solve      :       756
 ** Avg. Space in MBYTES per working proc during solve    :       405

 Leaving solve with ...
 Time to build/scatter RHS        =       0.001869
 Time in solution step (fwd/bwd)  =       0.135533
  .. Time in forward (fwd) step   =          0.074134
  .. Time in ScaLAPACK root       =          0.001555
  .. Time in backward (bwd) step  =          0.059823
 Time to gather solution(cent.sol)=       0.000000
 Time to copy/scale dist. solution=       0.000491

 Elapsed time in solve driver=       0.2830
  184 KSP Residual norm 1.614001032810e-05

Entering DMUMPS 5.6.2 from C interface with JOB, N =   3     1237277
      executing #MPI =    128 and #OMP =      2



 ****** SOLVE & CHECK STEP ********

 GLOBAL STATISTICS PRIOR SOLVE PHASE ...........
 Number of right-hand-sides                    =           1
 Blocking factor for multiple rhs              =           1
 ICNTL (9)                                     =           1
  --- (10)                                     =           0
  --- (11)                                     =           0
  --- (20)                                     =          10
  --- (21)                                     =           1
  --- (30)                                     =           0
  --- (35)                                     =           0
 WARNING: original distributed matrix is not allocated
 ** Rank of processor needing largest memory in solve     :       127
 ** Space in MBYTES used by this processor for solve      :       756
 ** Avg. Space in MBYTES per working proc during solve    :       405

 Leaving solve with ...
 Time to build/scatter RHS        =       0.001900
 Time in solution step (fwd/bwd)  =       0.139154
  .. Time in forward (fwd) step   =          0.073902
  .. Time in ScaLAPACK root       =          0.001561
  .. Time in backward (bwd) step  =          0.063671
 Time to gather solution(cent.sol)=       0.000000
 Time to copy/scale dist. solution=       0.000494

 Elapsed time in solve driver=       0.2889
  185 KSP Residual norm 1.426904898714e-05

Entering DMUMPS 5.6.2 from C interface with JOB, N =   3     1237277
      executing #MPI =    128 and #OMP =      2



 ****** SOLVE & CHECK STEP ********

 GLOBAL STATISTICS PRIOR SOLVE PHASE ...........
 Number of right-hand-sides                    =           1
 Blocking factor for multiple rhs              =           1
 ICNTL (9)                                     =           1
  --- (10)                                     =           0
  --- (11)                                     =           0
  --- (20)                                     =          10
  --- (21)                                     =           1
  --- (30)                                     =           0
  --- (35)                                     =           0
 WARNING: original distributed matrix is not allocated
 ** Rank of processor needing largest memory in solve     :       127
 ** Space in MBYTES used by this processor for solve      :       756
 ** Avg. Space in MBYTES per working proc during solve    :       405

 Leaving solve with ...
 Time to build/scatter RHS        =       0.001997
 Time in solution step (fwd/bwd)  =       0.135826
  .. Time in forward (fwd) step   =          0.073585
  .. Time in ScaLAPACK root       =          0.001580
  .. Time in backward (bwd) step  =          0.060640
 Time to gather solution(cent.sol)=       0.000000
 Time to copy/scale dist. solution=       0.000492

 Elapsed time in solve driver=       0.2857
  186 KSP Residual norm 1.230532031230e-05

Entering DMUMPS 5.6.2 from C interface with JOB, N =   3     1237277
      executing #MPI =    128 and #OMP =      2



 ****** SOLVE & CHECK STEP ********

 GLOBAL STATISTICS PRIOR SOLVE PHASE ...........
 Number of right-hand-sides                    =           1
 Blocking factor for multiple rhs              =           1
 ICNTL (9)                                     =           1
  --- (10)                                     =           0
  --- (11)                                     =           0
  --- (20)                                     =          10
  --- (21)                                     =           1
  --- (30)                                     =           0
  --- (35)                                     =           0
 WARNING: original distributed matrix is not allocated
 ** Rank of processor needing largest memory in solve     :       127
 ** Space in MBYTES used by this processor for solve      :       756
 ** Avg. Space in MBYTES per working proc during solve    :       405

 Leaving solve with ...
 Time to build/scatter RHS        =       0.001967
 Time in solution step (fwd/bwd)  =       0.135300
  .. Time in forward (fwd) step   =          0.074898
  .. Time in ScaLAPACK root       =          0.001584
  .. Time in backward (bwd) step  =          0.058796
 Time to gather solution(cent.sol)=       0.000000
 Time to copy/scale dist. solution=       0.000500

 Elapsed time in solve driver=       0.2811
  187 KSP Residual norm 1.078955237875e-05

Entering DMUMPS 5.6.2 from C interface with JOB, N =   3     1237277
      executing #MPI =    128 and #OMP =      2



 ****** SOLVE & CHECK STEP ********

 GLOBAL STATISTICS PRIOR SOLVE PHASE ...........
 Number of right-hand-sides                    =           1
 Blocking factor for multiple rhs              =           1
 ICNTL (9)                                     =           1
  --- (10)                                     =           0
  --- (11)                                     =           0
  --- (20)                                     =          10
  --- (21)                                     =           1
  --- (30)                                     =           0
  --- (35)                                     =           0
 WARNING: original distributed matrix is not allocated
 ** Rank of processor needing largest memory in solve     :       127
 ** Space in MBYTES used by this processor for solve      :       756
 ** Avg. Space in MBYTES per working proc during solve    :       405

 Leaving solve with ...
 Time to build/scatter RHS        =       0.001975
 Time in solution step (fwd/bwd)  =       0.136309
  .. Time in forward (fwd) step   =          0.074793
  .. Time in ScaLAPACK root       =          0.001568
  .. Time in backward (bwd) step  =          0.059929
 Time to gather solution(cent.sol)=       0.000000
 Time to copy/scale dist. solution=       0.000496

 Elapsed time in solve driver=       0.2846
  188 KSP Residual norm 9.732030684009e-06

Entering DMUMPS 5.6.2 from C interface with JOB, N =   3     1237277
      executing #MPI =    128 and #OMP =      2



 ****** SOLVE & CHECK STEP ********

 GLOBAL STATISTICS PRIOR SOLVE PHASE ...........
 Number of right-hand-sides                    =           1
 Blocking factor for multiple rhs              =           1
 ICNTL (9)                                     =           1
  --- (10)                                     =           0
  --- (11)                                     =           0
  --- (20)                                     =          10
  --- (21)                                     =           1
  --- (30)                                     =           0
  --- (35)                                     =           0
 WARNING: original distributed matrix is not allocated
 ** Rank of processor needing largest memory in solve     :       127
 ** Space in MBYTES used by this processor for solve      :       756
 ** Avg. Space in MBYTES per working proc during solve    :       405

 Leaving solve with ...
 Time to build/scatter RHS        =       0.001953
 Time in solution step (fwd/bwd)  =       0.136879
  .. Time in forward (fwd) step   =          0.073790
  .. Time in ScaLAPACK root       =          0.001571
  .. Time in backward (bwd) step  =          0.061495
 Time to gather solution(cent.sol)=       0.000000
 Time to copy/scale dist. solution=       0.000503

 Elapsed time in solve driver=       0.2848
  189 KSP Residual norm 8.973430420821e-06

Entering DMUMPS 5.6.2 from C interface with JOB, N =   3     1237277
      executing #MPI =    128 and #OMP =      2



 ****** SOLVE & CHECK STEP ********

 GLOBAL STATISTICS PRIOR SOLVE PHASE ...........
 Number of right-hand-sides                    =           1
 Blocking factor for multiple rhs              =           1
 ICNTL (9)                                     =           1
  --- (10)                                     =           0
  --- (11)                                     =           0
  --- (20)                                     =          10
  --- (21)                                     =           1
  --- (30)                                     =           0
  --- (35)                                     =           0
 WARNING: original distributed matrix is not allocated
 ** Rank of processor needing largest memory in solve     :       127
 ** Space in MBYTES used by this processor for solve      :       756
 ** Avg. Space in MBYTES per working proc during solve    :       405

 Leaving solve with ...
 Time to build/scatter RHS        =       0.002033
 Time in solution step (fwd/bwd)  =       0.139567
  .. Time in forward (fwd) step   =          0.073965
  .. Time in ScaLAPACK root       =          0.001592
  .. Time in backward (bwd) step  =          0.063981
 Time to gather solution(cent.sol)=       0.000000
 Time to copy/scale dist. solution=       0.000481

 Elapsed time in solve driver=       0.2838
  190 KSP Residual norm 7.932400487201e-06

Entering DMUMPS 5.6.2 from C interface with JOB, N =   3     1237277
      executing #MPI =    128 and #OMP =      2



 ****** SOLVE & CHECK STEP ********

 GLOBAL STATISTICS PRIOR SOLVE PHASE ...........
 Number of right-hand-sides                    =           1
 Blocking factor for multiple rhs              =           1
 ICNTL (9)                                     =           1
  --- (10)                                     =           0
  --- (11)                                     =           0
  --- (20)                                     =          10
  --- (21)                                     =           1
  --- (30)                                     =           0
  --- (35)                                     =           0
 WARNING: original distributed matrix is not allocated
 ** Rank of processor needing largest memory in solve     :       127
 ** Space in MBYTES used by this processor for solve      :       756
 ** Avg. Space in MBYTES per working proc during solve    :       405

 Leaving solve with ...
 Time to build/scatter RHS        =       0.002067
 Time in solution step (fwd/bwd)  =       0.137453
  .. Time in forward (fwd) step   =          0.073526
  .. Time in ScaLAPACK root       =          0.001577
  .. Time in backward (bwd) step  =          0.062331
 Time to gather solution(cent.sol)=       0.000000
 Time to copy/scale dist. solution=       0.000479

 Elapsed time in solve driver=       0.2866
  191 KSP Residual norm 6.605805640283e-06

Entering DMUMPS 5.6.2 from C interface with JOB, N =   3     1237277
      executing #MPI =    128 and #OMP =      2



 ****** SOLVE & CHECK STEP ********

 GLOBAL STATISTICS PRIOR SOLVE PHASE ...........
 Number of right-hand-sides                    =           1
 Blocking factor for multiple rhs              =           1
 ICNTL (9)                                     =           1
  --- (10)                                     =           0
  --- (11)                                     =           0
  --- (20)                                     =          10
  --- (21)                                     =           1
  --- (30)                                     =           0
  --- (35)                                     =           0
 WARNING: original distributed matrix is not allocated
 ** Rank of processor needing largest memory in solve     :       127
 ** Space in MBYTES used by this processor for solve      :       756
 ** Avg. Space in MBYTES per working proc during solve    :       405

 Leaving solve with ...
 Time to build/scatter RHS        =       0.001991
 Time in solution step (fwd/bwd)  =       0.141454
  .. Time in forward (fwd) step   =          0.077254
  .. Time in ScaLAPACK root       =          0.001552
  .. Time in backward (bwd) step  =          0.062629
 Time to gather solution(cent.sol)=       0.000000
 Time to copy/scale dist. solution=       0.000482

 Elapsed time in solve driver=       0.2924
  192 KSP Residual norm 5.807688250541e-06

Entering DMUMPS 5.6.2 from C interface with JOB, N =   3     1237277
      executing #MPI =    128 and #OMP =      2



 ****** SOLVE & CHECK STEP ********

 GLOBAL STATISTICS PRIOR SOLVE PHASE ...........
 Number of right-hand-sides                    =           1
 Blocking factor for multiple rhs              =           1
 ICNTL (9)                                     =           1
  --- (10)                                     =           0
  --- (11)                                     =           0
  --- (20)                                     =          10
  --- (21)                                     =           1
  --- (30)                                     =           0
  --- (35)                                     =           0
 WARNING: original distributed matrix is not allocated
 ** Rank of processor needing largest memory in solve     :       127
 ** Space in MBYTES used by this processor for solve      :       756
 ** Avg. Space in MBYTES per working proc during solve    :       405

 Leaving solve with ...
 Time to build/scatter RHS        =       0.002203
 Time in solution step (fwd/bwd)  =       0.136633
  .. Time in forward (fwd) step   =          0.074059
  .. Time in ScaLAPACK root       =          0.001560
  .. Time in backward (bwd) step  =          0.060993
 Time to gather solution(cent.sol)=       0.000000
 Time to copy/scale dist. solution=       0.000510

 Elapsed time in solve driver=       0.2840
  193 KSP Residual norm 5.162117310555e-06

Entering DMUMPS 5.6.2 from C interface with JOB, N =   3     1237277
      executing #MPI =    128 and #OMP =      2



 ****** SOLVE & CHECK STEP ********

 GLOBAL STATISTICS PRIOR SOLVE PHASE ...........
 Number of right-hand-sides                    =           1
 Blocking factor for multiple rhs              =           1
 ICNTL (9)                                     =           1
  --- (10)                                     =           0
  --- (11)                                     =           0
  --- (20)                                     =          10
  --- (21)                                     =           1
  --- (30)                                     =           0
  --- (35)                                     =           0
 WARNING: original distributed matrix is not allocated
 ** Rank of processor needing largest memory in solve     :       127
 ** Space in MBYTES used by this processor for solve      :       756
 ** Avg. Space in MBYTES per working proc during solve    :       405

 Leaving solve with ...
 Time to build/scatter RHS        =       0.002074
 Time in solution step (fwd/bwd)  =       0.136552
  .. Time in forward (fwd) step   =          0.074058
  .. Time in ScaLAPACK root       =          0.001550
  .. Time in backward (bwd) step  =          0.060917
 Time to gather solution(cent.sol)=       0.000000
 Time to copy/scale dist. solution=       0.000495

 Elapsed time in solve driver=       0.2878
  194 KSP Residual norm 4.467917434683e-06

Entering DMUMPS 5.6.2 from C interface with JOB, N =   3     1237277
      executing #MPI =    128 and #OMP =      2



 ****** SOLVE & CHECK STEP ********

 GLOBAL STATISTICS PRIOR SOLVE PHASE ...........
 Number of right-hand-sides                    =           1
 Blocking factor for multiple rhs              =           1
 ICNTL (9)                                     =           1
  --- (10)                                     =           0
  --- (11)                                     =           0
  --- (20)                                     =          10
  --- (21)                                     =           1
  --- (30)                                     =           0
  --- (35)                                     =           0
 WARNING: original distributed matrix is not allocated
 ** Rank of processor needing largest memory in solve     :       127
 ** Space in MBYTES used by this processor for solve      :       756
 ** Avg. Space in MBYTES per working proc during solve    :       405

 Leaving solve with ...
 Time to build/scatter RHS        =       0.001970
 Time in solution step (fwd/bwd)  =       0.136655
  .. Time in forward (fwd) step   =          0.074163
  .. Time in ScaLAPACK root       =          0.001553
  .. Time in backward (bwd) step  =          0.060918
 Time to gather solution(cent.sol)=       0.000000
 Time to copy/scale dist. solution=       0.000481

 Elapsed time in solve driver=       0.2842
  195 KSP Residual norm 3.752319051202e-06

Entering DMUMPS 5.6.2 from C interface with JOB, N =   3     1237277
      executing #MPI =    128 and #OMP =      2



 ****** SOLVE & CHECK STEP ********

 GLOBAL STATISTICS PRIOR SOLVE PHASE ...........
 Number of right-hand-sides                    =           1
 Blocking factor for multiple rhs              =           1
 ICNTL (9)                                     =           1
  --- (10)                                     =           0
  --- (11)                                     =           0
  --- (20)                                     =          10
  --- (21)                                     =           1
  --- (30)                                     =           0
  --- (35)                                     =           0
 WARNING: original distributed matrix is not allocated
 ** Rank of processor needing largest memory in solve     :       127
 ** Space in MBYTES used by this processor for solve      :       756
 ** Avg. Space in MBYTES per working proc during solve    :       405

 Leaving solve with ...
 Time to build/scatter RHS        =       0.002014
 Time in solution step (fwd/bwd)  =       0.138057
  .. Time in forward (fwd) step   =          0.073593
  .. Time in ScaLAPACK root       =          0.001557
  .. Time in backward (bwd) step  =          0.062887
 Time to gather solution(cent.sol)=       0.000000
 Time to copy/scale dist. solution=       0.000475

 Elapsed time in solve driver=       0.2893
  196 KSP Residual norm 3.046623072224e-06

Entering DMUMPS 5.6.2 from C interface with JOB, N =   3     1237277
      executing #MPI =    128 and #OMP =      2



 ****** SOLVE & CHECK STEP ********

 GLOBAL STATISTICS PRIOR SOLVE PHASE ...........
 Number of right-hand-sides                    =           1
 Blocking factor for multiple rhs              =           1
 ICNTL (9)                                     =           1
  --- (10)                                     =           0
  --- (11)                                     =           0
  --- (20)                                     =          10
  --- (21)                                     =           1
  --- (30)                                     =           0
  --- (35)                                     =           0
 WARNING: original distributed matrix is not allocated
 ** Rank of processor needing largest memory in solve     :       127
 ** Space in MBYTES used by this processor for solve      :       756
 ** Avg. Space in MBYTES per working proc during solve    :       405

 Leaving solve with ...
 Time to build/scatter RHS        =       0.001981
 Time in solution step (fwd/bwd)  =       0.137488
  .. Time in forward (fwd) step   =          0.073487
  .. Time in ScaLAPACK root       =          0.001554
  .. Time in backward (bwd) step  =          0.062419
 Time to gather solution(cent.sol)=       0.000000
 Time to copy/scale dist. solution=       0.000483

 Elapsed time in solve driver=       0.2856
  197 KSP Residual norm 2.610216275866e-06

Entering DMUMPS 5.6.2 from C interface with JOB, N =   3     1237277
      executing #MPI =    128 and #OMP =      2



 ****** SOLVE & CHECK STEP ********

 GLOBAL STATISTICS PRIOR SOLVE PHASE ...........
 Number of right-hand-sides                    =           1
 Blocking factor for multiple rhs              =           1
 ICNTL (9)                                     =           1
  --- (10)                                     =           0
  --- (11)                                     =           0
  --- (20)                                     =          10
  --- (21)                                     =           1
  --- (30)                                     =           0
  --- (35)                                     =           0
 WARNING: original distributed matrix is not allocated
 ** Rank of processor needing largest memory in solve     :       127
 ** Space in MBYTES used by this processor for solve      :       756
 ** Avg. Space in MBYTES per working proc during solve    :       405

 Leaving solve with ...
 Time to build/scatter RHS        =       0.002018
 Time in solution step (fwd/bwd)  =       0.139462
  .. Time in forward (fwd) step   =          0.074154
  .. Time in ScaLAPACK root       =          0.001569
  .. Time in backward (bwd) step  =          0.063718
 Time to gather solution(cent.sol)=       0.000000
 Time to copy/scale dist. solution=       0.000474

 Elapsed time in solve driver=       0.2860
  198 KSP Residual norm 2.384293523522e-06

Entering DMUMPS 5.6.2 from C interface with JOB, N =   3     1237277
      executing #MPI =    128 and #OMP =      2



 ****** SOLVE & CHECK STEP ********

 GLOBAL STATISTICS PRIOR SOLVE PHASE ...........
 Number of right-hand-sides                    =           1
 Blocking factor for multiple rhs              =           1
 ICNTL (9)                                     =           1
  --- (10)                                     =           0
  --- (11)                                     =           0
  --- (20)                                     =          10
  --- (21)                                     =           1
  --- (30)                                     =           0
  --- (35)                                     =           0
 WARNING: original distributed matrix is not allocated
 ** Rank of processor needing largest memory in solve     :       127
 ** Space in MBYTES used by this processor for solve      :       756
 ** Avg. Space in MBYTES per working proc during solve    :       405

 Leaving solve with ...
 Time to build/scatter RHS        =       0.002023
 Time in solution step (fwd/bwd)  =       0.137646
  .. Time in forward (fwd) step   =          0.073625
  .. Time in ScaLAPACK root       =          0.001588
  .. Time in backward (bwd) step  =          0.062413
 Time to gather solution(cent.sol)=       0.000000
 Time to copy/scale dist. solution=       0.000485

 Elapsed time in solve driver=       0.2869
  199 KSP Residual norm 2.206441207986e-06

Entering DMUMPS 5.6.2 from C interface with JOB, N =   3     1237277
      executing #MPI =    128 and #OMP =      2



 ****** SOLVE & CHECK STEP ********

 GLOBAL STATISTICS PRIOR SOLVE PHASE ...........
 Number of right-hand-sides                    =           1
 Blocking factor for multiple rhs              =           1
 ICNTL (9)                                     =           1
  --- (10)                                     =           0
  --- (11)                                     =           0
  --- (20)                                     =          10
  --- (21)                                     =           1
  --- (30)                                     =           0
  --- (35)                                     =           0
 WARNING: original distributed matrix is not allocated
 ** Rank of processor needing largest memory in solve     :       127
 ** Space in MBYTES used by this processor for solve      :       756
 ** Avg. Space in MBYTES per working proc during solve    :       405

 Leaving solve with ...
 Time to build/scatter RHS        =       0.001924
 Time in solution step (fwd/bwd)  =       0.138983
  .. Time in forward (fwd) step   =          0.073323
  .. Time in ScaLAPACK root       =          0.001585
  .. Time in backward (bwd) step  =          0.064053
 Time to gather solution(cent.sol)=       0.000000
 Time to copy/scale dist. solution=       0.000480

 Elapsed time in solve driver=       0.2882
  200 KSP Residual norm 2.036241003649e-06

Entering DMUMPS 5.6.2 from C interface with JOB, N =   3     1237277
      executing #MPI =    128 and #OMP =      2



 ****** SOLVE & CHECK STEP ********

 GLOBAL STATISTICS PRIOR SOLVE PHASE ...........
 Number of right-hand-sides                    =           1
 Blocking factor for multiple rhs              =           1
 ICNTL (9)                                     =           1
  --- (10)                                     =           0
  --- (11)                                     =           0
  --- (20)                                     =          10
  --- (21)                                     =           1
  --- (30)                                     =           0
  --- (35)                                     =           0
 WARNING: original distributed matrix is not allocated
 ** Rank of processor needing largest memory in solve     :       127
 ** Space in MBYTES used by this processor for solve      :       756
 ** Avg. Space in MBYTES per working proc during solve    :       405

 Leaving solve with ...
 Time to build/scatter RHS        =       0.001882
 Time in solution step (fwd/bwd)  =       0.134075
  .. Time in forward (fwd) step   =          0.073408
  .. Time in ScaLAPACK root       =          0.001564
  .. Time in backward (bwd) step  =          0.059089
 Time to gather solution(cent.sol)=       0.000000
 Time to copy/scale dist. solution=       0.000494

 Elapsed time in solve driver=       0.2809
  201 KSP Residual norm 1.863050393987e-06

Entering DMUMPS 5.6.2 from C interface with JOB, N =   3     1237277
      executing #MPI =    128 and #OMP =      2



 ****** SOLVE & CHECK STEP ********

 GLOBAL STATISTICS PRIOR SOLVE PHASE ...........
 Number of right-hand-sides                    =           1
 Blocking factor for multiple rhs              =           1
 ICNTL (9)                                     =           1
  --- (10)                                     =           0
  --- (11)                                     =           0
  --- (20)                                     =          10
  --- (21)                                     =           1
  --- (30)                                     =           0
  --- (35)                                     =           0
 WARNING: original distributed matrix is not allocated
 ** Rank of processor needing largest memory in solve     :       127
 ** Space in MBYTES used by this processor for solve      :       756
 ** Avg. Space in MBYTES per working proc during solve    :       405

 Leaving solve with ...
 Time to build/scatter RHS        =       0.001922
 Time in solution step (fwd/bwd)  =       0.136433
  .. Time in forward (fwd) step   =          0.074384
  .. Time in ScaLAPACK root       =          0.001564
  .. Time in backward (bwd) step  =          0.060463
 Time to gather solution(cent.sol)=       0.000000
 Time to copy/scale dist. solution=       0.000505

 Elapsed time in solve driver=       0.2836
  202 KSP Residual norm 1.685755356569e-06

Entering DMUMPS 5.6.2 from C interface with JOB, N =   3     1237277
      executing #MPI =    128 and #OMP =      2



 ****** SOLVE & CHECK STEP ********

 GLOBAL STATISTICS PRIOR SOLVE PHASE ...........
 Number of right-hand-sides                    =           1
 Blocking factor for multiple rhs              =           1
 ICNTL (9)                                     =           1
  --- (10)                                     =           0
  --- (11)                                     =           0
  --- (20)                                     =          10
  --- (21)                                     =           1
  --- (30)                                     =           0
  --- (35)                                     =           0
 WARNING: original distributed matrix is not allocated
 ** Rank of processor needing largest memory in solve     :       127
 ** Space in MBYTES used by this processor for solve      :       756
 ** Avg. Space in MBYTES per working proc during solve    :       405

 Leaving solve with ...
 Time to build/scatter RHS        =       0.002306
 Time in solution step (fwd/bwd)  =       0.136577
  .. Time in forward (fwd) step   =          0.073755
  .. Time in ScaLAPACK root       =          0.001571
  .. Time in backward (bwd) step  =          0.061233
 Time to gather solution(cent.sol)=       0.000000
 Time to copy/scale dist. solution=       0.000475

 Elapsed time in solve driver=       0.2848
  203 KSP Residual norm 1.530192924713e-06

Entering DMUMPS 5.6.2 from C interface with JOB, N =   3     1237277
      executing #MPI =    128 and #OMP =      2



 ****** SOLVE & CHECK STEP ********

 GLOBAL STATISTICS PRIOR SOLVE PHASE ...........
 Number of right-hand-sides                    =           1
 Blocking factor for multiple rhs              =           1
 ICNTL (9)                                     =           1
  --- (10)                                     =           0
  --- (11)                                     =           0
  --- (20)                                     =          10
  --- (21)                                     =           1
  --- (30)                                     =           0
  --- (35)                                     =           0
 WARNING: original distributed matrix is not allocated
 ** Rank of processor needing largest memory in solve     :       127
 ** Space in MBYTES used by this processor for solve      :       756
 ** Avg. Space in MBYTES per working proc during solve    :       405

 Leaving solve with ...
 Time to build/scatter RHS        =       0.002017
 Time in solution step (fwd/bwd)  =       0.134657
  .. Time in forward (fwd) step   =          0.072910
  .. Time in ScaLAPACK root       =          0.001573
  .. Time in backward (bwd) step  =          0.060147
 Time to gather solution(cent.sol)=       0.000000
 Time to copy/scale dist. solution=       0.000492

 Elapsed time in solve driver=       0.2852
  204 KSP Residual norm 1.342071846542e-06

Entering DMUMPS 5.6.2 from C interface with JOB, N =   3     1237277
      executing #MPI =    128 and #OMP =      2



 ****** SOLVE & CHECK STEP ********

 GLOBAL STATISTICS PRIOR SOLVE PHASE ...........
 Number of right-hand-sides                    =           1
 Blocking factor for multiple rhs              =           1
 ICNTL (9)                                     =           1
  --- (10)                                     =           0
  --- (11)                                     =           0
  --- (20)                                     =          10
  --- (21)                                     =           1
  --- (30)                                     =           0
  --- (35)                                     =           0
 WARNING: original distributed matrix is not allocated
 ** Rank of processor needing largest memory in solve     :       127
 ** Space in MBYTES used by this processor for solve      :       756
 ** Avg. Space in MBYTES per working proc during solve    :       405

 Leaving solve with ...
 Time to build/scatter RHS        =       0.001917
 Time in solution step (fwd/bwd)  =       0.135253
  .. Time in forward (fwd) step   =          0.072984
  .. Time in ScaLAPACK root       =          0.001574
  .. Time in backward (bwd) step  =          0.060673
 Time to gather solution(cent.sol)=       0.000000
 Time to copy/scale dist. solution=       0.000486

 Elapsed time in solve driver=       0.2836
  205 KSP Residual norm 1.170783726913e-06

Entering DMUMPS 5.6.2 from C interface with JOB, N =   3     1237277
      executing #MPI =    128 and #OMP =      2



 ****** SOLVE & CHECK STEP ********

 GLOBAL STATISTICS PRIOR SOLVE PHASE ...........
 Number of right-hand-sides                    =           1
 Blocking factor for multiple rhs              =           1
 ICNTL (9)                                     =           1
  --- (10)                                     =           0
  --- (11)                                     =           0
  --- (20)                                     =          10
  --- (21)                                     =           1
  --- (30)                                     =           0
  --- (35)                                     =           0
 WARNING: original distributed matrix is not allocated
 ** Rank of processor needing largest memory in solve     :       127
 ** Space in MBYTES used by this processor for solve      :       756
 ** Avg. Space in MBYTES per working proc during solve    :       405

 Leaving solve with ...
 Time to build/scatter RHS        =       0.002010
 Time in solution step (fwd/bwd)  =       0.137543
  .. Time in forward (fwd) step   =          0.073984
  .. Time in ScaLAPACK root       =          0.001564
  .. Time in backward (bwd) step  =          0.061975
 Time to gather solution(cent.sol)=       0.000000
 Time to copy/scale dist. solution=       0.000495

 Elapsed time in solve driver=       0.2863
  206 KSP Residual norm 9.676339299448e-07

Entering DMUMPS 5.6.2 from C interface with JOB, N =   3     1237277
      executing #MPI =    128 and #OMP =      2



 ****** SOLVE & CHECK STEP ********

 GLOBAL STATISTICS PRIOR SOLVE PHASE ...........
 Number of right-hand-sides                    =           1
 Blocking factor for multiple rhs              =           1
 ICNTL (9)                                     =           1
  --- (10)                                     =           0
  --- (11)                                     =           0
  --- (20)                                     =          10
  --- (21)                                     =           1
  --- (30)                                     =           0
  --- (35)                                     =           0
 WARNING: original distributed matrix is not allocated
 ** Rank of processor needing largest memory in solve     :       127
 ** Space in MBYTES used by this processor for solve      :       756
 ** Avg. Space in MBYTES per working proc during solve    :       405

 Leaving solve with ...
 Time to build/scatter RHS        =       0.002077
 Time in solution step (fwd/bwd)  =       0.135599
  .. Time in forward (fwd) step   =          0.073321
  .. Time in ScaLAPACK root       =          0.001576
  .. Time in backward (bwd) step  =          0.060681
 Time to gather solution(cent.sol)=       0.000000
 Time to copy/scale dist. solution=       0.000484

 Elapsed time in solve driver=       0.2876
  207 KSP Residual norm 7.764094135899e-07

Entering DMUMPS 5.6.2 from C interface with JOB, N =   3     1237277
      executing #MPI =    128 and #OMP =      2



 ****** SOLVE & CHECK STEP ********

 GLOBAL STATISTICS PRIOR SOLVE PHASE ...........
 Number of right-hand-sides                    =           1
 Blocking factor for multiple rhs              =           1
 ICNTL (9)                                     =           1
  --- (10)                                     =           0
  --- (11)                                     =           0
  --- (20)                                     =          10
  --- (21)                                     =           1
  --- (30)                                     =           0
  --- (35)                                     =           0
 WARNING: original distributed matrix is not allocated
 ** Rank of processor needing largest memory in solve     :       127
 ** Space in MBYTES used by this processor for solve      :       756
 ** Avg. Space in MBYTES per working proc during solve    :       405

 Leaving solve with ...
 Time to build/scatter RHS        =       0.002036
 Time in solution step (fwd/bwd)  =       0.139381
  .. Time in forward (fwd) step   =          0.074036
  .. Time in ScaLAPACK root       =          0.001561
  .. Time in backward (bwd) step  =          0.063764
 Time to gather solution(cent.sol)=       0.000000
 Time to copy/scale dist. solution=       0.000475

 Elapsed time in solve driver=       0.2874
  208 KSP Residual norm 6.534860369811e-07

Entering DMUMPS 5.6.2 from C interface with JOB, N =   3     1237277
      executing #MPI =    128 and #OMP =      2



 ****** SOLVE & CHECK STEP ********

 GLOBAL STATISTICS PRIOR SOLVE PHASE ...........
 Number of right-hand-sides                    =           1
 Blocking factor for multiple rhs              =           1
 ICNTL (9)                                     =           1
  --- (10)                                     =           0
  --- (11)                                     =           0
  --- (20)                                     =          10
  --- (21)                                     =           1
  --- (30)                                     =           0
  --- (35)                                     =           0
 WARNING: original distributed matrix is not allocated
 ** Rank of processor needing largest memory in solve     :       127
 ** Space in MBYTES used by this processor for solve      :       756
 ** Avg. Space in MBYTES per working proc during solve    :       405

 Leaving solve with ...
 Time to build/scatter RHS        =       0.001981
 Time in solution step (fwd/bwd)  =       0.138733
  .. Time in forward (fwd) step   =          0.073422
  .. Time in ScaLAPACK root       =          0.001567
  .. Time in backward (bwd) step  =          0.063724
 Time to gather solution(cent.sol)=       0.000000
 Time to copy/scale dist. solution=       0.000492

 Elapsed time in solve driver=       0.2864
  209 KSP Residual norm 5.586643587531e-07

Entering DMUMPS 5.6.2 from C interface with JOB, N =   3     1237277
      executing #MPI =    128 and #OMP =      2



 ****** SOLVE & CHECK STEP ********

 GLOBAL STATISTICS PRIOR SOLVE PHASE ...........
 Number of right-hand-sides                    =           1
 Blocking factor for multiple rhs              =           1
 ICNTL (9)                                     =           1
  --- (10)                                     =           0
  --- (11)                                     =           0
  --- (20)                                     =          10
  --- (21)                                     =           1
  --- (30)                                     =           0
  --- (35)                                     =           0
 WARNING: original distributed matrix is not allocated
 ** Rank of processor needing largest memory in solve     :       127
 ** Space in MBYTES used by this processor for solve      :       756
 ** Avg. Space in MBYTES per working proc during solve    :       405

 Leaving solve with ...
 Time to build/scatter RHS        =       0.002031
 Time in solution step (fwd/bwd)  =       0.138061
  .. Time in forward (fwd) step   =          0.073162
  .. Time in ScaLAPACK root       =          0.001610
  .. Time in backward (bwd) step  =          0.063268
 Time to gather solution(cent.sol)=       0.000000
 Time to copy/scale dist. solution=       0.000495

 Elapsed time in solve driver=       0.2962
  210 KSP Residual norm 4.965676044397e-07

Entering DMUMPS 5.6.2 from C interface with JOB, N =   3     1237277
      executing #MPI =    128 and #OMP =      2



 ****** SOLVE & CHECK STEP ********

 GLOBAL STATISTICS PRIOR SOLVE PHASE ...........
 Number of right-hand-sides                    =           1
 Blocking factor for multiple rhs              =           1
 ICNTL (9)                                     =           1
  --- (10)                                     =           0
  --- (11)                                     =           0
  --- (20)                                     =          10
  --- (21)                                     =           1
  --- (30)                                     =           0
  --- (35)                                     =           0
 WARNING: original distributed matrix is not allocated
 ** Rank of processor needing largest memory in solve     :       127
 ** Space in MBYTES used by this processor for solve      :       756
 ** Avg. Space in MBYTES per working proc during solve    :       405

 Leaving solve with ...
 Time to build/scatter RHS        =       0.002544
 Time in solution step (fwd/bwd)  =       0.137590
  .. Time in forward (fwd) step   =          0.073390
  .. Time in ScaLAPACK root       =          0.001598
  .. Time in backward (bwd) step  =          0.062575
 Time to gather solution(cent.sol)=       0.000000
 Time to copy/scale dist. solution=       0.000486

 Elapsed time in solve driver=       0.2861
  211 KSP Residual norm 4.375159365457e-07

Entering DMUMPS 5.6.2 from C interface with JOB, N =   3     1237277
      executing #MPI =    128 and #OMP =      2



 ****** SOLVE & CHECK STEP ********

 GLOBAL STATISTICS PRIOR SOLVE PHASE ...........
 Number of right-hand-sides                    =           1
 Blocking factor for multiple rhs              =           1
 ICNTL (9)                                     =           1
  --- (10)                                     =           0
  --- (11)                                     =           0
  --- (20)                                     =          10
  --- (21)                                     =           1
  --- (30)                                     =           0
  --- (35)                                     =           0
 WARNING: original distributed matrix is not allocated
 ** Rank of processor needing largest memory in solve     :       127
 ** Space in MBYTES used by this processor for solve      :       756
 ** Avg. Space in MBYTES per working proc during solve    :       405

 Leaving solve with ...
 Time to build/scatter RHS        =       0.002111
 Time in solution step (fwd/bwd)  =       0.137170
  .. Time in forward (fwd) step   =          0.072738
  .. Time in ScaLAPACK root       =          0.001574
  .. Time in backward (bwd) step  =          0.062833
 Time to gather solution(cent.sol)=       0.000000
 Time to copy/scale dist. solution=       0.000496

 Elapsed time in solve driver=       0.2909
  212 KSP Residual norm 3.833346078911e-07

Entering DMUMPS 5.6.2 from C interface with JOB, N =   3     1237277
      executing #MPI =    128 and #OMP =      2



 ****** SOLVE & CHECK STEP ********

 GLOBAL STATISTICS PRIOR SOLVE PHASE ...........
 Number of right-hand-sides                    =           1
 Blocking factor for multiple rhs              =           1
 ICNTL (9)                                     =           1
  --- (10)                                     =           0
  --- (11)                                     =           0
  --- (20)                                     =          10
  --- (21)                                     =           1
  --- (30)                                     =           0
  --- (35)                                     =           0
 WARNING: original distributed matrix is not allocated
 ** Rank of processor needing largest memory in solve     :       127
 ** Space in MBYTES used by this processor for solve      :       756
 ** Avg. Space in MBYTES per working proc during solve    :       405

 Leaving solve with ...
 Time to build/scatter RHS        =       0.002233
 Time in solution step (fwd/bwd)  =       0.135743
  .. Time in forward (fwd) step   =          0.073478
  .. Time in ScaLAPACK root       =          0.001560
  .. Time in backward (bwd) step  =          0.060680
 Time to gather solution(cent.sol)=       0.000000
 Time to copy/scale dist. solution=       0.000476

 Elapsed time in solve driver=       0.2852
  213 KSP Residual norm 3.462455415269e-07

Entering DMUMPS 5.6.2 from C interface with JOB, N =   3     1237277
      executing #MPI =    128 and #OMP =      2



 ****** SOLVE & CHECK STEP ********

 GLOBAL STATISTICS PRIOR SOLVE PHASE ...........
 Number of right-hand-sides                    =           1
 Blocking factor for multiple rhs              =           1
 ICNTL (9)                                     =           1
  --- (10)                                     =           0
  --- (11)                                     =           0
  --- (20)                                     =          10
  --- (21)                                     =           1
  --- (30)                                     =           0
  --- (35)                                     =           0
 WARNING: original distributed matrix is not allocated
 ** Rank of processor needing largest memory in solve     :       127
 ** Space in MBYTES used by this processor for solve      :       756
 ** Avg. Space in MBYTES per working proc during solve    :       405

 Leaving solve with ...
 Time to build/scatter RHS        =       0.002008
 Time in solution step (fwd/bwd)  =       0.135085
  .. Time in forward (fwd) step   =          0.073012
  .. Time in ScaLAPACK root       =          0.001543
  .. Time in backward (bwd) step  =          0.060509
 Time to gather solution(cent.sol)=       0.000000
 Time to copy/scale dist. solution=       0.000507

 Elapsed time in solve driver=       0.2834
  214 KSP Residual norm 3.162802945541e-07

Entering DMUMPS 5.6.2 from C interface with JOB, N =   3     1237277
      executing #MPI =    128 and #OMP =      2



 ****** SOLVE & CHECK STEP ********

 GLOBAL STATISTICS PRIOR SOLVE PHASE ...........
 Number of right-hand-sides                    =           1
 Blocking factor for multiple rhs              =           1
 ICNTL (9)                                     =           1
  --- (10)                                     =           0
  --- (11)                                     =           0
  --- (20)                                     =          10
  --- (21)                                     =           1
  --- (30)                                     =           0
  --- (35)                                     =           0
 WARNING: original distributed matrix is not allocated
 ** Rank of processor needing largest memory in solve     :       127
 ** Space in MBYTES used by this processor for solve      :       756
 ** Avg. Space in MBYTES per working proc during solve    :       405

 Leaving solve with ...
 Time to build/scatter RHS        =       0.002222
 Time in solution step (fwd/bwd)  =       0.137210
  .. Time in forward (fwd) step   =          0.073739
  .. Time in ScaLAPACK root       =          0.001587
  .. Time in backward (bwd) step  =          0.061863
 Time to gather solution(cent.sol)=       0.000000
 Time to copy/scale dist. solution=       0.000491

 Elapsed time in solve driver=       0.2875
  215 KSP Residual norm 2.890138457206e-07

Entering DMUMPS 5.6.2 from C interface with JOB, N =   3     1237277
      executing #MPI =    128 and #OMP =      2



 ****** SOLVE & CHECK STEP ********

 GLOBAL STATISTICS PRIOR SOLVE PHASE ...........
 Number of right-hand-sides                    =           1
 Blocking factor for multiple rhs              =           1
 ICNTL (9)                                     =           1
  --- (10)                                     =           0
  --- (11)                                     =           0
  --- (20)                                     =          10
  --- (21)                                     =           1
  --- (30)                                     =           0
  --- (35)                                     =           0
 WARNING: original distributed matrix is not allocated
 ** Rank of processor needing largest memory in solve     :       127
 ** Space in MBYTES used by this processor for solve      :       756
 ** Avg. Space in MBYTES per working proc during solve    :       405

 Leaving solve with ...
 Time to build/scatter RHS        =       0.002123
 Time in solution step (fwd/bwd)  =       0.136980
  .. Time in forward (fwd) step   =          0.073813
  .. Time in ScaLAPACK root       =          0.001556
  .. Time in backward (bwd) step  =          0.061592
 Time to gather solution(cent.sol)=       0.000000
 Time to copy/scale dist. solution=       0.000485

 Elapsed time in solve driver=       0.2895
  216 KSP Residual norm 2.671800865993e-07

Entering DMUMPS 5.6.2 from C interface with JOB, N =   3     1237277
      executing #MPI =    128 and #OMP =      2



 ****** SOLVE & CHECK STEP ********

 GLOBAL STATISTICS PRIOR SOLVE PHASE ...........
 Number of right-hand-sides                    =           1
 Blocking factor for multiple rhs              =           1
 ICNTL (9)                                     =           1
  --- (10)                                     =           0
  --- (11)                                     =           0
  --- (20)                                     =          10
  --- (21)                                     =           1
  --- (30)                                     =           0
  --- (35)                                     =           0
 WARNING: original distributed matrix is not allocated
 ** Rank of processor needing largest memory in solve     :       127
 ** Space in MBYTES used by this processor for solve      :       756
 ** Avg. Space in MBYTES per working proc during solve    :       405

 Leaving solve with ...
 Time to build/scatter RHS        =       0.001899
 Time in solution step (fwd/bwd)  =       0.134988
  .. Time in forward (fwd) step   =          0.072636
  .. Time in ScaLAPACK root       =          0.001561
  .. Time in backward (bwd) step  =          0.060773
 Time to gather solution(cent.sol)=       0.000000
 Time to copy/scale dist. solution=       0.000493

 Elapsed time in solve driver=       0.2832
  217 KSP Residual norm 2.475677022593e-07

Entering DMUMPS 5.6.2 from C interface with JOB, N =   3     1237277
      executing #MPI =    128 and #OMP =      2



 ****** SOLVE & CHECK STEP ********

 GLOBAL STATISTICS PRIOR SOLVE PHASE ...........
 Number of right-hand-sides                    =           1
 Blocking factor for multiple rhs              =           1
 ICNTL (9)                                     =           1
  --- (10)                                     =           0
  --- (11)                                     =           0
  --- (20)                                     =          10
  --- (21)                                     =           1
  --- (30)                                     =           0
  --- (35)                                     =           0
 WARNING: original distributed matrix is not allocated
 ** Rank of processor needing largest memory in solve     :       127
 ** Space in MBYTES used by this processor for solve      :       756
 ** Avg. Space in MBYTES per working proc during solve    :       405

 Leaving solve with ...
 Time to build/scatter RHS        =       0.001942
 Time in solution step (fwd/bwd)  =       0.137479
  .. Time in forward (fwd) step   =          0.073786
  .. Time in ScaLAPACK root       =          0.001560
  .. Time in backward (bwd) step  =          0.062105
 Time to gather solution(cent.sol)=       0.000000
 Time to copy/scale dist. solution=       0.000498

 Elapsed time in solve driver=       0.2846
  218 KSP Residual norm 2.300205001561e-07

Entering DMUMPS 5.6.2 from C interface with JOB, N =   3     1237277
      executing #MPI =    128 and #OMP =      2



 ****** SOLVE & CHECK STEP ********

 GLOBAL STATISTICS PRIOR SOLVE PHASE ...........
 Number of right-hand-sides                    =           1
 Blocking factor for multiple rhs              =           1
 ICNTL (9)                                     =           1
  --- (10)                                     =           0
  --- (11)                                     =           0
  --- (20)                                     =          10
  --- (21)                                     =           1
  --- (30)                                     =           0
  --- (35)                                     =           0
 WARNING: original distributed matrix is not allocated
 ** Rank of processor needing largest memory in solve     :       127
 ** Space in MBYTES used by this processor for solve      :       756
 ** Avg. Space in MBYTES per working proc during solve    :       405

 Leaving solve with ...
 Time to build/scatter RHS        =       0.002112
 Time in solution step (fwd/bwd)  =       0.137610
  .. Time in forward (fwd) step   =          0.073952
  .. Time in ScaLAPACK root       =          0.001578
  .. Time in backward (bwd) step  =          0.062062
 Time to gather solution(cent.sol)=       0.000000
 Time to copy/scale dist. solution=       0.000493

 Elapsed time in solve driver=       0.2861
  219 KSP Residual norm 2.151217844056e-07

Entering DMUMPS 5.6.2 from C interface with JOB, N =   3     1237277
      executing #MPI =    128 and #OMP =      2



 ****** SOLVE & CHECK STEP ********

 GLOBAL STATISTICS PRIOR SOLVE PHASE ...........
 Number of right-hand-sides                    =           1
 Blocking factor for multiple rhs              =           1
 ICNTL (9)                                     =           1
  --- (10)                                     =           0
  --- (11)                                     =           0
  --- (20)                                     =          10
  --- (21)                                     =           1
  --- (30)                                     =           0
  --- (35)                                     =           0
 WARNING: original distributed matrix is not allocated
 ** Rank of processor needing largest memory in solve     :       127
 ** Space in MBYTES used by this processor for solve      :       756
 ** Avg. Space in MBYTES per working proc during solve    :       405

 Leaving solve with ...
 Time to build/scatter RHS        =       0.002015
 Time in solution step (fwd/bwd)  =       0.138002
  .. Time in forward (fwd) step   =          0.073732
  .. Time in ScaLAPACK root       =          0.001584
  .. Time in backward (bwd) step  =          0.062644
 Time to gather solution(cent.sol)=       0.000000
 Time to copy/scale dist. solution=       0.000481

 Elapsed time in solve driver=       0.2842
  220 KSP Residual norm 2.026639322737e-07

Entering DMUMPS 5.6.2 from C interface with JOB, N =   3     1237277
      executing #MPI =    128 and #OMP =      2



 ****** SOLVE & CHECK STEP ********

 GLOBAL STATISTICS PRIOR SOLVE PHASE ...........
 Number of right-hand-sides                    =           1
 Blocking factor for multiple rhs              =           1
 ICNTL (9)                                     =           1
  --- (10)                                     =           0
  --- (11)                                     =           0
  --- (20)                                     =          10
  --- (21)                                     =           1
  --- (30)                                     =           0
  --- (35)                                     =           0
 WARNING: original distributed matrix is not allocated
 ** Rank of processor needing largest memory in solve     :       127
 ** Space in MBYTES used by this processor for solve      :       756
 ** Avg. Space in MBYTES per working proc during solve    :       405

 Leaving solve with ...
 Time to build/scatter RHS        =       0.100090
 Time in solution step (fwd/bwd)  =       0.137331
  .. Time in forward (fwd) step   =          0.072875
  .. Time in ScaLAPACK root       =          0.001570
  .. Time in backward (bwd) step  =          0.062868
 Time to gather solution(cent.sol)=       0.000000
 Time to copy/scale dist. solution=       0.000484

 Elapsed time in solve driver=       0.3846
  221 KSP Residual norm 1.911878055964e-07

Entering DMUMPS 5.6.2 from C interface with JOB, N =   3     1237277
      executing #MPI =    128 and #OMP =      2



 ****** SOLVE & CHECK STEP ********

 GLOBAL STATISTICS PRIOR SOLVE PHASE ...........
 Number of right-hand-sides                    =           1
 Blocking factor for multiple rhs              =           1
 ICNTL (9)                                     =           1
  --- (10)                                     =           0
  --- (11)                                     =           0
  --- (20)                                     =          10
  --- (21)                                     =           1
  --- (30)                                     =           0
  --- (35)                                     =           0
 WARNING: original distributed matrix is not allocated
 ** Rank of processor needing largest memory in solve     :       127
 ** Space in MBYTES used by this processor for solve      :       756
 ** Avg. Space in MBYTES per working proc during solve    :       405

 Leaving solve with ...
 Time to build/scatter RHS        =       0.002022
 Time in solution step (fwd/bwd)  =       0.137938
  .. Time in forward (fwd) step   =          0.073516
  .. Time in ScaLAPACK root       =          0.001620
  .. Time in backward (bwd) step  =          0.062781
 Time to gather solution(cent.sol)=       0.000000
 Time to copy/scale dist. solution=       0.000477

 Elapsed time in solve driver=       0.2824
  222 KSP Residual norm 1.812094789073e-07

Entering DMUMPS 5.6.2 from C interface with JOB, N =   3     1237277
      executing #MPI =    128 and #OMP =      2



 ****** SOLVE & CHECK STEP ********

 GLOBAL STATISTICS PRIOR SOLVE PHASE ...........
 Number of right-hand-sides                    =           1
 Blocking factor for multiple rhs              =           1
 ICNTL (9)                                     =           1
  --- (10)                                     =           0
  --- (11)                                     =           0
  --- (20)                                     =          10
  --- (21)                                     =           1
  --- (30)                                     =           0
  --- (35)                                     =           0
 WARNING: original distributed matrix is not allocated
 ** Rank of processor needing largest memory in solve     :       127
 ** Space in MBYTES used by this processor for solve      :       756
 ** Avg. Space in MBYTES per working proc during solve    :       405

 Leaving solve with ...
 Time to build/scatter RHS        =       0.002462
 Time in solution step (fwd/bwd)  =       0.140816
  .. Time in forward (fwd) step   =          0.073607
  .. Time in ScaLAPACK root       =          0.001553
  .. Time in backward (bwd) step  =          0.065636
 Time to gather solution(cent.sol)=       0.000000
 Time to copy/scale dist. solution=       0.000483

 Elapsed time in solve driver=       0.2886
  223 KSP Residual norm 1.724601683084e-07

Entering DMUMPS 5.6.2 from C interface with JOB, N =   3     1237277
      executing #MPI =    128 and #OMP =      2



 ****** SOLVE & CHECK STEP ********

 GLOBAL STATISTICS PRIOR SOLVE PHASE ...........
 Number of right-hand-sides                    =           1
 Blocking factor for multiple rhs              =           1
 ICNTL (9)                                     =           1
  --- (10)                                     =           0
  --- (11)                                     =           0
  --- (20)                                     =          10
  --- (21)                                     =           1
  --- (30)                                     =           0
  --- (35)                                     =           0
 WARNING: original distributed matrix is not allocated
 ** Rank of processor needing largest memory in solve     :       127
 ** Space in MBYTES used by this processor for solve      :       756
 ** Avg. Space in MBYTES per working proc during solve    :       405

 Leaving solve with ...
 Time to build/scatter RHS        =       0.002206
 Time in solution step (fwd/bwd)  =       0.137903
  .. Time in forward (fwd) step   =          0.074049
  .. Time in ScaLAPACK root       =          0.001560
  .. Time in backward (bwd) step  =          0.062267
 Time to gather solution(cent.sol)=       0.000000
 Time to copy/scale dist. solution=       0.000488

 Elapsed time in solve driver=       0.2876
  224 KSP Residual norm 1.646360470083e-07

Entering DMUMPS 5.6.2 from C interface with JOB, N =   3     1237277
      executing #MPI =    128 and #OMP =      2



 ****** SOLVE & CHECK STEP ********

 GLOBAL STATISTICS PRIOR SOLVE PHASE ...........
 Number of right-hand-sides                    =           1
 Blocking factor for multiple rhs              =           1
 ICNTL (9)                                     =           1
  --- (10)                                     =           0
  --- (11)                                     =           0
  --- (20)                                     =          10
  --- (21)                                     =           1
  --- (30)                                     =           0
  --- (35)                                     =           0
 WARNING: original distributed matrix is not allocated
 ** Rank of processor needing largest memory in solve     :       127
 ** Space in MBYTES used by this processor for solve      :       756
 ** Avg. Space in MBYTES per working proc during solve    :       405

 Leaving solve with ...
 Time to build/scatter RHS        =       0.002027
 Time in solution step (fwd/bwd)  =       0.135173
  .. Time in forward (fwd) step   =          0.073211
  .. Time in ScaLAPACK root       =          0.001572
  .. Time in backward (bwd) step  =          0.060361
 Time to gather solution(cent.sol)=       0.000000
 Time to copy/scale dist. solution=       0.000486

 Elapsed time in solve driver=       0.2866
  225 KSP Residual norm 1.576994385851e-07

Entering DMUMPS 5.6.2 from C interface with JOB, N =   3     1237277
      executing #MPI =    128 and #OMP =      2



 ****** SOLVE & CHECK STEP ********

 GLOBAL STATISTICS PRIOR SOLVE PHASE ...........
 Number of right-hand-sides                    =           1
 Blocking factor for multiple rhs              =           1
 ICNTL (9)                                     =           1
  --- (10)                                     =           0
  --- (11)                                     =           0
  --- (20)                                     =          10
  --- (21)                                     =           1
  --- (30)                                     =           0
  --- (35)                                     =           0
 WARNING: original distributed matrix is not allocated
 ** Rank of processor needing largest memory in solve     :       127
 ** Space in MBYTES used by this processor for solve      :       756
 ** Avg. Space in MBYTES per working proc during solve    :       405

 Leaving solve with ...
 Time to build/scatter RHS        =       0.002100
 Time in solution step (fwd/bwd)  =       0.137318
  .. Time in forward (fwd) step   =          0.074207
  .. Time in ScaLAPACK root       =          0.001554
  .. Time in backward (bwd) step  =          0.061538
 Time to gather solution(cent.sol)=       0.000000
 Time to copy/scale dist. solution=       0.000484

 Elapsed time in solve driver=       0.2870
  226 KSP Residual norm 1.514197370949e-07

Entering DMUMPS 5.6.2 from C interface with JOB, N =   3     1237277
      executing #MPI =    128 and #OMP =      2



 ****** SOLVE & CHECK STEP ********

 GLOBAL STATISTICS PRIOR SOLVE PHASE ...........
 Number of right-hand-sides                    =           1
 Blocking factor for multiple rhs              =           1
 ICNTL (9)                                     =           1
  --- (10)                                     =           0
  --- (11)                                     =           0
  --- (20)                                     =          10
  --- (21)                                     =           1
  --- (30)                                     =           0
  --- (35)                                     =           0
 WARNING: original distributed matrix is not allocated
 ** Rank of processor needing largest memory in solve     :       127
 ** Space in MBYTES used by this processor for solve      :       756
 ** Avg. Space in MBYTES per working proc during solve    :       405

 Leaving solve with ...
 Time to build/scatter RHS        =       0.002043
 Time in solution step (fwd/bwd)  =       0.138697
  .. Time in forward (fwd) step   =          0.073797
  .. Time in ScaLAPACK root       =          0.001580
  .. Time in backward (bwd) step  =          0.063304
 Time to gather solution(cent.sol)=       0.000000
 Time to copy/scale dist. solution=       0.000486

 Elapsed time in solve driver=       0.2868
  227 KSP Residual norm 1.457822762089e-07

Entering DMUMPS 5.6.2 from C interface with JOB, N =   3     1237277
      executing #MPI =    128 and #OMP =      2



 ****** SOLVE & CHECK STEP ********

 GLOBAL STATISTICS PRIOR SOLVE PHASE ...........
 Number of right-hand-sides                    =           1
 Blocking factor for multiple rhs              =           1
 ICNTL (9)                                     =           1
  --- (10)                                     =           0
  --- (11)                                     =           0
  --- (20)                                     =          10
  --- (21)                                     =           1
  --- (30)                                     =           0
  --- (35)                                     =           0
 WARNING: original distributed matrix is not allocated
 ** Rank of processor needing largest memory in solve     :       127
 ** Space in MBYTES used by this processor for solve      :       756
 ** Avg. Space in MBYTES per working proc during solve    :       405

 Leaving solve with ...
 Time to build/scatter RHS        =       0.002182
 Time in solution step (fwd/bwd)  =       0.135509
  .. Time in forward (fwd) step   =          0.074103
  .. Time in ScaLAPACK root       =          0.001562
  .. Time in backward (bwd) step  =          0.059827
 Time to gather solution(cent.sol)=       0.000000
 Time to copy/scale dist. solution=       0.000494

 Elapsed time in solve driver=       0.2847
  228 KSP Residual norm 1.406432195182e-07

Entering DMUMPS 5.6.2 from C interface with JOB, N =   3     1237277
      executing #MPI =    128 and #OMP =      2



 ****** SOLVE & CHECK STEP ********

 GLOBAL STATISTICS PRIOR SOLVE PHASE ...........
 Number of right-hand-sides                    =           1
 Blocking factor for multiple rhs              =           1
 ICNTL (9)                                     =           1
  --- (10)                                     =           0
  --- (11)                                     =           0
  --- (20)                                     =          10
  --- (21)                                     =           1
  --- (30)                                     =           0
  --- (35)                                     =           0
 WARNING: original distributed matrix is not allocated
 ** Rank of processor needing largest memory in solve     :       127
 ** Space in MBYTES used by this processor for solve      :       756
 ** Avg. Space in MBYTES per working proc during solve    :       405

 Leaving solve with ...
 Time to build/scatter RHS        =       0.001939
 Time in solution step (fwd/bwd)  =       0.137659
  .. Time in forward (fwd) step   =          0.074080
  .. Time in ScaLAPACK root       =          0.001563
  .. Time in backward (bwd) step  =          0.061997
 Time to gather solution(cent.sol)=       0.000000
 Time to copy/scale dist. solution=       0.000515

 Elapsed time in solve driver=       0.2857
  229 KSP Residual norm 1.359852802042e-07

Entering DMUMPS 5.6.2 from C interface with JOB, N =   3     1237277
      executing #MPI =    128 and #OMP =      2



 ****** SOLVE & CHECK STEP ********

 GLOBAL STATISTICS PRIOR SOLVE PHASE ...........
 Number of right-hand-sides                    =           1
 Blocking factor for multiple rhs              =           1
 ICNTL (9)                                     =           1
  --- (10)                                     =           0
  --- (11)                                     =           0
  --- (20)                                     =          10
  --- (21)                                     =           1
  --- (30)                                     =           0
  --- (35)                                     =           0
 WARNING: original distributed matrix is not allocated
 ** Rank of processor needing largest memory in solve     :       127
 ** Space in MBYTES used by this processor for solve      :       756
 ** Avg. Space in MBYTES per working proc during solve    :       405

 Leaving solve with ...
 Time to build/scatter RHS        =       0.001913
 Time in solution step (fwd/bwd)  =       0.135681
  .. Time in forward (fwd) step   =          0.072789
  .. Time in ScaLAPACK root       =          0.001603
  .. Time in backward (bwd) step  =          0.061268
 Time to gather solution(cent.sol)=       0.000000
 Time to copy/scale dist. solution=       0.000483

 Elapsed time in solve driver=       0.2827
  230 KSP Residual norm 1.317254922470e-07

Entering DMUMPS 5.6.2 from C interface with JOB, N =   3     1237277
      executing #MPI =    128 and #OMP =      2



 ****** SOLVE & CHECK STEP ********

 GLOBAL STATISTICS PRIOR SOLVE PHASE ...........
 Number of right-hand-sides                    =           1
 Blocking factor for multiple rhs              =           1
 ICNTL (9)                                     =           1
  --- (10)                                     =           0
  --- (11)                                     =           0
  --- (20)                                     =          10
  --- (21)                                     =           1
  --- (30)                                     =           0
  --- (35)                                     =           0
 WARNING: original distributed matrix is not allocated
 ** Rank of processor needing largest memory in solve     :       127
 ** Space in MBYTES used by this processor for solve      :       756
 ** Avg. Space in MBYTES per working proc during solve    :       405

 Leaving solve with ...
 Time to build/scatter RHS        =       0.002021
 Time in solution step (fwd/bwd)  =       0.138429
  .. Time in forward (fwd) step   =          0.073461
  .. Time in ScaLAPACK root       =          0.001555
  .. Time in backward (bwd) step  =          0.063395
 Time to gather solution(cent.sol)=       0.000000
 Time to copy/scale dist. solution=       0.000489

 Elapsed time in solve driver=       0.2847
  231 KSP Residual norm 1.278334473761e-07

Entering DMUMPS 5.6.2 from C interface with JOB, N =   3     1237277
      executing #MPI =    128 and #OMP =      2



 ****** SOLVE & CHECK STEP ********

 GLOBAL STATISTICS PRIOR SOLVE PHASE ...........
 Number of right-hand-sides                    =           1
 Blocking factor for multiple rhs              =           1
 ICNTL (9)                                     =           1
  --- (10)                                     =           0
  --- (11)                                     =           0
  --- (20)                                     =          10
  --- (21)                                     =           1
  --- (30)                                     =           0
  --- (35)                                     =           0
 WARNING: original distributed matrix is not allocated
 ** Rank of processor needing largest memory in solve     :       127
 ** Space in MBYTES used by this processor for solve      :       756
 ** Avg. Space in MBYTES per working proc during solve    :       405

 Leaving solve with ...
 Time to build/scatter RHS        =       0.002038
 Time in solution step (fwd/bwd)  =       0.138117
  .. Time in forward (fwd) step   =          0.073282
  .. Time in ScaLAPACK root       =          0.001561
  .. Time in backward (bwd) step  =          0.063247
 Time to gather solution(cent.sol)=       0.000000
 Time to copy/scale dist. solution=       0.000490

 Elapsed time in solve driver=       0.2878
  232 KSP Residual norm 1.242562834182e-07

Entering DMUMPS 5.6.2 from C interface with JOB, N =   3     1237277
      executing #MPI =    128 and #OMP =      2



 ****** SOLVE & CHECK STEP ********

 GLOBAL STATISTICS PRIOR SOLVE PHASE ...........
 Number of right-hand-sides                    =           1
 Blocking factor for multiple rhs              =           1
 ICNTL (9)                                     =           1
  --- (10)                                     =           0
  --- (11)                                     =           0
  --- (20)                                     =          10
  --- (21)                                     =           1
  --- (30)                                     =           0
  --- (35)                                     =           0
 WARNING: original distributed matrix is not allocated
 ** Rank of processor needing largest memory in solve     :       127
 ** Space in MBYTES used by this processor for solve      :       756
 ** Avg. Space in MBYTES per working proc during solve    :       405

 Leaving solve with ...
 Time to build/scatter RHS        =       0.002313
 Time in solution step (fwd/bwd)  =       0.137778
  .. Time in forward (fwd) step   =          0.075078
  .. Time in ScaLAPACK root       =          0.001550
  .. Time in backward (bwd) step  =          0.061131
 Time to gather solution(cent.sol)=       0.000000
 Time to copy/scale dist. solution=       0.000493

 Elapsed time in solve driver=       0.2945
  233 KSP Residual norm 1.209611850008e-07

Entering DMUMPS 5.6.2 from C interface with JOB, N =   3     1237277
      executing #MPI =    128 and #OMP =      2



 ****** SOLVE & CHECK STEP ********

 GLOBAL STATISTICS PRIOR SOLVE PHASE ...........
 Number of right-hand-sides                    =           1
 Blocking factor for multiple rhs              =           1
 ICNTL (9)                                     =           1
  --- (10)                                     =           0
  --- (11)                                     =           0
  --- (20)                                     =          10
  --- (21)                                     =           1
  --- (30)                                     =           0
  --- (35)                                     =           0
 WARNING: original distributed matrix is not allocated
 ** Rank of processor needing largest memory in solve     :       127
 ** Space in MBYTES used by this processor for solve      :       756
 ** Avg. Space in MBYTES per working proc during solve    :       405

 Leaving solve with ...
 Time to build/scatter RHS        =       0.002114
 Time in solution step (fwd/bwd)  =       0.136879
  .. Time in forward (fwd) step   =          0.074157
  .. Time in ScaLAPACK root       =          0.001552
  .. Time in backward (bwd) step  =          0.061151
 Time to gather solution(cent.sol)=       0.000000
 Time to copy/scale dist. solution=       0.000500

 Elapsed time in solve driver=       0.2912
  234 KSP Residual norm 1.179124949193e-07

Entering DMUMPS 5.6.2 from C interface with JOB, N =   3     1237277
      executing #MPI =    128 and #OMP =      2



 ****** SOLVE & CHECK STEP ********

 GLOBAL STATISTICS PRIOR SOLVE PHASE ...........
 Number of right-hand-sides                    =           1
 Blocking factor for multiple rhs              =           1
 ICNTL (9)                                     =           1
  --- (10)                                     =           0
  --- (11)                                     =           0
  --- (20)                                     =          10
  --- (21)                                     =           1
  --- (30)                                     =           0
  --- (35)                                     =           0
 WARNING: original distributed matrix is not allocated
 ** Rank of processor needing largest memory in solve     :       127
 ** Space in MBYTES used by this processor for solve      :       756
 ** Avg. Space in MBYTES per working proc during solve    :       405

 Leaving solve with ...
 Time to build/scatter RHS        =       0.002020
 Time in solution step (fwd/bwd)  =       0.135552
  .. Time in forward (fwd) step   =          0.073482
  .. Time in ScaLAPACK root       =          0.001616
  .. Time in backward (bwd) step  =          0.060436
 Time to gather solution(cent.sol)=       0.000000
 Time to copy/scale dist. solution=       0.000472

 Elapsed time in solve driver=       0.2890
  235 KSP Residual norm 1.150827654538e-07

Entering DMUMPS 5.6.2 from C interface with JOB, N =   3     1237277
      executing #MPI =    128 and #OMP =      2



 ****** SOLVE & CHECK STEP ********

 GLOBAL STATISTICS PRIOR SOLVE PHASE ...........
 Number of right-hand-sides                    =           1
 Blocking factor for multiple rhs              =           1
 ICNTL (9)                                     =           1
  --- (10)                                     =           0
  --- (11)                                     =           0
  --- (20)                                     =          10
  --- (21)                                     =           1
  --- (30)                                     =           0
  --- (35)                                     =           0
 WARNING: original distributed matrix is not allocated
 ** Rank of processor needing largest memory in solve     :       127
 ** Space in MBYTES used by this processor for solve      :       756
 ** Avg. Space in MBYTES per working proc during solve    :       405

 Leaving solve with ...
 Time to build/scatter RHS        =       0.001945
 Time in solution step (fwd/bwd)  =       0.136565
  .. Time in forward (fwd) step   =          0.072921
  .. Time in ScaLAPACK root       =          0.001603
  .. Time in backward (bwd) step  =          0.062017
 Time to gather solution(cent.sol)=       0.000000
 Time to copy/scale dist. solution=       0.000474

 Elapsed time in solve driver=       0.2896
  236 KSP Residual norm 1.124470067939e-07

Entering DMUMPS 5.6.2 from C interface with JOB, N =   3     1237277
      executing #MPI =    128 and #OMP =      2



 ****** SOLVE & CHECK STEP ********

 GLOBAL STATISTICS PRIOR SOLVE PHASE ...........
 Number of right-hand-sides                    =           1
 Blocking factor for multiple rhs              =           1
 ICNTL (9)                                     =           1
  --- (10)                                     =           0
  --- (11)                                     =           0
  --- (20)                                     =          10
  --- (21)                                     =           1
  --- (30)                                     =           0
  --- (35)                                     =           0
 WARNING: original distributed matrix is not allocated
 ** Rank of processor needing largest memory in solve     :       127
 ** Space in MBYTES used by this processor for solve      :       756
 ** Avg. Space in MBYTES per working proc during solve    :       405

 Leaving solve with ...
 Time to build/scatter RHS        =       0.002044
 Time in solution step (fwd/bwd)  =       0.135779
  .. Time in forward (fwd) step   =          0.072691
  .. Time in ScaLAPACK root       =          0.001550
  .. Time in backward (bwd) step  =          0.061521
 Time to gather solution(cent.sol)=       0.000000
 Time to copy/scale dist. solution=       0.000498

 Elapsed time in solve driver=       0.2926
  237 KSP Residual norm 1.099843214995e-07

Entering DMUMPS 5.6.2 from C interface with JOB, N =   3     1237277
      executing #MPI =    128 and #OMP =      2



 ****** SOLVE & CHECK STEP ********

 GLOBAL STATISTICS PRIOR SOLVE PHASE ...........
 Number of right-hand-sides                    =           1
 Blocking factor for multiple rhs              =           1
 ICNTL (9)                                     =           1
  --- (10)                                     =           0
  --- (11)                                     =           0
  --- (20)                                     =          10
  --- (21)                                     =           1
  --- (30)                                     =           0
  --- (35)                                     =           0
 WARNING: original distributed matrix is not allocated
 ** Rank of processor needing largest memory in solve     :       127
 ** Space in MBYTES used by this processor for solve      :       756
 ** Avg. Space in MBYTES per working proc during solve    :       405

 Leaving solve with ...
 Time to build/scatter RHS        =       0.002086
 Time in solution step (fwd/bwd)  =       0.135801
  .. Time in forward (fwd) step   =          0.072800
  .. Time in ScaLAPACK root       =          0.001567
  .. Time in backward (bwd) step  =          0.061412
 Time to gather solution(cent.sol)=       0.000000
 Time to copy/scale dist. solution=       0.000482

 Elapsed time in solve driver=       0.2924
  238 KSP Residual norm 1.076766196351e-07

Entering DMUMPS 5.6.2 from C interface with JOB, N =   3     1237277
      executing #MPI =    128 and #OMP =      2



 ****** SOLVE & CHECK STEP ********

 GLOBAL STATISTICS PRIOR SOLVE PHASE ...........
 Number of right-hand-sides                    =           1
 Blocking factor for multiple rhs              =           1
 ICNTL (9)                                     =           1
  --- (10)                                     =           0
  --- (11)                                     =           0
  --- (20)                                     =          10
  --- (21)                                     =           1
  --- (30)                                     =           0
  --- (35)                                     =           0
 WARNING: original distributed matrix is not allocated
 ** Rank of processor needing largest memory in solve     :       127
 ** Space in MBYTES used by this processor for solve      :       756
 ** Avg. Space in MBYTES per working proc during solve    :       405

 Leaving solve with ...
 Time to build/scatter RHS        =       0.002084
 Time in solution step (fwd/bwd)  =       0.137654
  .. Time in forward (fwd) step   =          0.073369
  .. Time in ScaLAPACK root       =          0.001565
  .. Time in backward (bwd) step  =          0.062691
 Time to gather solution(cent.sol)=       0.000000
 Time to copy/scale dist. solution=       0.000487

 Elapsed time in solve driver=       0.2934
  239 KSP Residual norm 1.055083092941e-07

Entering DMUMPS 5.6.2 from C interface with JOB, N =   3     1237277
      executing #MPI =    128 and #OMP =      2



 ****** SOLVE & CHECK STEP ********

 GLOBAL STATISTICS PRIOR SOLVE PHASE ...........
 Number of right-hand-sides                    =           1
 Blocking factor for multiple rhs              =           1
 ICNTL (9)                                     =           1
  --- (10)                                     =           0
  --- (11)                                     =           0
  --- (20)                                     =          10
  --- (21)                                     =           1
  --- (30)                                     =           0
  --- (35)                                     =           0
 WARNING: original distributed matrix is not allocated
 ** Rank of processor needing largest memory in solve     :       127
 ** Space in MBYTES used by this processor for solve      :       756
 ** Avg. Space in MBYTES per working proc during solve    :       405

 Leaving solve with ...
 Time to build/scatter RHS        =       0.002155
 Time in solution step (fwd/bwd)  =       0.137241
  .. Time in forward (fwd) step   =          0.073556
  .. Time in ScaLAPACK root       =          0.001561
  .. Time in backward (bwd) step  =          0.062101
 Time to gather solution(cent.sol)=       0.000000
 Time to copy/scale dist. solution=       0.000485

 Elapsed time in solve driver=       0.2911
  240 KSP Residual norm 1.034659322351e-07

Entering DMUMPS 5.6.2 from C interface with JOB, N =   3     1237277
      executing #MPI =    128 and #OMP =      2



 ****** SOLVE & CHECK STEP ********

 GLOBAL STATISTICS PRIOR SOLVE PHASE ...........
 Number of right-hand-sides                    =           1
 Blocking factor for multiple rhs              =           1
 ICNTL (9)                                     =           1
  --- (10)                                     =           0
  --- (11)                                     =           0
  --- (20)                                     =          10
  --- (21)                                     =           1
  --- (30)                                     =           0
  --- (35)                                     =           0
 WARNING: original distributed matrix is not allocated
 ** Rank of processor needing largest memory in solve     :       127
 ** Space in MBYTES used by this processor for solve      :       756
 ** Avg. Space in MBYTES per working proc during solve    :       405

 Leaving solve with ...
 Time to build/scatter RHS        =       0.001916
 Time in solution step (fwd/bwd)  =       0.139311
  .. Time in forward (fwd) step   =          0.073345
  .. Time in ScaLAPACK root       =          0.001561
  .. Time in backward (bwd) step  =          0.064390
 Time to gather solution(cent.sol)=       0.000000
 Time to copy/scale dist. solution=       0.000481

 Elapsed time in solve driver=       0.2937
  241 KSP Residual norm 1.015377378451e-07

Entering DMUMPS 5.6.2 from C interface with JOB, N =   3     1237277
      executing #MPI =    128 and #OMP =      2



 ****** SOLVE & CHECK STEP ********

 GLOBAL STATISTICS PRIOR SOLVE PHASE ...........
 Number of right-hand-sides                    =           1
 Blocking factor for multiple rhs              =           1
 ICNTL (9)                                     =           1
  --- (10)                                     =           0
  --- (11)                                     =           0
  --- (20)                                     =          10
  --- (21)                                     =           1
  --- (30)                                     =           0
  --- (35)                                     =           0
 WARNING: original distributed matrix is not allocated
 ** Rank of processor needing largest memory in solve     :       127
 ** Space in MBYTES used by this processor for solve      :       756
 ** Avg. Space in MBYTES per working proc during solve    :       405

 Leaving solve with ...
 Time to build/scatter RHS        =       0.002173
 Time in solution step (fwd/bwd)  =       0.135035
  .. Time in forward (fwd) step   =          0.073367
  .. Time in ScaLAPACK root       =          0.001592
  .. Time in backward (bwd) step  =          0.060054
 Time to gather solution(cent.sol)=       0.000000
 Time to copy/scale dist. solution=       0.000486

 Elapsed time in solve driver=       0.2907
  242 KSP Residual norm 9.971348136533e-08

Entering DMUMPS 5.6.2 from C interface with JOB, N =   3     1237277
      executing #MPI =    128 and #OMP =      2



 ****** SOLVE & CHECK STEP ********

 GLOBAL STATISTICS PRIOR SOLVE PHASE ...........
 Number of right-hand-sides                    =           1
 Blocking factor for multiple rhs              =           1
 ICNTL (9)                                     =           1
  --- (10)                                     =           0
  --- (11)                                     =           0
  --- (20)                                     =          10
  --- (21)                                     =           1
  --- (30)                                     =           0
  --- (35)                                     =           0
 WARNING: original distributed matrix is not allocated
 ** Rank of processor needing largest memory in solve     :       127
 ** Space in MBYTES used by this processor for solve      :       756
 ** Avg. Space in MBYTES per working proc during solve    :       405

 Leaving solve with ...
 Time to build/scatter RHS        =       0.002270
 Time in solution step (fwd/bwd)  =       0.138264
  .. Time in forward (fwd) step   =          0.073769
  .. Time in ScaLAPACK root       =          0.001578
  .. Time in backward (bwd) step  =          0.062896
 Time to gather solution(cent.sol)=       0.000000
 Time to copy/scale dist. solution=       0.000484

 Elapsed time in solve driver=       0.2954
  243 KSP Residual norm 9.798414162735e-08

Entering DMUMPS 5.6.2 from C interface with JOB, N =   3     1237277
      executing #MPI =    128 and #OMP =      2



 ****** SOLVE & CHECK STEP ********

 GLOBAL STATISTICS PRIOR SOLVE PHASE ...........
 Number of right-hand-sides                    =           1
 Blocking factor for multiple rhs              =           1
 ICNTL (9)                                     =           1
  --- (10)                                     =           0
  --- (11)                                     =           0
  --- (20)                                     =          10
  --- (21)                                     =           1
  --- (30)                                     =           0
  --- (35)                                     =           0
 WARNING: original distributed matrix is not allocated
 ** Rank of processor needing largest memory in solve     :       127
 ** Space in MBYTES used by this processor for solve      :       756
 ** Avg. Space in MBYTES per working proc during solve    :       405

 Leaving solve with ...
 Time to build/scatter RHS        =       0.002234
 Time in solution step (fwd/bwd)  =       0.137501
  .. Time in forward (fwd) step   =          0.073750
  .. Time in ScaLAPACK root       =          0.001566
  .. Time in backward (bwd) step  =          0.062164
 Time to gather solution(cent.sol)=       0.000000
 Time to copy/scale dist. solution=       0.000481

 Elapsed time in solve driver=       0.2945
  244 KSP Residual norm 9.634176737467e-08

Entering DMUMPS 5.6.2 from C interface with JOB, N =   3     1237277
      executing #MPI =    128 and #OMP =      2



 ****** SOLVE & CHECK STEP ********

 GLOBAL STATISTICS PRIOR SOLVE PHASE ...........
 Number of right-hand-sides                    =           1
 Blocking factor for multiple rhs              =           1
 ICNTL (9)                                     =           1
  --- (10)                                     =           0
  --- (11)                                     =           0
  --- (20)                                     =          10
  --- (21)                                     =           1
  --- (30)                                     =           0
  --- (35)                                     =           0
 WARNING: original distributed matrix is not allocated
 ** Rank of processor needing largest memory in solve     :       127
 ** Space in MBYTES used by this processor for solve      :       756
 ** Avg. Space in MBYTES per working proc during solve    :       405

 Leaving solve with ...
 Time to build/scatter RHS        =       0.001998
 Time in solution step (fwd/bwd)  =       0.138531
  .. Time in forward (fwd) step   =          0.073814
  .. Time in ScaLAPACK root       =          0.001575
  .. Time in backward (bwd) step  =          0.063116
 Time to gather solution(cent.sol)=       0.000000
 Time to copy/scale dist. solution=       0.000480

 Elapsed time in solve driver=       0.2904
  245 KSP Residual norm 9.477930370544e-08

Entering DMUMPS 5.6.2 from C interface with JOB, N =   3     1237277
      executing #MPI =    128 and #OMP =      2



 ****** SOLVE & CHECK STEP ********

 GLOBAL STATISTICS PRIOR SOLVE PHASE ...........
 Number of right-hand-sides                    =           1
 Blocking factor for multiple rhs              =           1
 ICNTL (9)                                     =           1
  --- (10)                                     =           0
  --- (11)                                     =           0
  --- (20)                                     =          10
  --- (21)                                     =           1
  --- (30)                                     =           0
  --- (35)                                     =           0
 WARNING: original distributed matrix is not allocated
 ** Rank of processor needing largest memory in solve     :       127
 ** Space in MBYTES used by this processor for solve      :       756
 ** Avg. Space in MBYTES per working proc during solve    :       405

 Leaving solve with ...
 Time to build/scatter RHS        =       0.001973
 Time in solution step (fwd/bwd)  =       0.138469
  .. Time in forward (fwd) step   =          0.073103
  .. Time in ScaLAPACK root       =          0.001577
  .. Time in backward (bwd) step  =          0.063761
 Time to gather solution(cent.sol)=       0.000000
 Time to copy/scale dist. solution=       0.000481

 Elapsed time in solve driver=       0.2896
  246 KSP Residual norm 9.329047490222e-08

Entering DMUMPS 5.6.2 from C interface with JOB, N =   3     1237277
      executing #MPI =    128 and #OMP =      2



 ****** SOLVE & CHECK STEP ********

 GLOBAL STATISTICS PRIOR SOLVE PHASE ...........
 Number of right-hand-sides                    =           1
 Blocking factor for multiple rhs              =           1
 ICNTL (9)                                     =           1
  --- (10)                                     =           0
  --- (11)                                     =           0
  --- (20)                                     =          10
  --- (21)                                     =           1
  --- (30)                                     =           0
  --- (35)                                     =           0
 WARNING: original distributed matrix is not allocated
 ** Rank of processor needing largest memory in solve     :       127
 ** Space in MBYTES used by this processor for solve      :       756
 ** Avg. Space in MBYTES per working proc during solve    :       405

 Leaving solve with ...
 Time to build/scatter RHS        =       0.001944
 Time in solution step (fwd/bwd)  =       0.139839
  .. Time in forward (fwd) step   =          0.074321
  .. Time in ScaLAPACK root       =          0.001578
  .. Time in backward (bwd) step  =          0.063917
 Time to gather solution(cent.sol)=       0.000000
 Time to copy/scale dist. solution=       0.000487

 Elapsed time in solve driver=       0.2995
  247 KSP Residual norm 9.186967269147e-08

Entering DMUMPS 5.6.2 from C interface with JOB, N =   3     1237277
      executing #MPI =    128 and #OMP =      2



 ****** SOLVE & CHECK STEP ********

 GLOBAL STATISTICS PRIOR SOLVE PHASE ...........
 Number of right-hand-sides                    =           1
 Blocking factor for multiple rhs              =           1
 ICNTL (9)                                     =           1
  --- (10)                                     =           0
  --- (11)                                     =           0
  --- (20)                                     =          10
  --- (21)                                     =           1
  --- (30)                                     =           0
  --- (35)                                     =           0
 WARNING: original distributed matrix is not allocated
 ** Rank of processor needing largest memory in solve     :       127
 ** Space in MBYTES used by this processor for solve      :       756
 ** Avg. Space in MBYTES per working proc during solve    :       405

 Leaving solve with ...
 Time to build/scatter RHS        =       0.001953
 Time in solution step (fwd/bwd)  =       0.138903
  .. Time in forward (fwd) step   =          0.073226
  .. Time in ScaLAPACK root       =          0.001563
  .. Time in backward (bwd) step  =          0.064097
 Time to gather solution(cent.sol)=       0.000000
 Time to copy/scale dist. solution=       0.000470

 Elapsed time in solve driver=       0.2923
  248 KSP Residual norm 9.051186989985e-08

Entering DMUMPS 5.6.2 from C interface with JOB, N =   3     1237277
      executing #MPI =    128 and #OMP =      2



 ****** SOLVE & CHECK STEP ********

 GLOBAL STATISTICS PRIOR SOLVE PHASE ...........
 Number of right-hand-sides                    =           1
 Blocking factor for multiple rhs              =           1
 ICNTL (9)                                     =           1
  --- (10)                                     =           0
  --- (11)                                     =           0
  --- (20)                                     =          10
  --- (21)                                     =           1
  --- (30)                                     =           0
  --- (35)                                     =           0
 WARNING: original distributed matrix is not allocated
 ** Rank of processor needing largest memory in solve     :       127
 ** Space in MBYTES used by this processor for solve      :       756
 ** Avg. Space in MBYTES per working proc during solve    :       405

 Leaving solve with ...
 Time to build/scatter RHS        =       0.002144
 Time in solution step (fwd/bwd)  =       0.137928
  .. Time in forward (fwd) step   =          0.073298
  .. Time in ScaLAPACK root       =          0.001589
  .. Time in backward (bwd) step  =          0.063023
 Time to gather solution(cent.sol)=       0.000000
 Time to copy/scale dist. solution=       0.000487

 Elapsed time in solve driver=       0.2915
  249 KSP Residual norm 8.921254419681e-08

Entering DMUMPS 5.6.2 from C interface with JOB, N =   3     1237277
      executing #MPI =    128 and #OMP =      2



 ****** SOLVE & CHECK STEP ********

 GLOBAL STATISTICS PRIOR SOLVE PHASE ...........
 Number of right-hand-sides                    =           1
 Blocking factor for multiple rhs              =           1
 ICNTL (9)                                     =           1
  --- (10)                                     =           0
  --- (11)                                     =           0
  --- (20)                                     =          10
  --- (21)                                     =           1
  --- (30)                                     =           0
  --- (35)                                     =           0
 WARNING: original distributed matrix is not allocated
 ** Rank of processor needing largest memory in solve     :       127
 ** Space in MBYTES used by this processor for solve      :       756
 ** Avg. Space in MBYTES per working proc during solve    :       405

 Leaving solve with ...
 Time to build/scatter RHS        =       0.001886
 Time in solution step (fwd/bwd)  =       0.135879
  .. Time in forward (fwd) step   =          0.072707
  .. Time in ScaLAPACK root       =          0.001602
  .. Time in backward (bwd) step  =          0.061549
 Time to gather solution(cent.sol)=       0.000000
 Time to copy/scale dist. solution=       0.000489

 Elapsed time in solve driver=       0.2888
  250 KSP Residual norm 8.796761522144e-08

Entering DMUMPS 5.6.2 from C interface with JOB, N =   3     1237277
      executing #MPI =    128 and #OMP =      2



 ****** SOLVE & CHECK STEP ********

 GLOBAL STATISTICS PRIOR SOLVE PHASE ...........
 Number of right-hand-sides                    =           1
 Blocking factor for multiple rhs              =           1
 ICNTL (9)                                     =           1
  --- (10)                                     =           0
  --- (11)                                     =           0
  --- (20)                                     =          10
  --- (21)                                     =           1
  --- (30)                                     =           0
  --- (35)                                     =           0
 WARNING: original distributed matrix is not allocated
 ** Rank of processor needing largest memory in solve     :       127
 ** Space in MBYTES used by this processor for solve      :       756
 ** Avg. Space in MBYTES per working proc during solve    :       405

 Leaving solve with ...
 Time to build/scatter RHS        =       0.001982
 Time in solution step (fwd/bwd)  =       0.136188
  .. Time in forward (fwd) step   =          0.073836
  .. Time in ScaLAPACK root       =          0.001568
  .. Time in backward (bwd) step  =          0.060766
 Time to gather solution(cent.sol)=       0.000000
 Time to copy/scale dist. solution=       0.000501

 Elapsed time in solve driver=       0.2928
  251 KSP Residual norm 8.677339033380e-08

Entering DMUMPS 5.6.2 from C interface with JOB, N =   3     1237277
      executing #MPI =    128 and #OMP =      2



 ****** SOLVE & CHECK STEP ********

 GLOBAL STATISTICS PRIOR SOLVE PHASE ...........
 Number of right-hand-sides                    =           1
 Blocking factor for multiple rhs              =           1
 ICNTL (9)                                     =           1
  --- (10)                                     =           0
  --- (11)                                     =           0
  --- (20)                                     =          10
  --- (21)                                     =           1
  --- (30)                                     =           0
  --- (35)                                     =           0
 WARNING: original distributed matrix is not allocated
 ** Rank of processor needing largest memory in solve     :       127
 ** Space in MBYTES used by this processor for solve      :       756
 ** Avg. Space in MBYTES per working proc during solve    :       405

 Leaving solve with ...
 Time to build/scatter RHS        =       0.002003
 Time in solution step (fwd/bwd)  =       0.136385
  .. Time in forward (fwd) step   =          0.073653
  .. Time in ScaLAPACK root       =          0.001551
  .. Time in backward (bwd) step  =          0.061161
 Time to gather solution(cent.sol)=       0.000000
 Time to copy/scale dist. solution=       0.000501

 Elapsed time in solve driver=       0.2920
  252 KSP Residual norm 8.562651859322e-08

Entering DMUMPS 5.6.2 from C interface with JOB, N =   3     1237277
      executing #MPI =    128 and #OMP =      2



 ****** SOLVE & CHECK STEP ********

 GLOBAL STATISTICS PRIOR SOLVE PHASE ...........
 Number of right-hand-sides                    =           1
 Blocking factor for multiple rhs              =           1
 ICNTL (9)                                     =           1
  --- (10)                                     =           0
  --- (11)                                     =           0
  --- (20)                                     =          10
  --- (21)                                     =           1
  --- (30)                                     =           0
  --- (35)                                     =           0
 WARNING: original distributed matrix is not allocated
 ** Rank of processor needing largest memory in solve     :       127
 ** Space in MBYTES used by this processor for solve      :       756
 ** Avg. Space in MBYTES per working proc during solve    :       405

 Leaving solve with ...
 Time to build/scatter RHS        =       0.002267
 Time in solution step (fwd/bwd)  =       0.136954
  .. Time in forward (fwd) step   =          0.073072
  .. Time in ScaLAPACK root       =          0.001560
  .. Time in backward (bwd) step  =          0.062293
 Time to gather solution(cent.sol)=       0.000000
 Time to copy/scale dist. solution=       0.000488

 Elapsed time in solve driver=       0.2952
  253 KSP Residual norm 8.452395111088e-08

Entering DMUMPS 5.6.2 from C interface with JOB, N =   3     1237277
      executing #MPI =    128 and #OMP =      2



 ****** SOLVE & CHECK STEP ********

 GLOBAL STATISTICS PRIOR SOLVE PHASE ...........
 Number of right-hand-sides                    =           1
 Blocking factor for multiple rhs              =           1
 ICNTL (9)                                     =           1
  --- (10)                                     =           0
  --- (11)                                     =           0
  --- (20)                                     =          10
  --- (21)                                     =           1
  --- (30)                                     =           0
  --- (35)                                     =           0
 WARNING: original distributed matrix is not allocated
 ** Rank of processor needing largest memory in solve     :       127
 ** Space in MBYTES used by this processor for solve      :       756
 ** Avg. Space in MBYTES per working proc during solve    :       405

 Leaving solve with ...
 Time to build/scatter RHS        =       0.002101
 Time in solution step (fwd/bwd)  =       0.137306
  .. Time in forward (fwd) step   =          0.073372
  .. Time in ScaLAPACK root       =          0.001580
  .. Time in backward (bwd) step  =          0.062292
 Time to gather solution(cent.sol)=       0.000000
 Time to copy/scale dist. solution=       0.000486

 Elapsed time in solve driver=       0.2874
  254 KSP Residual norm 8.346290693835e-08

Entering DMUMPS 5.6.2 from C interface with JOB, N =   3     1237277
      executing #MPI =    128 and #OMP =      2



 ****** SOLVE & CHECK STEP ********

 GLOBAL STATISTICS PRIOR SOLVE PHASE ...........
 Number of right-hand-sides                    =           1
 Blocking factor for multiple rhs              =           1
 ICNTL (9)                                     =           1
  --- (10)                                     =           0
  --- (11)                                     =           0
  --- (20)                                     =          10
  --- (21)                                     =           1
  --- (30)                                     =           0
  --- (35)                                     =           0
 WARNING: original distributed matrix is not allocated
 ** Rank of processor needing largest memory in solve     :       127
 ** Space in MBYTES used by this processor for solve      :       756
 ** Avg. Space in MBYTES per working proc during solve    :       405

 Leaving solve with ...
 Time to build/scatter RHS        =       0.001966
 Time in solution step (fwd/bwd)  =       0.137656
  .. Time in forward (fwd) step   =          0.073212
  .. Time in ScaLAPACK root       =          0.001576
  .. Time in backward (bwd) step  =          0.062847
 Time to gather solution(cent.sol)=       0.000000
 Time to copy/scale dist. solution=       0.000493

 Elapsed time in solve driver=       0.2994
  255 KSP Residual norm 8.244084352726e-08

Entering DMUMPS 5.6.2 from C interface with JOB, N =   3     1237277
      executing #MPI =    128 and #OMP =      2



 ****** SOLVE & CHECK STEP ********

 GLOBAL STATISTICS PRIOR SOLVE PHASE ...........
 Number of right-hand-sides                    =           1
 Blocking factor for multiple rhs              =           1
 ICNTL (9)                                     =           1
  --- (10)                                     =           0
  --- (11)                                     =           0
  --- (20)                                     =          10
  --- (21)                                     =           1
  --- (30)                                     =           0
  --- (35)                                     =           0
 WARNING: original distributed matrix is not allocated
 ** Rank of processor needing largest memory in solve     :       127
 ** Space in MBYTES used by this processor for solve      :       756
 ** Avg. Space in MBYTES per working proc during solve    :       405

 Leaving solve with ...
 Time to build/scatter RHS        =       0.001935
 Time in solution step (fwd/bwd)  =       0.137380
  .. Time in forward (fwd) step   =          0.074375
  .. Time in ScaLAPACK root       =          0.001608
  .. Time in backward (bwd) step  =          0.061378
 Time to gather solution(cent.sol)=       0.000000
 Time to copy/scale dist. solution=       0.000486

 Elapsed time in solve driver=       0.2983
  256 KSP Residual norm 8.145543108310e-08

Entering DMUMPS 5.6.2 from C interface with JOB, N =   3     1237277
      executing #MPI =    128 and #OMP =      2



 ****** SOLVE & CHECK STEP ********

 GLOBAL STATISTICS PRIOR SOLVE PHASE ...........
 Number of right-hand-sides                    =           1
 Blocking factor for multiple rhs              =           1
 ICNTL (9)                                     =           1
  --- (10)                                     =           0
  --- (11)                                     =           0
  --- (20)                                     =          10
  --- (21)                                     =           1
  --- (30)                                     =           0
  --- (35)                                     =           0
 WARNING: original distributed matrix is not allocated
 ** Rank of processor needing largest memory in solve     :       127
 ** Space in MBYTES used by this processor for solve      :       756
 ** Avg. Space in MBYTES per working proc during solve    :       405

 Leaving solve with ...
 Time to build/scatter RHS        =       0.001923
 Time in solution step (fwd/bwd)  =       0.138347
  .. Time in forward (fwd) step   =          0.073119
  .. Time in ScaLAPACK root       =          0.001571
  .. Time in backward (bwd) step  =          0.063637
 Time to gather solution(cent.sol)=       0.000000
 Time to copy/scale dist. solution=       0.000492

 Elapsed time in solve driver=       0.2959
  257 KSP Residual norm 8.050453020902e-08

Entering DMUMPS 5.6.2 from C interface with JOB, N =   3     1237277
      executing #MPI =    128 and #OMP =      2



 ****** SOLVE & CHECK STEP ********

 GLOBAL STATISTICS PRIOR SOLVE PHASE ...........
 Number of right-hand-sides                    =           1
 Blocking factor for multiple rhs              =           1
 ICNTL (9)                                     =           1
  --- (10)                                     =           0
  --- (11)                                     =           0
  --- (20)                                     =          10
  --- (21)                                     =           1
  --- (30)                                     =           0
  --- (35)                                     =           0
 WARNING: original distributed matrix is not allocated
 ** Rank of processor needing largest memory in solve     :       127
 ** Space in MBYTES used by this processor for solve      :       756
 ** Avg. Space in MBYTES per working proc during solve    :       405

 Leaving solve with ...
 Time to build/scatter RHS        =       0.002055
 Time in solution step (fwd/bwd)  =       0.138299
  .. Time in forward (fwd) step   =          0.074215
  .. Time in ScaLAPACK root       =          0.001563
  .. Time in backward (bwd) step  =          0.062498
 Time to gather solution(cent.sol)=       0.000000
 Time to copy/scale dist. solution=       0.000487

 Elapsed time in solve driver=       0.2937
  258 KSP Residual norm 7.958617235672e-08

Entering DMUMPS 5.6.2 from C interface with JOB, N =   3     1237277
      executing #MPI =    128 and #OMP =      2



 ****** SOLVE & CHECK STEP ********

 GLOBAL STATISTICS PRIOR SOLVE PHASE ...........
 Number of right-hand-sides                    =           1
 Blocking factor for multiple rhs              =           1
 ICNTL (9)                                     =           1
  --- (10)                                     =           0
  --- (11)                                     =           0
  --- (20)                                     =          10
  --- (21)                                     =           1
  --- (30)                                     =           0
  --- (35)                                     =           0
 WARNING: original distributed matrix is not allocated
 ** Rank of processor needing largest memory in solve     :       127
 ** Space in MBYTES used by this processor for solve      :       756
 ** Avg. Space in MBYTES per working proc during solve    :       405

 Leaving solve with ...
 Time to build/scatter RHS        =       0.002047
 Time in solution step (fwd/bwd)  =       0.135775
  .. Time in forward (fwd) step   =          0.072821
  .. Time in ScaLAPACK root       =          0.001594
  .. Time in backward (bwd) step  =          0.061339
 Time to gather solution(cent.sol)=       0.000000
 Time to copy/scale dist. solution=       0.000494

 Elapsed time in solve driver=       0.2938
  259 KSP Residual norm 7.869854267539e-08

Entering DMUMPS 5.6.2 from C interface with JOB, N =   3     1237277
      executing #MPI =    128 and #OMP =      2



 ****** SOLVE & CHECK STEP ********

 GLOBAL STATISTICS PRIOR SOLVE PHASE ...........
 Number of right-hand-sides                    =           1
 Blocking factor for multiple rhs              =           1
 ICNTL (9)                                     =           1
  --- (10)                                     =           0
  --- (11)                                     =           0
  --- (20)                                     =          10
  --- (21)                                     =           1
  --- (30)                                     =           0
  --- (35)                                     =           0
 WARNING: original distributed matrix is not allocated
 ** Rank of processor needing largest memory in solve     :       127
 ** Space in MBYTES used by this processor for solve      :       756
 ** Avg. Space in MBYTES per working proc during solve    :       405

 Leaving solve with ...
 Time to build/scatter RHS        =       0.010666
 Time in solution step (fwd/bwd)  =       0.190320
  .. Time in forward (fwd) step   =          0.124886
  .. Time in ScaLAPACK root       =          0.001560
  .. Time in backward (bwd) step  =          0.063842
 Time to gather solution(cent.sol)=       0.000000
 Time to copy/scale dist. solution=       0.000642

 Elapsed time in solve driver=       0.3529
  260 KSP Residual norm 7.783996491934e-08

Entering DMUMPS 5.6.2 from C interface with JOB, N =   3     1237277
      executing #MPI =    128 and #OMP =      2



 ****** SOLVE & CHECK STEP ********

 GLOBAL STATISTICS PRIOR SOLVE PHASE ...........
 Number of right-hand-sides                    =           1
 Blocking factor for multiple rhs              =           1
 ICNTL (9)                                     =           1
  --- (10)                                     =           0
  --- (11)                                     =           0
  --- (20)                                     =          10
  --- (21)                                     =           1
  --- (30)                                     =           0
  --- (35)                                     =           0
 WARNING: original distributed matrix is not allocated
 ** Rank of processor needing largest memory in solve     :       127
 ** Space in MBYTES used by this processor for solve      :       756
 ** Avg. Space in MBYTES per working proc during solve    :       405

 Leaving solve with ...
 Time to build/scatter RHS        =       0.002050
 Time in solution step (fwd/bwd)  =       0.136152
  .. Time in forward (fwd) step   =          0.073205
  .. Time in ScaLAPACK root       =          0.001540
  .. Time in backward (bwd) step  =          0.061384
 Time to gather solution(cent.sol)=       0.000000
 Time to copy/scale dist. solution=       0.000482

 Elapsed time in solve driver=       0.2919
  261 KSP Residual norm 7.700888812828e-08

Entering DMUMPS 5.6.2 from C interface with JOB, N =   3     1237277
      executing #MPI =    128 and #OMP =      2



 ****** SOLVE & CHECK STEP ********

 GLOBAL STATISTICS PRIOR SOLVE PHASE ...........
 Number of right-hand-sides                    =           1
 Blocking factor for multiple rhs              =           1
 ICNTL (9)                                     =           1
  --- (10)                                     =           0
  --- (11)                                     =           0
  --- (20)                                     =          10
  --- (21)                                     =           1
  --- (30)                                     =           0
  --- (35)                                     =           0
 WARNING: original distributed matrix is not allocated
 ** Rank of processor needing largest memory in solve     :       127
 ** Space in MBYTES used by this processor for solve      :       756
 ** Avg. Space in MBYTES per working proc during solve    :       405

 Leaving solve with ...
 Time to build/scatter RHS        =       0.002005
 Time in solution step (fwd/bwd)  =       0.140529
  .. Time in forward (fwd) step   =          0.074975
  .. Time in ScaLAPACK root       =          0.001574
  .. Time in backward (bwd) step  =          0.063953
 Time to gather solution(cent.sol)=       0.000000
 Time to copy/scale dist. solution=       0.000483

 Elapsed time in solve driver=       0.2947
  262 KSP Residual norm 7.620387483930e-08

Entering DMUMPS 5.6.2 from C interface with JOB, N =   3     1237277
      executing #MPI =    128 and #OMP =      2



 ****** SOLVE & CHECK STEP ********

 GLOBAL STATISTICS PRIOR SOLVE PHASE ...........
 Number of right-hand-sides                    =           1
 Blocking factor for multiple rhs              =           1
 ICNTL (9)                                     =           1
  --- (10)                                     =           0
  --- (11)                                     =           0
  --- (20)                                     =          10
  --- (21)                                     =           1
  --- (30)                                     =           0
  --- (35)                                     =           0
 WARNING: original distributed matrix is not allocated
 ** Rank of processor needing largest memory in solve     :       127
 ** Space in MBYTES used by this processor for solve      :       756
 ** Avg. Space in MBYTES per working proc during solve    :       405

 Leaving solve with ...
 Time to build/scatter RHS        =       0.002230
 Time in solution step (fwd/bwd)  =       0.137533
  .. Time in forward (fwd) step   =          0.073572
  .. Time in ScaLAPACK root       =          0.001552
  .. Time in backward (bwd) step  =          0.062389
 Time to gather solution(cent.sol)=       0.000000
 Time to copy/scale dist. solution=       0.000483

 Elapsed time in solve driver=       0.2947
  263 KSP Residual norm 7.542359062681e-08

Entering DMUMPS 5.6.2 from C interface with JOB, N =   3     1237277
      executing #MPI =    128 and #OMP =      2



 ****** SOLVE & CHECK STEP ********

 GLOBAL STATISTICS PRIOR SOLVE PHASE ...........
 Number of right-hand-sides                    =           1
 Blocking factor for multiple rhs              =           1
 ICNTL (9)                                     =           1
  --- (10)                                     =           0
  --- (11)                                     =           0
  --- (20)                                     =          10
  --- (21)                                     =           1
  --- (30)                                     =           0
  --- (35)                                     =           0
 WARNING: original distributed matrix is not allocated
 ** Rank of processor needing largest memory in solve     :       127
 ** Space in MBYTES used by this processor for solve      :       756
 ** Avg. Space in MBYTES per working proc during solve    :       405

 Leaving solve with ...
 Time to build/scatter RHS        =       0.002186
 Time in solution step (fwd/bwd)  =       0.137214
  .. Time in forward (fwd) step   =          0.074115
  .. Time in ScaLAPACK root       =          0.001599
  .. Time in backward (bwd) step  =          0.061478
 Time to gather solution(cent.sol)=       0.000000
 Time to copy/scale dist. solution=       0.000487

 Elapsed time in solve driver=       0.2954
  264 KSP Residual norm 7.466679479700e-08

Entering DMUMPS 5.6.2 from C interface with JOB, N =   3     1237277
      executing #MPI =    128 and #OMP =      2



 ****** SOLVE & CHECK STEP ********

 GLOBAL STATISTICS PRIOR SOLVE PHASE ...........
 Number of right-hand-sides                    =           1
 Blocking factor for multiple rhs              =           1
 ICNTL (9)                                     =           1
  --- (10)                                     =           0
  --- (11)                                     =           0
  --- (20)                                     =          10
  --- (21)                                     =           1
  --- (30)                                     =           0
  --- (35)                                     =           0
 WARNING: original distributed matrix is not allocated
 ** Rank of processor needing largest memory in solve     :       127
 ** Space in MBYTES used by this processor for solve      :       756
 ** Avg. Space in MBYTES per working proc during solve    :       405

 Leaving solve with ...
 Time to build/scatter RHS        =       0.002086
 Time in solution step (fwd/bwd)  =       0.138203
  .. Time in forward (fwd) step   =          0.072925
  .. Time in ScaLAPACK root       =          0.001579
  .. Time in backward (bwd) step  =          0.063679
 Time to gather solution(cent.sol)=       0.000000
 Time to copy/scale dist. solution=       0.000497

 Elapsed time in solve driver=       0.2912
  265 KSP Residual norm 7.393233208934e-08

Entering DMUMPS 5.6.2 from C interface with JOB, N =   3     1237277
      executing #MPI =    128 and #OMP =      2



 ****** SOLVE & CHECK STEP ********

 GLOBAL STATISTICS PRIOR SOLVE PHASE ...........
 Number of right-hand-sides                    =           1
 Blocking factor for multiple rhs              =           1
 ICNTL (9)                                     =           1
  --- (10)                                     =           0
  --- (11)                                     =           0
  --- (20)                                     =          10
  --- (21)                                     =           1
  --- (30)                                     =           0
  --- (35)                                     =           0
 WARNING: original distributed matrix is not allocated
 ** Rank of processor needing largest memory in solve     :       127
 ** Space in MBYTES used by this processor for solve      :       756
 ** Avg. Space in MBYTES per working proc during solve    :       405

 Leaving solve with ...
 Time to build/scatter RHS        =       0.002084
 Time in solution step (fwd/bwd)  =       0.137796
  .. Time in forward (fwd) step   =          0.073302
  .. Time in ScaLAPACK root       =          0.001571
  .. Time in backward (bwd) step  =          0.062904
 Time to gather solution(cent.sol)=       0.000000
 Time to copy/scale dist. solution=       0.000495

 Elapsed time in solve driver=       0.2932
  266 KSP Residual norm 7.321912525869e-08

Entering DMUMPS 5.6.2 from C interface with JOB, N =   3     1237277
      executing #MPI =    128 and #OMP =      2



 ****** SOLVE & CHECK STEP ********

 GLOBAL STATISTICS PRIOR SOLVE PHASE ...........
 Number of right-hand-sides                    =           1
 Blocking factor for multiple rhs              =           1
 ICNTL (9)                                     =           1
  --- (10)                                     =           0
  --- (11)                                     =           0
  --- (20)                                     =          10
  --- (21)                                     =           1
  --- (30)                                     =           0
  --- (35)                                     =           0
 WARNING: original distributed matrix is not allocated
 ** Rank of processor needing largest memory in solve     :       127
 ** Space in MBYTES used by this processor for solve      :       756
 ** Avg. Space in MBYTES per working proc during solve    :       405

 Leaving solve with ...
 Time to build/scatter RHS        =       0.001912
 Time in solution step (fwd/bwd)  =       0.137511
  .. Time in forward (fwd) step   =          0.073344
  .. Time in ScaLAPACK root       =          0.001571
  .. Time in backward (bwd) step  =          0.062572
 Time to gather solution(cent.sol)=       0.000000
 Time to copy/scale dist. solution=       0.000489

 Elapsed time in solve driver=       0.2935
  267 KSP Residual norm 7.252616842972e-08

Entering DMUMPS 5.6.2 from C interface with JOB, N =   3     1237277
      executing #MPI =    128 and #OMP =      2



 ****** SOLVE & CHECK STEP ********

 GLOBAL STATISTICS PRIOR SOLVE PHASE ...........
 Number of right-hand-sides                    =           1
 Blocking factor for multiple rhs              =           1
 ICNTL (9)                                     =           1
  --- (10)                                     =           0
  --- (11)                                     =           0
  --- (20)                                     =          10
  --- (21)                                     =           1
  --- (30)                                     =           0
  --- (35)                                     =           0
 WARNING: original distributed matrix is not allocated
 ** Rank of processor needing largest memory in solve     :       127
 ** Space in MBYTES used by this processor for solve      :       756
 ** Avg. Space in MBYTES per working proc during solve    :       405

 Leaving solve with ...
 Time to build/scatter RHS        =       0.002127
 Time in solution step (fwd/bwd)  =       0.135698
  .. Time in forward (fwd) step   =          0.073526
  .. Time in ScaLAPACK root       =          0.001551
  .. Time in backward (bwd) step  =          0.060600
 Time to gather solution(cent.sol)=       0.000000
 Time to copy/scale dist. solution=       0.000493

 Elapsed time in solve driver=       0.2904
  268 KSP Residual norm 7.185252113041e-08

Entering DMUMPS 5.6.2 from C interface with JOB, N =   3     1237277
      executing #MPI =    128 and #OMP =      2



 ****** SOLVE & CHECK STEP ********

 GLOBAL STATISTICS PRIOR SOLVE PHASE ...........
 Number of right-hand-sides                    =           1
 Blocking factor for multiple rhs              =           1
 ICNTL (9)                                     =           1
  --- (10)                                     =           0
  --- (11)                                     =           0
  --- (20)                                     =          10
  --- (21)                                     =           1
  --- (30)                                     =           0
  --- (35)                                     =           0
 WARNING: original distributed matrix is not allocated
 ** Rank of processor needing largest memory in solve     :       127
 ** Space in MBYTES used by this processor for solve      :       756
 ** Avg. Space in MBYTES per working proc during solve    :       405

 Leaving solve with ...
 Time to build/scatter RHS        =       0.002044
 Time in solution step (fwd/bwd)  =       0.136217
  .. Time in forward (fwd) step   =          0.072749
  .. Time in ScaLAPACK root       =          0.001594
  .. Time in backward (bwd) step  =          0.061848
 Time to gather solution(cent.sol)=       0.000000
 Time to copy/scale dist. solution=       0.000490

 Elapsed time in solve driver=       0.2888
  269 KSP Residual norm 7.119730292408e-08

Entering DMUMPS 5.6.2 from C interface with JOB, N =   3     1237277
      executing #MPI =    128 and #OMP =      2



 ****** SOLVE & CHECK STEP ********

 GLOBAL STATISTICS PRIOR SOLVE PHASE ...........
 Number of right-hand-sides                    =           1
 Blocking factor for multiple rhs              =           1
 ICNTL (9)                                     =           1
  --- (10)                                     =           0
  --- (11)                                     =           0
  --- (20)                                     =          10
  --- (21)                                     =           1
  --- (30)                                     =           0
  --- (35)                                     =           0
 WARNING: original distributed matrix is not allocated
 ** Rank of processor needing largest memory in solve     :       127
 ** Space in MBYTES used by this processor for solve      :       756
 ** Avg. Space in MBYTES per working proc during solve    :       405

 Leaving solve with ...
 Time to build/scatter RHS        =       0.002048
 Time in solution step (fwd/bwd)  =       0.137811
  .. Time in forward (fwd) step   =          0.073537
  .. Time in ScaLAPACK root       =          0.001582
  .. Time in backward (bwd) step  =          0.062674
 Time to gather solution(cent.sol)=       0.000000
 Time to copy/scale dist. solution=       0.000502

 Elapsed time in solve driver=       0.2914
  270 KSP Residual norm 7.055968857017e-08

Entering DMUMPS 5.6.2 from C interface with JOB, N =   3     1237277
      executing #MPI =    128 and #OMP =      2



 ****** SOLVE & CHECK STEP ********

 GLOBAL STATISTICS PRIOR SOLVE PHASE ...........
 Number of right-hand-sides                    =           1
 Blocking factor for multiple rhs              =           1
 ICNTL (9)                                     =           1
  --- (10)                                     =           0
  --- (11)                                     =           0
  --- (20)                                     =          10
  --- (21)                                     =           1
  --- (30)                                     =           0
  --- (35)                                     =           0
 WARNING: original distributed matrix is not allocated
 ** Rank of processor needing largest memory in solve     :       127
 ** Space in MBYTES used by this processor for solve      :       756
 ** Avg. Space in MBYTES per working proc during solve    :       405

 Leaving solve with ...
 Time to build/scatter RHS        =       0.001946
 Time in solution step (fwd/bwd)  =       0.137176
  .. Time in forward (fwd) step   =          0.074174
  .. Time in ScaLAPACK root       =          0.001557
  .. Time in backward (bwd) step  =          0.061420
 Time to gather solution(cent.sol)=       0.000000
 Time to copy/scale dist. solution=       0.000493

 Elapsed time in solve driver=       0.2933
  271 KSP Residual norm 6.993890365356e-08

Entering DMUMPS 5.6.2 from C interface with JOB, N =   3     1237277
      executing #MPI =    128 and #OMP =      2



 ****** SOLVE & CHECK STEP ********

 GLOBAL STATISTICS PRIOR SOLVE PHASE ...........
 Number of right-hand-sides                    =           1
 Blocking factor for multiple rhs              =           1
 ICNTL (9)                                     =           1
  --- (10)                                     =           0
  --- (11)                                     =           0
  --- (20)                                     =          10
  --- (21)                                     =           1
  --- (30)                                     =           0
  --- (35)                                     =           0
 WARNING: original distributed matrix is not allocated
 ** Rank of processor needing largest memory in solve     :       127
 ** Space in MBYTES used by this processor for solve      :       756
 ** Avg. Space in MBYTES per working proc during solve    :       405

 Leaving solve with ...
 Time to build/scatter RHS        =       0.002366
 Time in solution step (fwd/bwd)  =       0.136421
  .. Time in forward (fwd) step   =          0.073129
  .. Time in ScaLAPACK root       =          0.001563
  .. Time in backward (bwd) step  =          0.061707
 Time to gather solution(cent.sol)=       0.000000
 Time to copy/scale dist. solution=       0.000486

 Elapsed time in solve driver=       0.2942
  272 KSP Residual norm 6.933422062939e-08

Entering DMUMPS 5.6.2 from C interface with JOB, N =   3     1237277
      executing #MPI =    128 and #OMP =      2



 ****** SOLVE & CHECK STEP ********

 GLOBAL STATISTICS PRIOR SOLVE PHASE ...........
 Number of right-hand-sides                    =           1
 Blocking factor for multiple rhs              =           1
 ICNTL (9)                                     =           1
  --- (10)                                     =           0
  --- (11)                                     =           0
  --- (20)                                     =          10
  --- (21)                                     =           1
  --- (30)                                     =           0
  --- (35)                                     =           0
 WARNING: original distributed matrix is not allocated
 ** Rank of processor needing largest memory in solve     :       127
 ** Space in MBYTES used by this processor for solve      :       756
 ** Avg. Space in MBYTES per working proc during solve    :       405

 Leaving solve with ...
 Time to build/scatter RHS        =       0.002217
 Time in solution step (fwd/bwd)  =       0.138228
  .. Time in forward (fwd) step   =          0.074812
  .. Time in ScaLAPACK root       =          0.001546
  .. Time in backward (bwd) step  =          0.061852
 Time to gather solution(cent.sol)=       0.000000
 Time to copy/scale dist. solution=       0.000491

 Elapsed time in solve driver=       0.2922
  273 KSP Residual norm 6.874495523784e-08

Entering DMUMPS 5.6.2 from C interface with JOB, N =   3     1237277
      executing #MPI =    128 and #OMP =      2



 ****** SOLVE & CHECK STEP ********

 GLOBAL STATISTICS PRIOR SOLVE PHASE ...........
 Number of right-hand-sides                    =           1
 Blocking factor for multiple rhs              =           1
 ICNTL (9)                                     =           1
  --- (10)                                     =           0
  --- (11)                                     =           0
  --- (20)                                     =          10
  --- (21)                                     =           1
  --- (30)                                     =           0
  --- (35)                                     =           0
 WARNING: original distributed matrix is not allocated
 ** Rank of processor needing largest memory in solve     :       127
 ** Space in MBYTES used by this processor for solve      :       756
 ** Avg. Space in MBYTES per working proc during solve    :       405

 Leaving solve with ...
 Time to build/scatter RHS        =       0.002049
 Time in solution step (fwd/bwd)  =       0.137166
  .. Time in forward (fwd) step   =          0.073808
  .. Time in ScaLAPACK root       =          0.001564
  .. Time in backward (bwd) step  =          0.061767
 Time to gather solution(cent.sol)=       0.000000
 Time to copy/scale dist. solution=       0.000487

 Elapsed time in solve driver=       0.2909
  274 KSP Residual norm 6.817046324839e-08

Entering DMUMPS 5.6.2 from C interface with JOB, N =   3     1237277
      executing #MPI =    128 and #OMP =      2



 ****** SOLVE & CHECK STEP ********

 GLOBAL STATISTICS PRIOR SOLVE PHASE ...........
 Number of right-hand-sides                    =           1
 Blocking factor for multiple rhs              =           1
 ICNTL (9)                                     =           1
  --- (10)                                     =           0
  --- (11)                                     =           0
  --- (20)                                     =          10
  --- (21)                                     =           1
  --- (30)                                     =           0
  --- (35)                                     =           0
 WARNING: original distributed matrix is not allocated
 ** Rank of processor needing largest memory in solve     :       127
 ** Space in MBYTES used by this processor for solve      :       756
 ** Avg. Space in MBYTES per working proc during solve    :       405

 Leaving solve with ...
 Time to build/scatter RHS        =       0.002183
 Time in solution step (fwd/bwd)  =       0.137278
  .. Time in forward (fwd) step   =          0.073168
  .. Time in ScaLAPACK root       =          0.001563
  .. Time in backward (bwd) step  =          0.062528
 Time to gather solution(cent.sol)=       0.000000
 Time to copy/scale dist. solution=       0.000485

 Elapsed time in solve driver=       0.2902
  275 KSP Residual norm 6.761013749847e-08

Entering DMUMPS 5.6.2 from C interface with JOB, N =   3     1237277
      executing #MPI =    128 and #OMP =      2



 ****** SOLVE & CHECK STEP ********

 GLOBAL STATISTICS PRIOR SOLVE PHASE ...........
 Number of right-hand-sides                    =           1
 Blocking factor for multiple rhs              =           1
 ICNTL (9)                                     =           1
  --- (10)                                     =           0
  --- (11)                                     =           0
  --- (20)                                     =          10
  --- (21)                                     =           1
  --- (30)                                     =           0
  --- (35)                                     =           0
 WARNING: original distributed matrix is not allocated
 ** Rank of processor needing largest memory in solve     :       127
 ** Space in MBYTES used by this processor for solve      :       756
 ** Avg. Space in MBYTES per working proc during solve    :       405

 Leaving solve with ...
 Time to build/scatter RHS        =       0.001892
 Time in solution step (fwd/bwd)  =       0.140248
  .. Time in forward (fwd) step   =          0.073858
  .. Time in ScaLAPACK root       =          0.001559
  .. Time in backward (bwd) step  =          0.064812
 Time to gather solution(cent.sol)=       0.000000
 Time to copy/scale dist. solution=       0.000483

 Elapsed time in solve driver=       0.2998
  276 KSP Residual norm 6.706340519566e-08

Entering DMUMPS 5.6.2 from C interface with JOB, N =   3     1237277
      executing #MPI =    128 and #OMP =      2



 ****** SOLVE & CHECK STEP ********

 GLOBAL STATISTICS PRIOR SOLVE PHASE ...........
 Number of right-hand-sides                    =           1
 Blocking factor for multiple rhs              =           1
 ICNTL (9)                                     =           1
  --- (10)                                     =           0
  --- (11)                                     =           0
  --- (20)                                     =          10
  --- (21)                                     =           1
  --- (30)                                     =           0
  --- (35)                                     =           0
 WARNING: original distributed matrix is not allocated
 ** Rank of processor needing largest memory in solve     :       127
 ** Space in MBYTES used by this processor for solve      :       756
 ** Avg. Space in MBYTES per working proc during solve    :       405

 Leaving solve with ...
 Time to build/scatter RHS        =       0.002058
 Time in solution step (fwd/bwd)  =       0.138599
  .. Time in forward (fwd) step   =          0.073490
  .. Time in ScaLAPACK root       =          0.001588
  .. Time in backward (bwd) step  =          0.063499
 Time to gather solution(cent.sol)=       0.000000
 Time to copy/scale dist. solution=       0.000485

 Elapsed time in solve driver=       0.2942
  277 KSP Residual norm 6.652972545588e-08

Entering DMUMPS 5.6.2 from C interface with JOB, N =   3     1237277
      executing #MPI =    128 and #OMP =      2



 ****** SOLVE & CHECK STEP ********

 GLOBAL STATISTICS PRIOR SOLVE PHASE ...........
 Number of right-hand-sides                    =           1
 Blocking factor for multiple rhs              =           1
 ICNTL (9)                                     =           1
  --- (10)                                     =           0
  --- (11)                                     =           0
  --- (20)                                     =          10
  --- (21)                                     =           1
  --- (30)                                     =           0
  --- (35)                                     =           0
 WARNING: original distributed matrix is not allocated
 ** Rank of processor needing largest memory in solve     :       127
 ** Space in MBYTES used by this processor for solve      :       756
 ** Avg. Space in MBYTES per working proc during solve    :       405

 Leaving solve with ...
 Time to build/scatter RHS        =       0.001988
 Time in solution step (fwd/bwd)  =       0.136820
  .. Time in forward (fwd) step   =          0.074105
  .. Time in ScaLAPACK root       =          0.001573
  .. Time in backward (bwd) step  =          0.061117
 Time to gather solution(cent.sol)=       0.000000
 Time to copy/scale dist. solution=       0.000491

 Elapsed time in solve driver=       0.2890
  278 KSP Residual norm 6.600858705386e-08

Entering DMUMPS 5.6.2 from C interface with JOB, N =   3     1237277
      executing #MPI =    128 and #OMP =      2



 ****** SOLVE & CHECK STEP ********

 GLOBAL STATISTICS PRIOR SOLVE PHASE ...........
 Number of right-hand-sides                    =           1
 Blocking factor for multiple rhs              =           1
 ICNTL (9)                                     =           1
  --- (10)                                     =           0
  --- (11)                                     =           0
  --- (20)                                     =          10
  --- (21)                                     =           1
  --- (30)                                     =           0
  --- (35)                                     =           0
 WARNING: original distributed matrix is not allocated
 ** Rank of processor needing largest memory in solve     :       127
 ** Space in MBYTES used by this processor for solve      :       756
 ** Avg. Space in MBYTES per working proc during solve    :       405

 Leaving solve with ...
 Time to build/scatter RHS        =       0.002002
 Time in solution step (fwd/bwd)  =       0.137792
  .. Time in forward (fwd) step   =          0.073388
  .. Time in ScaLAPACK root       =          0.001563
  .. Time in backward (bwd) step  =          0.062823
 Time to gather solution(cent.sol)=       0.000000
 Time to copy/scale dist. solution=       0.000499

 Elapsed time in solve driver=       0.2923
  279 KSP Residual norm 6.549950636437e-08

Entering DMUMPS 5.6.2 from C interface with JOB, N =   3     1237277
      executing #MPI =    128 and #OMP =      2



 ****** SOLVE & CHECK STEP ********

 GLOBAL STATISTICS PRIOR SOLVE PHASE ...........
 Number of right-hand-sides                    =           1
 Blocking factor for multiple rhs              =           1
 ICNTL (9)                                     =           1
  --- (10)                                     =           0
  --- (11)                                     =           0
  --- (20)                                     =          10
  --- (21)                                     =           1
  --- (30)                                     =           0
  --- (35)                                     =           0
 WARNING: original distributed matrix is not allocated
 ** Rank of processor needing largest memory in solve     :       127
 ** Space in MBYTES used by this processor for solve      :       756
 ** Avg. Space in MBYTES per working proc during solve    :       405

 Leaving solve with ...
 Time to build/scatter RHS        =       0.001996
 Time in solution step (fwd/bwd)  =       0.137516
  .. Time in forward (fwd) step   =          0.073642
  .. Time in ScaLAPACK root       =          0.001570
  .. Time in backward (bwd) step  =          0.062276
 Time to gather solution(cent.sol)=       0.000000
 Time to copy/scale dist. solution=       0.000488

 Elapsed time in solve driver=       0.2947
  280 KSP Residual norm 6.500202547552e-08

Entering DMUMPS 5.6.2 from C interface with JOB, N =   3     1237277
      executing #MPI =    128 and #OMP =      2



 ****** SOLVE & CHECK STEP ********

 GLOBAL STATISTICS PRIOR SOLVE PHASE ...........
 Number of right-hand-sides                    =           1
 Blocking factor for multiple rhs              =           1
 ICNTL (9)                                     =           1
  --- (10)                                     =           0
  --- (11)                                     =           0
  --- (20)                                     =          10
  --- (21)                                     =           1
  --- (30)                                     =           0
  --- (35)                                     =           0
 WARNING: original distributed matrix is not allocated
 ** Rank of processor needing largest memory in solve     :       127
 ** Space in MBYTES used by this processor for solve      :       756
 ** Avg. Space in MBYTES per working proc during solve    :       405

 Leaving solve with ...
 Time to build/scatter RHS        =       0.001993
 Time in solution step (fwd/bwd)  =       0.136338
  .. Time in forward (fwd) step   =          0.074052
  .. Time in ScaLAPACK root       =          0.001566
  .. Time in backward (bwd) step  =          0.060694
 Time to gather solution(cent.sol)=       0.000000
 Time to copy/scale dist. solution=       0.000488

 Elapsed time in solve driver=       0.2925
  281 KSP Residual norm 6.451571045733e-08

Entering DMUMPS 5.6.2 from C interface with JOB, N =   3     1237277
      executing #MPI =    128 and #OMP =      2



 ****** SOLVE & CHECK STEP ********

 GLOBAL STATISTICS PRIOR SOLVE PHASE ...........
 Number of right-hand-sides                    =           1
 Blocking factor for multiple rhs              =           1
 ICNTL (9)                                     =           1
  --- (10)                                     =           0
  --- (11)                                     =           0
  --- (20)                                     =          10
  --- (21)                                     =           1
  --- (30)                                     =           0
  --- (35)                                     =           0
 WARNING: original distributed matrix is not allocated
 ** Rank of processor needing largest memory in solve     :       127
 ** Space in MBYTES used by this processor for solve      :       756
 ** Avg. Space in MBYTES per working proc during solve    :       405

 Leaving solve with ...
 Time to build/scatter RHS        =       0.002078
 Time in solution step (fwd/bwd)  =       0.137607
  .. Time in forward (fwd) step   =          0.073826
  .. Time in ScaLAPACK root       =          0.001588
  .. Time in backward (bwd) step  =          0.062175
 Time to gather solution(cent.sol)=       0.000000
 Time to copy/scale dist. solution=       0.000485

 Elapsed time in solve driver=       0.2897
  282 KSP Residual norm 6.404014977064e-08

Entering DMUMPS 5.6.2 from C interface with JOB, N =   3     1237277
      executing #MPI =    128 and #OMP =      2



 ****** SOLVE & CHECK STEP ********

 GLOBAL STATISTICS PRIOR SOLVE PHASE ...........
 Number of right-hand-sides                    =           1
 Blocking factor for multiple rhs              =           1
 ICNTL (9)                                     =           1
  --- (10)                                     =           0
  --- (11)                                     =           0
  --- (20)                                     =          10
  --- (21)                                     =           1
  --- (30)                                     =           0
  --- (35)                                     =           0
 WARNING: original distributed matrix is not allocated
 ** Rank of processor needing largest memory in solve     :       127
 ** Space in MBYTES used by this processor for solve      :       756
 ** Avg. Space in MBYTES per working proc during solve    :       405

 Leaving solve with ...
 Time to build/scatter RHS        =       0.002180
 Time in solution step (fwd/bwd)  =       0.136925
  .. Time in forward (fwd) step   =          0.074117
  .. Time in ScaLAPACK root       =          0.001574
  .. Time in backward (bwd) step  =          0.061211
 Time to gather solution(cent.sol)=       0.000000
 Time to copy/scale dist. solution=       0.000484

 Elapsed time in solve driver=       0.2942
  283 KSP Residual norm 6.357495280321e-08

Entering DMUMPS 5.6.2 from C interface with JOB, N =   3     1237277
      executing #MPI =    128 and #OMP =      2



 ****** SOLVE & CHECK STEP ********

 GLOBAL STATISTICS PRIOR SOLVE PHASE ...........
 Number of right-hand-sides                    =           1
 Blocking factor for multiple rhs              =           1
 ICNTL (9)                                     =           1
  --- (10)                                     =           0
  --- (11)                                     =           0
  --- (20)                                     =          10
  --- (21)                                     =           1
  --- (30)                                     =           0
  --- (35)                                     =           0
 WARNING: original distributed matrix is not allocated
 ** Rank of processor needing largest memory in solve     :       127
 ** Space in MBYTES used by this processor for solve      :       756
 ** Avg. Space in MBYTES per working proc during solve    :       405

 Leaving solve with ...
 Time to build/scatter RHS        =       0.002076
 Time in solution step (fwd/bwd)  =       0.134595
  .. Time in forward (fwd) step   =          0.073072
  .. Time in ScaLAPACK root       =          0.001584
  .. Time in backward (bwd) step  =          0.059917
 Time to gather solution(cent.sol)=       0.000000
 Time to copy/scale dist. solution=       0.000482

 Elapsed time in solve driver=       0.2915
  284 KSP Residual norm 6.311974852117e-08

Entering DMUMPS 5.6.2 from C interface with JOB, N =   3     1237277
      executing #MPI =    128 and #OMP =      2



 ****** SOLVE & CHECK STEP ********

 GLOBAL STATISTICS PRIOR SOLVE PHASE ...........
 Number of right-hand-sides                    =           1
 Blocking factor for multiple rhs              =           1
 ICNTL (9)                                     =           1
  --- (10)                                     =           0
  --- (11)                                     =           0
  --- (20)                                     =          10
  --- (21)                                     =           1
  --- (30)                                     =           0
  --- (35)                                     =           0
 WARNING: original distributed matrix is not allocated
 ** Rank of processor needing largest memory in solve     :       127
 ** Space in MBYTES used by this processor for solve      :       756
 ** Avg. Space in MBYTES per working proc during solve    :       405

 Leaving solve with ...
 Time to build/scatter RHS        =       0.002081
 Time in solution step (fwd/bwd)  =       0.135544
  .. Time in forward (fwd) step   =          0.072912
  .. Time in ScaLAPACK root       =          0.001582
  .. Time in backward (bwd) step  =          0.061025
 Time to gather solution(cent.sol)=       0.000000
 Time to copy/scale dist. solution=       0.000494

 Elapsed time in solve driver=       0.2908
  285 KSP Residual norm 6.267418422508e-08

Entering DMUMPS 5.6.2 from C interface with JOB, N =   3     1237277
      executing #MPI =    128 and #OMP =      2



 ****** SOLVE & CHECK STEP ********

 GLOBAL STATISTICS PRIOR SOLVE PHASE ...........
 Number of right-hand-sides                    =           1
 Blocking factor for multiple rhs              =           1
 ICNTL (9)                                     =           1
  --- (10)                                     =           0
  --- (11)                                     =           0
  --- (20)                                     =          10
  --- (21)                                     =           1
  --- (30)                                     =           0
  --- (35)                                     =           0
 WARNING: original distributed matrix is not allocated
 ** Rank of processor needing largest memory in solve     :       127
 ** Space in MBYTES used by this processor for solve      :       756
 ** Avg. Space in MBYTES per working proc during solve    :       405

 Leaving solve with ...
 Time to build/scatter RHS        =       0.001946
 Time in solution step (fwd/bwd)  =       0.136821
  .. Time in forward (fwd) step   =          0.073900
  .. Time in ScaLAPACK root       =          0.001548
  .. Time in backward (bwd) step  =          0.061347
 Time to gather solution(cent.sol)=       0.000000
 Time to copy/scale dist. solution=       0.000490

 Elapsed time in solve driver=       0.2900
  286 KSP Residual norm 6.223792440133e-08

Entering DMUMPS 5.6.2 from C interface with JOB, N =   3     1237277
      executing #MPI =    128 and #OMP =      2



 ****** SOLVE & CHECK STEP ********

 GLOBAL STATISTICS PRIOR SOLVE PHASE ...........
 Number of right-hand-sides                    =           1
 Blocking factor for multiple rhs              =           1
 ICNTL (9)                                     =           1
  --- (10)                                     =           0
  --- (11)                                     =           0
  --- (20)                                     =          10
  --- (21)                                     =           1
  --- (30)                                     =           0
  --- (35)                                     =           0
 WARNING: original distributed matrix is not allocated
 ** Rank of processor needing largest memory in solve     :       127
 ** Space in MBYTES used by this processor for solve      :       756
 ** Avg. Space in MBYTES per working proc during solve    :       405

 Leaving solve with ...
 Time to build/scatter RHS        =       0.002119
 Time in solution step (fwd/bwd)  =       0.138926
  .. Time in forward (fwd) step   =          0.074299
  .. Time in ScaLAPACK root       =          0.001577
  .. Time in backward (bwd) step  =          0.063030
 Time to gather solution(cent.sol)=       0.000000
 Time to copy/scale dist. solution=       0.000495

 Elapsed time in solve driver=       0.2952
  287 KSP Residual norm 6.181064966022e-08

Entering DMUMPS 5.6.2 from C interface with JOB, N =   3     1237277
      executing #MPI =    128 and #OMP =      2



 ****** SOLVE & CHECK STEP ********

 GLOBAL STATISTICS PRIOR SOLVE PHASE ...........
 Number of right-hand-sides                    =           1
 Blocking factor for multiple rhs              =           1
 ICNTL (9)                                     =           1
  --- (10)                                     =           0
  --- (11)                                     =           0
  --- (20)                                     =          10
  --- (21)                                     =           1
  --- (30)                                     =           0
  --- (35)                                     =           0
 WARNING: original distributed matrix is not allocated
 ** Rank of processor needing largest memory in solve     :       127
 ** Space in MBYTES used by this processor for solve      :       756
 ** Avg. Space in MBYTES per working proc during solve    :       405

 Leaving solve with ...
 Time to build/scatter RHS        =       0.002049
 Time in solution step (fwd/bwd)  =       0.138590
  .. Time in forward (fwd) step   =          0.073526
  .. Time in ScaLAPACK root       =          0.001587
  .. Time in backward (bwd) step  =          0.063448
 Time to gather solution(cent.sol)=       0.000000
 Time to copy/scale dist. solution=       0.000487

 Elapsed time in solve driver=       0.2917
  288 KSP Residual norm 6.139205575322e-08

Entering DMUMPS 5.6.2 from C interface with JOB, N =   3     1237277
      executing #MPI =    128 and #OMP =      2



 ****** SOLVE & CHECK STEP ********

 GLOBAL STATISTICS PRIOR SOLVE PHASE ...........
 Number of right-hand-sides                    =           1
 Blocking factor for multiple rhs              =           1
 ICNTL (9)                                     =           1
  --- (10)                                     =           0
  --- (11)                                     =           0
  --- (20)                                     =          10
  --- (21)                                     =           1
  --- (30)                                     =           0
  --- (35)                                     =           0
 WARNING: original distributed matrix is not allocated
 ** Rank of processor needing largest memory in solve     :       127
 ** Space in MBYTES used by this processor for solve      :       756
 ** Avg. Space in MBYTES per working proc during solve    :       405

 Leaving solve with ...
 Time to build/scatter RHS        =       0.002006
 Time in solution step (fwd/bwd)  =       0.138011
  .. Time in forward (fwd) step   =          0.073174
  .. Time in ScaLAPACK root       =          0.001596
  .. Time in backward (bwd) step  =          0.063223
 Time to gather solution(cent.sol)=       0.000000
 Time to copy/scale dist. solution=       0.000479

 Elapsed time in solve driver=       0.2947
  289 KSP Residual norm 6.098185266240e-08

Entering DMUMPS 5.6.2 from C interface with JOB, N =   3     1237277
      executing #MPI =    128 and #OMP =      2



 ****** SOLVE & CHECK STEP ********

 GLOBAL STATISTICS PRIOR SOLVE PHASE ...........
 Number of right-hand-sides                    =           1
 Blocking factor for multiple rhs              =           1
 ICNTL (9)                                     =           1
  --- (10)                                     =           0
  --- (11)                                     =           0
  --- (20)                                     =          10
  --- (21)                                     =           1
  --- (30)                                     =           0
  --- (35)                                     =           0
 WARNING: original distributed matrix is not allocated
 ** Rank of processor needing largest memory in solve     :       127
 ** Space in MBYTES used by this processor for solve      :       756
 ** Avg. Space in MBYTES per working proc during solve    :       405

 Leaving solve with ...
 Time to build/scatter RHS        =       0.002040
 Time in solution step (fwd/bwd)  =       0.137114
  .. Time in forward (fwd) step   =          0.073275
  .. Time in ScaLAPACK root       =          0.001602
  .. Time in backward (bwd) step  =          0.062216
 Time to gather solution(cent.sol)=       0.000000
 Time to copy/scale dist. solution=       0.000480

 Elapsed time in solve driver=       0.2901
  290 KSP Residual norm 6.057976375593e-08

Entering DMUMPS 5.6.2 from C interface with JOB, N =   3     1237277
      executing #MPI =    128 and #OMP =      2



 ****** SOLVE & CHECK STEP ********

 GLOBAL STATISTICS PRIOR SOLVE PHASE ...........
 Number of right-hand-sides                    =           1
 Blocking factor for multiple rhs              =           1
 ICNTL (9)                                     =           1
  --- (10)                                     =           0
  --- (11)                                     =           0
  --- (20)                                     =          10
  --- (21)                                     =           1
  --- (30)                                     =           0
  --- (35)                                     =           0
 WARNING: original distributed matrix is not allocated
 ** Rank of processor needing largest memory in solve     :       127
 ** Space in MBYTES used by this processor for solve      :       756
 ** Avg. Space in MBYTES per working proc during solve    :       405

 Leaving solve with ...
 Time to build/scatter RHS        =       0.001963
 Time in solution step (fwd/bwd)  =       0.136556
  .. Time in forward (fwd) step   =          0.073524
  .. Time in ScaLAPACK root       =          0.001571
  .. Time in backward (bwd) step  =          0.061441
 Time to gather solution(cent.sol)=       0.000000
 Time to copy/scale dist. solution=       0.000480

 Elapsed time in solve driver=       0.2891
  291 KSP Residual norm 6.018552500402e-08

Entering DMUMPS 5.6.2 from C interface with JOB, N =   3     1237277
      executing #MPI =    128 and #OMP =      2



 ****** SOLVE & CHECK STEP ********

 GLOBAL STATISTICS PRIOR SOLVE PHASE ...........
 Number of right-hand-sides                    =           1
 Blocking factor for multiple rhs              =           1
 ICNTL (9)                                     =           1
  --- (10)                                     =           0
  --- (11)                                     =           0
  --- (20)                                     =          10
  --- (21)                                     =           1
  --- (30)                                     =           0
  --- (35)                                     =           0
 WARNING: original distributed matrix is not allocated
 ** Rank of processor needing largest memory in solve     :       127
 ** Space in MBYTES used by this processor for solve      :       756
 ** Avg. Space in MBYTES per working proc during solve    :       405

 Leaving solve with ...
 Time to build/scatter RHS        =       0.001949
 Time in solution step (fwd/bwd)  =       0.136921
  .. Time in forward (fwd) step   =          0.073452
  .. Time in ScaLAPACK root       =          0.001600
  .. Time in backward (bwd) step  =          0.061849
 Time to gather solution(cent.sol)=       0.000000
 Time to copy/scale dist. solution=       0.000492

 Elapsed time in solve driver=       0.2883
  292 KSP Residual norm 5.979888425033e-08

Entering DMUMPS 5.6.2 from C interface with JOB, N =   3     1237277
      executing #MPI =    128 and #OMP =      2



 ****** SOLVE & CHECK STEP ********

 GLOBAL STATISTICS PRIOR SOLVE PHASE ...........
 Number of right-hand-sides                    =           1
 Blocking factor for multiple rhs              =           1
 ICNTL (9)                                     =           1
  --- (10)                                     =           0
  --- (11)                                     =           0
  --- (20)                                     =          10
  --- (21)                                     =           1
  --- (30)                                     =           0
  --- (35)                                     =           0
 WARNING: original distributed matrix is not allocated
 ** Rank of processor needing largest memory in solve     :       127
 ** Space in MBYTES used by this processor for solve      :       756
 ** Avg. Space in MBYTES per working proc during solve    :       405

 Leaving solve with ...
 Time to build/scatter RHS        =       0.002285
 Time in solution step (fwd/bwd)  =       0.139219
  .. Time in forward (fwd) step   =          0.073928
  .. Time in ScaLAPACK root       =          0.001554
  .. Time in backward (bwd) step  =          0.063716
 Time to gather solution(cent.sol)=       0.000000
 Time to copy/scale dist. solution=       0.000477

 Elapsed time in solve driver=       0.2889
  293 KSP Residual norm 5.941960053412e-08

Entering DMUMPS 5.6.2 from C interface with JOB, N =   3     1237277
      executing #MPI =    128 and #OMP =      2



 ****** SOLVE & CHECK STEP ********

 GLOBAL STATISTICS PRIOR SOLVE PHASE ...........
 Number of right-hand-sides                    =           1
 Blocking factor for multiple rhs              =           1
 ICNTL (9)                                     =           1
  --- (10)                                     =           0
  --- (11)                                     =           0
  --- (20)                                     =          10
  --- (21)                                     =           1
  --- (30)                                     =           0
  --- (35)                                     =           0
 WARNING: original distributed matrix is not allocated
 ** Rank of processor needing largest memory in solve     :       127
 ** Space in MBYTES used by this processor for solve      :       756
 ** Avg. Space in MBYTES per working proc during solve    :       405

 Leaving solve with ...
 Time to build/scatter RHS        =       0.002267
 Time in solution step (fwd/bwd)  =       0.137349
  .. Time in forward (fwd) step   =          0.073887
  .. Time in ScaLAPACK root       =          0.001556
  .. Time in backward (bwd) step  =          0.061884
 Time to gather solution(cent.sol)=       0.000000
 Time to copy/scale dist. solution=       0.000476

 Elapsed time in solve driver=       0.2902
  294 KSP Residual norm 5.904744345916e-08

Entering DMUMPS 5.6.2 from C interface with JOB, N =   3     1237277
      executing #MPI =    128 and #OMP =      2



 ****** SOLVE & CHECK STEP ********

 GLOBAL STATISTICS PRIOR SOLVE PHASE ...........
 Number of right-hand-sides                    =           1
 Blocking factor for multiple rhs              =           1
 ICNTL (9)                                     =           1
  --- (10)                                     =           0
  --- (11)                                     =           0
  --- (20)                                     =          10
  --- (21)                                     =           1
  --- (30)                                     =           0
  --- (35)                                     =           0
 WARNING: original distributed matrix is not allocated
 ** Rank of processor needing largest memory in solve     :       127
 ** Space in MBYTES used by this processor for solve      :       756
 ** Avg. Space in MBYTES per working proc during solve    :       405

 Leaving solve with ...
 Time to build/scatter RHS        =       0.002333
 Time in solution step (fwd/bwd)  =       0.135938
  .. Time in forward (fwd) step   =          0.073337
  .. Time in ScaLAPACK root       =          0.001571
  .. Time in backward (bwd) step  =          0.060998
 Time to gather solution(cent.sol)=       0.000000
 Time to copy/scale dist. solution=       0.000488

 Elapsed time in solve driver=       0.2891
  295 KSP Residual norm 5.868219260561e-08

Entering DMUMPS 5.6.2 from C interface with JOB, N =   3     1237277
      executing #MPI =    128 and #OMP =      2



 ****** SOLVE & CHECK STEP ********

 GLOBAL STATISTICS PRIOR SOLVE PHASE ...........
 Number of right-hand-sides                    =           1
 Blocking factor for multiple rhs              =           1
 ICNTL (9)                                     =           1
  --- (10)                                     =           0
  --- (11)                                     =           0
  --- (20)                                     =          10
  --- (21)                                     =           1
  --- (30)                                     =           0
  --- (35)                                     =           0
 WARNING: original distributed matrix is not allocated
 ** Rank of processor needing largest memory in solve     :       127
 ** Space in MBYTES used by this processor for solve      :       756
 ** Avg. Space in MBYTES per working proc during solve    :       405

 Leaving solve with ...
 Time to build/scatter RHS        =       0.001934
 Time in solution step (fwd/bwd)  =       0.139611
  .. Time in forward (fwd) step   =          0.073307
  .. Time in ScaLAPACK root       =          0.001566
  .. Time in backward (bwd) step  =          0.064714
 Time to gather solution(cent.sol)=       0.000000
 Time to copy/scale dist. solution=       0.000497

 Elapsed time in solve driver=       0.2946
  296 KSP Residual norm 5.832363698132e-08

Entering DMUMPS 5.6.2 from C interface with JOB, N =   3     1237277
      executing #MPI =    128 and #OMP =      2



 ****** SOLVE & CHECK STEP ********

 GLOBAL STATISTICS PRIOR SOLVE PHASE ...........
 Number of right-hand-sides                    =           1
 Blocking factor for multiple rhs              =           1
 ICNTL (9)                                     =           1
  --- (10)                                     =           0
  --- (11)                                     =           0
  --- (20)                                     =          10
  --- (21)                                     =           1
  --- (30)                                     =           0
  --- (35)                                     =           0
 WARNING: original distributed matrix is not allocated
 ** Rank of processor needing largest memory in solve     :       127
 ** Space in MBYTES used by this processor for solve      :       756
 ** Avg. Space in MBYTES per working proc during solve    :       405

 Leaving solve with ...
 Time to build/scatter RHS        =       0.002058
 Time in solution step (fwd/bwd)  =       0.137425
  .. Time in forward (fwd) step   =          0.073133
  .. Time in ScaLAPACK root       =          0.001569
  .. Time in backward (bwd) step  =          0.062704
 Time to gather solution(cent.sol)=       0.000000
 Time to copy/scale dist. solution=       0.000484

 Elapsed time in solve driver=       0.2893
  297 KSP Residual norm 5.797157450972e-08

Entering DMUMPS 5.6.2 from C interface with JOB, N =   3     1237277
      executing #MPI =    128 and #OMP =      2



 ****** SOLVE & CHECK STEP ********

 GLOBAL STATISTICS PRIOR SOLVE PHASE ...........
 Number of right-hand-sides                    =           1
 Blocking factor for multiple rhs              =           1
 ICNTL (9)                                     =           1
  --- (10)                                     =           0
  --- (11)                                     =           0
  --- (20)                                     =          10
  --- (21)                                     =           1
  --- (30)                                     =           0
  --- (35)                                     =           0
 WARNING: original distributed matrix is not allocated
 ** Rank of processor needing largest memory in solve     :       127
 ** Space in MBYTES used by this processor for solve      :       756
 ** Avg. Space in MBYTES per working proc during solve    :       405

 Leaving solve with ...
 Time to build/scatter RHS        =       0.001996
 Time in solution step (fwd/bwd)  =       0.136497
  .. Time in forward (fwd) step   =          0.073275
  .. Time in ScaLAPACK root       =          0.001610
  .. Time in backward (bwd) step  =          0.061588
 Time to gather solution(cent.sol)=       0.000000
 Time to copy/scale dist. solution=       0.000497

 Elapsed time in solve driver=       0.2907
  298 KSP Residual norm 5.762581155116e-08

Entering DMUMPS 5.6.2 from C interface with JOB, N =   3     1237277
      executing #MPI =    128 and #OMP =      2



 ****** SOLVE & CHECK STEP ********

 GLOBAL STATISTICS PRIOR SOLVE PHASE ...........
 Number of right-hand-sides                    =           1
 Blocking factor for multiple rhs              =           1
 ICNTL (9)                                     =           1
  --- (10)                                     =           0
  --- (11)                                     =           0
  --- (20)                                     =          10
  --- (21)                                     =           1
  --- (30)                                     =           0
  --- (35)                                     =           0
 WARNING: original distributed matrix is not allocated
 ** Rank of processor needing largest memory in solve     :       127
 ** Space in MBYTES used by this processor for solve      :       756
 ** Avg. Space in MBYTES per working proc during solve    :       405

 Leaving solve with ...
 Time to build/scatter RHS        =       0.001961
 Time in solution step (fwd/bwd)  =       0.140300
  .. Time in forward (fwd) step   =          0.074470
  .. Time in ScaLAPACK root       =          0.001589
  .. Time in backward (bwd) step  =          0.064220
 Time to gather solution(cent.sol)=       0.000000
 Time to copy/scale dist. solution=       0.000483

 Elapsed time in solve driver=       0.3267
  299 KSP Residual norm 5.728616245540e-08

Entering DMUMPS 5.6.2 from C interface with JOB, N =   3     1237277
      executing #MPI =    128 and #OMP =      2



 ****** SOLVE & CHECK STEP ********

 GLOBAL STATISTICS PRIOR SOLVE PHASE ...........
 Number of right-hand-sides                    =           1
 Blocking factor for multiple rhs              =           1
 ICNTL (9)                                     =           1
  --- (10)                                     =           0
  --- (11)                                     =           0
  --- (20)                                     =          10
  --- (21)                                     =           1
  --- (30)                                     =           0
  --- (35)                                     =           0
 WARNING: original distributed matrix is not allocated
 ** Rank of processor needing largest memory in solve     :       127
 ** Space in MBYTES used by this processor for solve      :       756
 ** Avg. Space in MBYTES per working proc during solve    :       405

 Leaving solve with ...
 Time to build/scatter RHS        =       0.076719
 Time in solution step (fwd/bwd)  =       0.136540
  .. Time in forward (fwd) step   =          0.073019
  .. Time in ScaLAPACK root       =          0.001555
  .. Time in backward (bwd) step  =          0.061943
 Time to gather solution(cent.sol)=       0.000000
 Time to copy/scale dist. solution=       0.000503

 Elapsed time in solve driver=       0.3633
  300 KSP Residual norm 5.695244914269e-08

Entering DMUMPS 5.6.2 from C interface with JOB, N =   3     1237277
      executing #MPI =    128 and #OMP =      2



 ****** SOLVE & CHECK STEP ********

 GLOBAL STATISTICS PRIOR SOLVE PHASE ...........
 Number of right-hand-sides                    =           1
 Blocking factor for multiple rhs              =           1
 ICNTL (9)                                     =           1
  --- (10)                                     =           0
  --- (11)                                     =           0
  --- (20)                                     =          10
  --- (21)                                     =           1
  --- (30)                                     =           0
  --- (35)                                     =           0
 WARNING: original distributed matrix is not allocated
 ** Rank of processor needing largest memory in solve     :       127
 ** Space in MBYTES used by this processor for solve      :       756
 ** Avg. Space in MBYTES per working proc during solve    :       405

 Leaving solve with ...
 Time to build/scatter RHS        =       0.002445
 Time in solution step (fwd/bwd)  =       0.137197
  .. Time in forward (fwd) step   =          0.073836
  .. Time in ScaLAPACK root       =          0.001581
  .. Time in backward (bwd) step  =          0.061749
 Time to gather solution(cent.sol)=       0.000000
 Time to copy/scale dist. solution=       0.000483

 Elapsed time in solve driver=       0.2856
  301 KSP Residual norm 5.662450071144e-08

Entering DMUMPS 5.6.2 from C interface with JOB, N =   3     1237277
      executing #MPI =    128 and #OMP =      2



 ****** SOLVE & CHECK STEP ********

 GLOBAL STATISTICS PRIOR SOLVE PHASE ...........
 Number of right-hand-sides                    =           1
 Blocking factor for multiple rhs              =           1
 ICNTL (9)                                     =           1
  --- (10)                                     =           0
  --- (11)                                     =           0
  --- (20)                                     =          10
  --- (21)                                     =           1
  --- (30)                                     =           0
  --- (35)                                     =           0
 WARNING: original distributed matrix is not allocated
 ** Rank of processor needing largest memory in solve     :       127
 ** Space in MBYTES used by this processor for solve      :       756
 ** Avg. Space in MBYTES per working proc during solve    :       405

 Leaving solve with ...
 Time to build/scatter RHS        =       0.001935
 Time in solution step (fwd/bwd)  =       0.136960
  .. Time in forward (fwd) step   =          0.073832
  .. Time in ScaLAPACK root       =          0.001593
  .. Time in backward (bwd) step  =          0.061506
 Time to gather solution(cent.sol)=       0.000000
 Time to copy/scale dist. solution=       0.000489

 Elapsed time in solve driver=       0.2878
  302 KSP Residual norm 5.630215307045e-08

Entering DMUMPS 5.6.2 from C interface with JOB, N =   3     1237277
      executing #MPI =    128 and #OMP =      2



 ****** SOLVE & CHECK STEP ********

 GLOBAL STATISTICS PRIOR SOLVE PHASE ...........
 Number of right-hand-sides                    =           1
 Blocking factor for multiple rhs              =           1
 ICNTL (9)                                     =           1
  --- (10)                                     =           0
  --- (11)                                     =           0
  --- (20)                                     =          10
  --- (21)                                     =           1
  --- (30)                                     =           0
  --- (35)                                     =           0
 WARNING: original distributed matrix is not allocated
 ** Rank of processor needing largest memory in solve     :       127
 ** Space in MBYTES used by this processor for solve      :       756
 ** Avg. Space in MBYTES per working proc during solve    :       405

 Leaving solve with ...
 Time to build/scatter RHS        =       0.002357
 Time in solution step (fwd/bwd)  =       0.136223
  .. Time in forward (fwd) step   =          0.073885
  .. Time in ScaLAPACK root       =          0.001559
  .. Time in backward (bwd) step  =          0.060758
 Time to gather solution(cent.sol)=       0.000000
 Time to copy/scale dist. solution=       0.000491

 Elapsed time in solve driver=       0.2890
  303 KSP Residual norm 5.598524859390e-08

Entering DMUMPS 5.6.2 from C interface with JOB, N =   3     1237277
      executing #MPI =    128 and #OMP =      2



 ****** SOLVE & CHECK STEP ********

 GLOBAL STATISTICS PRIOR SOLVE PHASE ...........
 Number of right-hand-sides                    =           1
 Blocking factor for multiple rhs              =           1
 ICNTL (9)                                     =           1
  --- (10)                                     =           0
  --- (11)                                     =           0
  --- (20)                                     =          10
  --- (21)                                     =           1
  --- (30)                                     =           0
  --- (35)                                     =           0
 WARNING: original distributed matrix is not allocated
 ** Rank of processor needing largest memory in solve     :       127
 ** Space in MBYTES used by this processor for solve      :       756
 ** Avg. Space in MBYTES per working proc during solve    :       405

 Leaving solve with ...
 Time to build/scatter RHS        =       0.002231
 Time in solution step (fwd/bwd)  =       0.138935
  .. Time in forward (fwd) step   =          0.073378
  .. Time in ScaLAPACK root       =          0.001563
  .. Time in backward (bwd) step  =          0.063973
 Time to gather solution(cent.sol)=       0.000000
 Time to copy/scale dist. solution=       0.000486

 Elapsed time in solve driver=       0.2951
  304 KSP Residual norm 5.567363579745e-08

Entering DMUMPS 5.6.2 from C interface with JOB, N =   3     1237277
      executing #MPI =    128 and #OMP =      2



 ****** SOLVE & CHECK STEP ********

 GLOBAL STATISTICS PRIOR SOLVE PHASE ...........
 Number of right-hand-sides                    =           1
 Blocking factor for multiple rhs              =           1
 ICNTL (9)                                     =           1
  --- (10)                                     =           0
  --- (11)                                     =           0
  --- (20)                                     =          10
  --- (21)                                     =           1
  --- (30)                                     =           0
  --- (35)                                     =           0
 WARNING: original distributed matrix is not allocated
 ** Rank of processor needing largest memory in solve     :       127
 ** Space in MBYTES used by this processor for solve      :       756
 ** Avg. Space in MBYTES per working proc during solve    :       405

 Leaving solve with ...
 Time to build/scatter RHS        =       0.002525
 Time in solution step (fwd/bwd)  =       0.136987
  .. Time in forward (fwd) step   =          0.073702
  .. Time in ScaLAPACK root       =          0.001591
  .. Time in backward (bwd) step  =          0.061676
 Time to gather solution(cent.sol)=       0.000000
 Time to copy/scale dist. solution=       0.000481

 Elapsed time in solve driver=       0.2879
  305 KSP Residual norm 5.536716903400e-08

Entering DMUMPS 5.6.2 from C interface with JOB, N =   3     1237277
      executing #MPI =    128 and #OMP =      2



 ****** SOLVE & CHECK STEP ********

 GLOBAL STATISTICS PRIOR SOLVE PHASE ...........
 Number of right-hand-sides                    =           1
 Blocking factor for multiple rhs              =           1
 ICNTL (9)                                     =           1
  --- (10)                                     =           0
  --- (11)                                     =           0
  --- (20)                                     =          10
  --- (21)                                     =           1
  --- (30)                                     =           0
  --- (35)                                     =           0
 WARNING: original distributed matrix is not allocated
 ** Rank of processor needing largest memory in solve     :       127
 ** Space in MBYTES used by this processor for solve      :       756
 ** Avg. Space in MBYTES per working proc during solve    :       405

 Leaving solve with ...
 Time to build/scatter RHS        =       0.002038
 Time in solution step (fwd/bwd)  =       0.138147
  .. Time in forward (fwd) step   =          0.073949
  .. Time in ScaLAPACK root       =          0.001562
  .. Time in backward (bwd) step  =          0.062619
 Time to gather solution(cent.sol)=       0.000000
 Time to copy/scale dist. solution=       0.000483

 Elapsed time in solve driver=       0.2899
  306 KSP Residual norm 5.506570820761e-08

Entering DMUMPS 5.6.2 from C interface with JOB, N =   3     1237277
      executing #MPI =    128 and #OMP =      2



 ****** SOLVE & CHECK STEP ********

 GLOBAL STATISTICS PRIOR SOLVE PHASE ...........
 Number of right-hand-sides                    =           1
 Blocking factor for multiple rhs              =           1
 ICNTL (9)                                     =           1
  --- (10)                                     =           0
  --- (11)                                     =           0
  --- (20)                                     =          10
  --- (21)                                     =           1
  --- (30)                                     =           0
  --- (35)                                     =           0
 WARNING: original distributed matrix is not allocated
 ** Rank of processor needing largest memory in solve     :       127
 ** Space in MBYTES used by this processor for solve      :       756
 ** Avg. Space in MBYTES per working proc during solve    :       405

 Leaving solve with ...
 Time to build/scatter RHS        =       0.002034
 Time in solution step (fwd/bwd)  =       0.139559
  .. Time in forward (fwd) step   =          0.073439
  .. Time in ScaLAPACK root       =          0.001579
  .. Time in backward (bwd) step  =          0.064521
 Time to gather solution(cent.sol)=       0.000000
 Time to copy/scale dist. solution=       0.000477

 Elapsed time in solve driver=       0.2942
  307 KSP Residual norm 5.476911850442e-08

Entering DMUMPS 5.6.2 from C interface with JOB, N =   3     1237277
      executing #MPI =    128 and #OMP =      2



 ****** SOLVE & CHECK STEP ********

 GLOBAL STATISTICS PRIOR SOLVE PHASE ...........
 Number of right-hand-sides                    =           1
 Blocking factor for multiple rhs              =           1
 ICNTL (9)                                     =           1
  --- (10)                                     =           0
  --- (11)                                     =           0
  --- (20)                                     =          10
  --- (21)                                     =           1
  --- (30)                                     =           0
  --- (35)                                     =           0
 WARNING: original distributed matrix is not allocated
 ** Rank of processor needing largest memory in solve     :       127
 ** Space in MBYTES used by this processor for solve      :       756
 ** Avg. Space in MBYTES per working proc during solve    :       405

 Leaving solve with ...
 Time to build/scatter RHS        =       0.002059
 Time in solution step (fwd/bwd)  =       0.138005
  .. Time in forward (fwd) step   =          0.073997
  .. Time in ScaLAPACK root       =          0.001558
  .. Time in backward (bwd) step  =          0.062429
 Time to gather solution(cent.sol)=       0.000000
 Time to copy/scale dist. solution=       0.000478

 Elapsed time in solve driver=       0.2921
  308 KSP Residual norm 5.447727013934e-08

Entering DMUMPS 5.6.2 from C interface with JOB, N =   3     1237277
      executing #MPI =    128 and #OMP =      2



 ****** SOLVE & CHECK STEP ********

 GLOBAL STATISTICS PRIOR SOLVE PHASE ...........
 Number of right-hand-sides                    =           1
 Blocking factor for multiple rhs              =           1
 ICNTL (9)                                     =           1
  --- (10)                                     =           0
  --- (11)                                     =           0
  --- (20)                                     =          10
  --- (21)                                     =           1
  --- (30)                                     =           0
  --- (35)                                     =           0
 WARNING: original distributed matrix is not allocated
 ** Rank of processor needing largest memory in solve     :       127
 ** Space in MBYTES used by this processor for solve      :       756
 ** Avg. Space in MBYTES per working proc during solve    :       405

 Leaving solve with ...
 Time to build/scatter RHS        =       0.001965
 Time in solution step (fwd/bwd)  =       0.136000
  .. Time in forward (fwd) step   =          0.074192
  .. Time in ScaLAPACK root       =          0.001546
  .. Time in backward (bwd) step  =          0.060235
 Time to gather solution(cent.sol)=       0.000000
 Time to copy/scale dist. solution=       0.000502

 Elapsed time in solve driver=       0.2892
  309 KSP Residual norm 5.419003811740e-08

Entering DMUMPS 5.6.2 from C interface with JOB, N =   3     1237277
      executing #MPI =    128 and #OMP =      2



 ****** SOLVE & CHECK STEP ********

 GLOBAL STATISTICS PRIOR SOLVE PHASE ...........
 Number of right-hand-sides                    =           1
 Blocking factor for multiple rhs              =           1
 ICNTL (9)                                     =           1
  --- (10)                                     =           0
  --- (11)                                     =           0
  --- (20)                                     =          10
  --- (21)                                     =           1
  --- (30)                                     =           0
  --- (35)                                     =           0
 WARNING: original distributed matrix is not allocated
 ** Rank of processor needing largest memory in solve     :       127
 ** Space in MBYTES used by this processor for solve      :       756
 ** Avg. Space in MBYTES per working proc during solve    :       405

 Leaving solve with ...
 Time to build/scatter RHS        =       0.002070
 Time in solution step (fwd/bwd)  =       0.135707
  .. Time in forward (fwd) step   =          0.073052
  .. Time in ScaLAPACK root       =          0.001589
  .. Time in backward (bwd) step  =          0.061040
 Time to gather solution(cent.sol)=       0.000000
 Time to copy/scale dist. solution=       0.000481

 Elapsed time in solve driver=       0.2884
  310 KSP Residual norm 5.390730200880e-08

Entering DMUMPS 5.6.2 from C interface with JOB, N =   3     1237277
      executing #MPI =    128 and #OMP =      2



 ****** SOLVE & CHECK STEP ********

 GLOBAL STATISTICS PRIOR SOLVE PHASE ...........
 Number of right-hand-sides                    =           1
 Blocking factor for multiple rhs              =           1
 ICNTL (9)                                     =           1
  --- (10)                                     =           0
  --- (11)                                     =           0
  --- (20)                                     =          10
  --- (21)                                     =           1
  --- (30)                                     =           0
  --- (35)                                     =           0
 WARNING: original distributed matrix is not allocated
 ** Rank of processor needing largest memory in solve     :       127
 ** Space in MBYTES used by this processor for solve      :       756
 ** Avg. Space in MBYTES per working proc during solve    :       405

 Leaving solve with ...
 Time to build/scatter RHS        =       0.002176
 Time in solution step (fwd/bwd)  =       0.139798
  .. Time in forward (fwd) step   =          0.074160
  .. Time in ScaLAPACK root       =          0.001545
  .. Time in backward (bwd) step  =          0.064072
 Time to gather solution(cent.sol)=       0.000000
 Time to copy/scale dist. solution=       0.000495

 Elapsed time in solve driver=       0.2890
  311 KSP Residual norm 5.362894573678e-08

Entering DMUMPS 5.6.2 from C interface with JOB, N =   3     1237277
      executing #MPI =    128 and #OMP =      2



 ****** SOLVE & CHECK STEP ********

 GLOBAL STATISTICS PRIOR SOLVE PHASE ...........
 Number of right-hand-sides                    =           1
 Blocking factor for multiple rhs              =           1
 ICNTL (9)                                     =           1
  --- (10)                                     =           0
  --- (11)                                     =           0
  --- (20)                                     =          10
  --- (21)                                     =           1
  --- (30)                                     =           0
  --- (35)                                     =           0
 WARNING: original distributed matrix is not allocated
 ** Rank of processor needing largest memory in solve     :       127
 ** Space in MBYTES used by this processor for solve      :       756
 ** Avg. Space in MBYTES per working proc during solve    :       405

 Leaving solve with ...
 Time to build/scatter RHS        =       0.002074
 Time in solution step (fwd/bwd)  =       0.136201
  .. Time in forward (fwd) step   =          0.073576
  .. Time in ScaLAPACK root       =          0.001560
  .. Time in backward (bwd) step  =          0.061046
 Time to gather solution(cent.sol)=       0.000000
 Time to copy/scale dist. solution=       0.000487

 Elapsed time in solve driver=       0.2910
  312 KSP Residual norm 5.335485737736e-08

Entering DMUMPS 5.6.2 from C interface with JOB, N =   3     1237277
      executing #MPI =    128 and #OMP =      2



 ****** SOLVE & CHECK STEP ********

 GLOBAL STATISTICS PRIOR SOLVE PHASE ...........
 Number of right-hand-sides                    =           1
 Blocking factor for multiple rhs              =           1
 ICNTL (9)                                     =           1
  --- (10)                                     =           0
  --- (11)                                     =           0
  --- (20)                                     =          10
  --- (21)                                     =           1
  --- (30)                                     =           0
  --- (35)                                     =           0
 WARNING: original distributed matrix is not allocated
 ** Rank of processor needing largest memory in solve     :       127
 ** Space in MBYTES used by this processor for solve      :       756
 ** Avg. Space in MBYTES per working proc during solve    :       405

 Leaving solve with ...
 Time to build/scatter RHS        =       0.002262
 Time in solution step (fwd/bwd)  =       0.136225
  .. Time in forward (fwd) step   =          0.073703
  .. Time in ScaLAPACK root       =          0.001600
  .. Time in backward (bwd) step  =          0.060902
 Time to gather solution(cent.sol)=       0.000000
 Time to copy/scale dist. solution=       0.000482

 Elapsed time in solve driver=       0.2901
  313 KSP Residual norm 5.308492897029e-08

Entering DMUMPS 5.6.2 from C interface with JOB, N =   3     1237277
      executing #MPI =    128 and #OMP =      2



 ****** SOLVE & CHECK STEP ********

 GLOBAL STATISTICS PRIOR SOLVE PHASE ...........
 Number of right-hand-sides                    =           1
 Blocking factor for multiple rhs              =           1
 ICNTL (9)                                     =           1
  --- (10)                                     =           0
  --- (11)                                     =           0
  --- (20)                                     =          10
  --- (21)                                     =           1
  --- (30)                                     =           0
  --- (35)                                     =           0
 WARNING: original distributed matrix is not allocated
 ** Rank of processor needing largest memory in solve     :       127
 ** Space in MBYTES used by this processor for solve      :       756
 ** Avg. Space in MBYTES per working proc during solve    :       405

 Leaving solve with ...
 Time to build/scatter RHS        =       0.006280
 Time in solution step (fwd/bwd)  =       0.135281
  .. Time in forward (fwd) step   =          0.074024
  .. Time in ScaLAPACK root       =          0.001571
  .. Time in backward (bwd) step  =          0.059665
 Time to gather solution(cent.sol)=       0.000000
 Time to copy/scale dist. solution=       0.000485

 Elapsed time in solve driver=       0.2947
  314 KSP Residual norm 5.281905634034e-08

Entering DMUMPS 5.6.2 from C interface with JOB, N =   3     1237277
      executing #MPI =    128 and #OMP =      2



 ****** SOLVE & CHECK STEP ********

 GLOBAL STATISTICS PRIOR SOLVE PHASE ...........
 Number of right-hand-sides                    =           1
 Blocking factor for multiple rhs              =           1
 ICNTL (9)                                     =           1
  --- (10)                                     =           0
  --- (11)                                     =           0
  --- (20)                                     =          10
  --- (21)                                     =           1
  --- (30)                                     =           0
  --- (35)                                     =           0
 WARNING: original distributed matrix is not allocated
 ** Rank of processor needing largest memory in solve     :       127
 ** Space in MBYTES used by this processor for solve      :       756
 ** Avg. Space in MBYTES per working proc during solve    :       405

 Leaving solve with ...
 Time to build/scatter RHS        =       0.002005
 Time in solution step (fwd/bwd)  =       0.137489
  .. Time in forward (fwd) step   =          0.073242
  .. Time in ScaLAPACK root       =          0.001580
  .. Time in backward (bwd) step  =          0.062650
 Time to gather solution(cent.sol)=       0.000000
 Time to copy/scale dist. solution=       0.000496

 Elapsed time in solve driver=       0.2953
  315 KSP Residual norm 5.255713892839e-08

Entering DMUMPS 5.6.2 from C interface with JOB, N =   3     1237277
      executing #MPI =    128 and #OMP =      2



 ****** SOLVE & CHECK STEP ********

 GLOBAL STATISTICS PRIOR SOLVE PHASE ...........
 Number of right-hand-sides                    =           1
 Blocking factor for multiple rhs              =           1
 ICNTL (9)                                     =           1
  --- (10)                                     =           0
  --- (11)                                     =           0
  --- (20)                                     =          10
  --- (21)                                     =           1
  --- (30)                                     =           0
  --- (35)                                     =           0
 WARNING: original distributed matrix is not allocated
 ** Rank of processor needing largest memory in solve     :       127
 ** Space in MBYTES used by this processor for solve      :       756
 ** Avg. Space in MBYTES per working proc during solve    :       405

 Leaving solve with ...
 Time to build/scatter RHS        =       0.001936
 Time in solution step (fwd/bwd)  =       0.137504
  .. Time in forward (fwd) step   =          0.073681
  .. Time in ScaLAPACK root       =          0.001567
  .. Time in backward (bwd) step  =          0.062229
 Time to gather solution(cent.sol)=       0.000000
 Time to copy/scale dist. solution=       0.000500

 Elapsed time in solve driver=       0.2934
  316 KSP Residual norm 5.229907963164e-08

Entering DMUMPS 5.6.2 from C interface with JOB, N =   3     1237277
      executing #MPI =    128 and #OMP =      2



 ****** SOLVE & CHECK STEP ********

 GLOBAL STATISTICS PRIOR SOLVE PHASE ...........
 Number of right-hand-sides                    =           1
 Blocking factor for multiple rhs              =           1
 ICNTL (9)                                     =           1
  --- (10)                                     =           0
  --- (11)                                     =           0
  --- (20)                                     =          10
  --- (21)                                     =           1
  --- (30)                                     =           0
  --- (35)                                     =           0
 WARNING: original distributed matrix is not allocated
 ** Rank of processor needing largest memory in solve     :       127
 ** Space in MBYTES used by this processor for solve      :       756
 ** Avg. Space in MBYTES per working proc during solve    :       405

 Leaving solve with ...
 Time to build/scatter RHS        =       0.001974
 Time in solution step (fwd/bwd)  =       0.136321
  .. Time in forward (fwd) step   =          0.073778
  .. Time in ScaLAPACK root       =          0.001556
  .. Time in backward (bwd) step  =          0.060966
 Time to gather solution(cent.sol)=       0.000000
 Time to copy/scale dist. solution=       0.000498

 Elapsed time in solve driver=       0.2885
  317 KSP Residual norm 5.204478465233e-08

Entering DMUMPS 5.6.2 from C interface with JOB, N =   3     1237277
      executing #MPI =    128 and #OMP =      2



 ****** SOLVE & CHECK STEP ********

 GLOBAL STATISTICS PRIOR SOLVE PHASE ...........
 Number of right-hand-sides                    =           1
 Blocking factor for multiple rhs              =           1
 ICNTL (9)                                     =           1
  --- (10)                                     =           0
  --- (11)                                     =           0
  --- (20)                                     =          10
  --- (21)                                     =           1
  --- (30)                                     =           0
  --- (35)                                     =           0
 WARNING: original distributed matrix is not allocated
 ** Rank of processor needing largest memory in solve     :       127
 ** Space in MBYTES used by this processor for solve      :       756
 ** Avg. Space in MBYTES per working proc during solve    :       405

 Leaving solve with ...
 Time to build/scatter RHS        =       0.001938
 Time in solution step (fwd/bwd)  =       0.137856
  .. Time in forward (fwd) step   =          0.073662
  .. Time in ScaLAPACK root       =          0.001561
  .. Time in backward (bwd) step  =          0.062614
 Time to gather solution(cent.sol)=       0.000000
 Time to copy/scale dist. solution=       0.000485

 Elapsed time in solve driver=       0.2904
  318 KSP Residual norm 5.179416335453e-08

Entering DMUMPS 5.6.2 from C interface with JOB, N =   3     1237277
      executing #MPI =    128 and #OMP =      2



 ****** SOLVE & CHECK STEP ********

 GLOBAL STATISTICS PRIOR SOLVE PHASE ...........
 Number of right-hand-sides                    =           1
 Blocking factor for multiple rhs              =           1
 ICNTL (9)                                     =           1
  --- (10)                                     =           0
  --- (11)                                     =           0
  --- (20)                                     =          10
  --- (21)                                     =           1
  --- (30)                                     =           0
  --- (35)                                     =           0
 WARNING: original distributed matrix is not allocated
 ** Rank of processor needing largest memory in solve     :       127
 ** Space in MBYTES used by this processor for solve      :       756
 ** Avg. Space in MBYTES per working proc during solve    :       405

 Leaving solve with ...
 Time to build/scatter RHS        =       0.002086
 Time in solution step (fwd/bwd)  =       0.136026
  .. Time in forward (fwd) step   =          0.073598
  .. Time in ScaLAPACK root       =          0.001593
  .. Time in backward (bwd) step  =          0.060813
 Time to gather solution(cent.sol)=       0.000000
 Time to copy/scale dist. solution=       0.000493

 Elapsed time in solve driver=       0.2892
  319 KSP Residual norm 5.154712812839e-08

Entering DMUMPS 5.6.2 from C interface with JOB, N =   3     1237277
      executing #MPI =    128 and #OMP =      2



 ****** SOLVE & CHECK STEP ********

 GLOBAL STATISTICS PRIOR SOLVE PHASE ...........
 Number of right-hand-sides                    =           1
 Blocking factor for multiple rhs              =           1
 ICNTL (9)                                     =           1
  --- (10)                                     =           0
  --- (11)                                     =           0
  --- (20)                                     =          10
  --- (21)                                     =           1
  --- (30)                                     =           0
  --- (35)                                     =           0
 WARNING: original distributed matrix is not allocated
 ** Rank of processor needing largest memory in solve     :       127
 ** Space in MBYTES used by this processor for solve      :       756
 ** Avg. Space in MBYTES per working proc during solve    :       405

 Leaving solve with ...
 Time to build/scatter RHS        =       0.002087
 Time in solution step (fwd/bwd)  =       0.136305
  .. Time in forward (fwd) step   =          0.073751
  .. Time in ScaLAPACK root       =          0.001582
  .. Time in backward (bwd) step  =          0.060952
 Time to gather solution(cent.sol)=       0.000000
 Time to copy/scale dist. solution=       0.000489

 Elapsed time in solve driver=       0.2920
  320 KSP Residual norm 5.130359426148e-08

Entering DMUMPS 5.6.2 from C interface with JOB, N =   3     1237277
      executing #MPI =    128 and #OMP =      2



 ****** SOLVE & CHECK STEP ********

 GLOBAL STATISTICS PRIOR SOLVE PHASE ...........
 Number of right-hand-sides                    =           1
 Blocking factor for multiple rhs              =           1
 ICNTL (9)                                     =           1
  --- (10)                                     =           0
  --- (11)                                     =           0
  --- (20)                                     =          10
  --- (21)                                     =           1
  --- (30)                                     =           0
  --- (35)                                     =           0
 WARNING: original distributed matrix is not allocated
 ** Rank of processor needing largest memory in solve     :       127
 ** Space in MBYTES used by this processor for solve      :       756
 ** Avg. Space in MBYTES per working proc during solve    :       405

 Leaving solve with ...
 Time to build/scatter RHS        =       0.001938
 Time in solution step (fwd/bwd)  =       0.137410
  .. Time in forward (fwd) step   =          0.073251
  .. Time in ScaLAPACK root       =          0.001582
  .. Time in backward (bwd) step  =          0.062551
 Time to gather solution(cent.sol)=       0.000000
 Time to copy/scale dist. solution=       0.000484

 Elapsed time in solve driver=       0.2937
  321 KSP Residual norm 5.106347981673e-08

Entering DMUMPS 5.6.2 from C interface with JOB, N =   3     1237277
      executing #MPI =    128 and #OMP =      2



 ****** SOLVE & CHECK STEP ********

 GLOBAL STATISTICS PRIOR SOLVE PHASE ...........
 Number of right-hand-sides                    =           1
 Blocking factor for multiple rhs              =           1
 ICNTL (9)                                     =           1
  --- (10)                                     =           0
  --- (11)                                     =           0
  --- (20)                                     =          10
  --- (21)                                     =           1
  --- (30)                                     =           0
  --- (35)                                     =           0
 WARNING: original distributed matrix is not allocated
 ** Rank of processor needing largest memory in solve     :       127
 ** Space in MBYTES used by this processor for solve      :       756
 ** Avg. Space in MBYTES per working proc during solve    :       405

 Leaving solve with ...
 Time to build/scatter RHS        =       0.002145
 Time in solution step (fwd/bwd)  =       0.134163
  .. Time in forward (fwd) step   =          0.072936
  .. Time in ScaLAPACK root       =          0.001552
  .. Time in backward (bwd) step  =          0.059654
 Time to gather solution(cent.sol)=       0.000000
 Time to copy/scale dist. solution=       0.000497

 Elapsed time in solve driver=       0.2875
  322 KSP Residual norm 5.082670551662e-08

Entering DMUMPS 5.6.2 from C interface with JOB, N =   3     1237277
      executing #MPI =    128 and #OMP =      2



 ****** SOLVE & CHECK STEP ********

 GLOBAL STATISTICS PRIOR SOLVE PHASE ...........
 Number of right-hand-sides                    =           1
 Blocking factor for multiple rhs              =           1
 ICNTL (9)                                     =           1
  --- (10)                                     =           0
  --- (11)                                     =           0
  --- (20)                                     =          10
  --- (21)                                     =           1
  --- (30)                                     =           0
  --- (35)                                     =           0
 WARNING: original distributed matrix is not allocated
 ** Rank of processor needing largest memory in solve     :       127
 ** Space in MBYTES used by this processor for solve      :       756
 ** Avg. Space in MBYTES per working proc during solve    :       405

 Leaving solve with ...
 Time to build/scatter RHS        =       0.002253
 Time in solution step (fwd/bwd)  =       0.137556
  .. Time in forward (fwd) step   =          0.073616
  .. Time in ScaLAPACK root       =          0.001577
  .. Time in backward (bwd) step  =          0.062328
 Time to gather solution(cent.sol)=       0.000000
 Time to copy/scale dist. solution=       0.000496

 Elapsed time in solve driver=       0.2929
  323 KSP Residual norm 5.059319463322e-08

Entering DMUMPS 5.6.2 from C interface with JOB, N =   3     1237277
      executing #MPI =    128 and #OMP =      2



 ****** SOLVE & CHECK STEP ********

 GLOBAL STATISTICS PRIOR SOLVE PHASE ...........
 Number of right-hand-sides                    =           1
 Blocking factor for multiple rhs              =           1
 ICNTL (9)                                     =           1
  --- (10)                                     =           0
  --- (11)                                     =           0
  --- (20)                                     =          10
  --- (21)                                     =           1
  --- (30)                                     =           0
  --- (35)                                     =           0
 WARNING: original distributed matrix is not allocated
 ** Rank of processor needing largest memory in solve     :       127
 ** Space in MBYTES used by this processor for solve      :       756
 ** Avg. Space in MBYTES per working proc during solve    :       405

 Leaving solve with ...
 Time to build/scatter RHS        =       0.002158
 Time in solution step (fwd/bwd)  =       0.138128
  .. Time in forward (fwd) step   =          0.073673
  .. Time in ScaLAPACK root       =          0.001573
  .. Time in backward (bwd) step  =          0.062858
 Time to gather solution(cent.sol)=       0.000000
 Time to copy/scale dist. solution=       0.000488

 Elapsed time in solve driver=       0.2945
  324 KSP Residual norm 5.036287288368e-08

Entering DMUMPS 5.6.2 from C interface with JOB, N =   3     1237277
      executing #MPI =    128 and #OMP =      2



 ****** SOLVE & CHECK STEP ********

 GLOBAL STATISTICS PRIOR SOLVE PHASE ...........
 Number of right-hand-sides                    =           1
 Blocking factor for multiple rhs              =           1
 ICNTL (9)                                     =           1
  --- (10)                                     =           0
  --- (11)                                     =           0
  --- (20)                                     =          10
  --- (21)                                     =           1
  --- (30)                                     =           0
  --- (35)                                     =           0
 WARNING: original distributed matrix is not allocated
 ** Rank of processor needing largest memory in solve     :       127
 ** Space in MBYTES used by this processor for solve      :       756
 ** Avg. Space in MBYTES per working proc during solve    :       405

 Leaving solve with ...
 Time to build/scatter RHS        =       0.001899
 Time in solution step (fwd/bwd)  =       0.136619
  .. Time in forward (fwd) step   =          0.072635
  .. Time in ScaLAPACK root       =          0.001576
  .. Time in backward (bwd) step  =          0.062388
 Time to gather solution(cent.sol)=       0.000000
 Time to copy/scale dist. solution=       0.000475

 Elapsed time in solve driver=       0.2895
  325 KSP Residual norm 5.013566833102e-08

Entering DMUMPS 5.6.2 from C interface with JOB, N =   3     1237277
      executing #MPI =    128 and #OMP =      2



 ****** SOLVE & CHECK STEP ********

 GLOBAL STATISTICS PRIOR SOLVE PHASE ...........
 Number of right-hand-sides                    =           1
 Blocking factor for multiple rhs              =           1
 ICNTL (9)                                     =           1
  --- (10)                                     =           0
  --- (11)                                     =           0
  --- (20)                                     =          10
  --- (21)                                     =           1
  --- (30)                                     =           0
  --- (35)                                     =           0
 WARNING: original distributed matrix is not allocated
 ** Rank of processor needing largest memory in solve     :       127
 ** Space in MBYTES used by this processor for solve      :       756
 ** Avg. Space in MBYTES per working proc during solve    :       405

 Leaving solve with ...
 Time to build/scatter RHS        =       0.002007
 Time in solution step (fwd/bwd)  =       0.137313
  .. Time in forward (fwd) step   =          0.073282
  .. Time in ScaLAPACK root       =          0.001572
  .. Time in backward (bwd) step  =          0.062442
 Time to gather solution(cent.sol)=       0.000000
 Time to copy/scale dist. solution=       0.000484

 Elapsed time in solve driver=       0.2933
  326 KSP Residual norm 4.991151128969e-08

Entering DMUMPS 5.6.2 from C interface with JOB, N =   3     1237277
      executing #MPI =    128 and #OMP =      2



 ****** SOLVE & CHECK STEP ********

 GLOBAL STATISTICS PRIOR SOLVE PHASE ...........
 Number of right-hand-sides                    =           1
 Blocking factor for multiple rhs              =           1
 ICNTL (9)                                     =           1
  --- (10)                                     =           0
  --- (11)                                     =           0
  --- (20)                                     =          10
  --- (21)                                     =           1
  --- (30)                                     =           0
  --- (35)                                     =           0
 WARNING: original distributed matrix is not allocated
 ** Rank of processor needing largest memory in solve     :       127
 ** Space in MBYTES used by this processor for solve      :       756
 ** Avg. Space in MBYTES per working proc during solve    :       405

 Leaving solve with ...
 Time to build/scatter RHS        =       0.001990
 Time in solution step (fwd/bwd)  =       0.137340
  .. Time in forward (fwd) step   =          0.073133
  .. Time in ScaLAPACK root       =          0.001563
  .. Time in backward (bwd) step  =          0.062624
 Time to gather solution(cent.sol)=       0.000000
 Time to copy/scale dist. solution=       0.000476

 Elapsed time in solve driver=       0.2884
  327 KSP Residual norm 4.969033423576e-08

Entering DMUMPS 5.6.2 from C interface with JOB, N =   3     1237277
      executing #MPI =    128 and #OMP =      2



 ****** SOLVE & CHECK STEP ********

 GLOBAL STATISTICS PRIOR SOLVE PHASE ...........
 Number of right-hand-sides                    =           1
 Blocking factor for multiple rhs              =           1
 ICNTL (9)                                     =           1
  --- (10)                                     =           0
  --- (11)                                     =           0
  --- (20)                                     =          10
  --- (21)                                     =           1
  --- (30)                                     =           0
  --- (35)                                     =           0
 WARNING: original distributed matrix is not allocated
 ** Rank of processor needing largest memory in solve     :       127
 ** Space in MBYTES used by this processor for solve      :       756
 ** Avg. Space in MBYTES per working proc during solve    :       405

 Leaving solve with ...
 Time to build/scatter RHS        =       0.002010
 Time in solution step (fwd/bwd)  =       0.138655
  .. Time in forward (fwd) step   =          0.074146
  .. Time in ScaLAPACK root       =          0.001564
  .. Time in backward (bwd) step  =          0.062924
 Time to gather solution(cent.sol)=       0.000000
 Time to copy/scale dist. solution=       0.000479

 Elapsed time in solve driver=       0.2916
  328 KSP Residual norm 4.947207172153e-08

Entering DMUMPS 5.6.2 from C interface with JOB, N =   3     1237277
      executing #MPI =    128 and #OMP =      2



 ****** SOLVE & CHECK STEP ********

 GLOBAL STATISTICS PRIOR SOLVE PHASE ...........
 Number of right-hand-sides                    =           1
 Blocking factor for multiple rhs              =           1
 ICNTL (9)                                     =           1
  --- (10)                                     =           0
  --- (11)                                     =           0
  --- (20)                                     =          10
  --- (21)                                     =           1
  --- (30)                                     =           0
  --- (35)                                     =           0
 WARNING: original distributed matrix is not allocated
 ** Rank of processor needing largest memory in solve     :       127
 ** Space in MBYTES used by this processor for solve      :       756
 ** Avg. Space in MBYTES per working proc during solve    :       405

 Leaving solve with ...
 Time to build/scatter RHS        =       0.001872
 Time in solution step (fwd/bwd)  =       0.137756
  .. Time in forward (fwd) step   =          0.074142
  .. Time in ScaLAPACK root       =          0.001555
  .. Time in backward (bwd) step  =          0.062035
 Time to gather solution(cent.sol)=       0.000000
 Time to copy/scale dist. solution=       0.000482

 Elapsed time in solve driver=       0.2898
  329 KSP Residual norm 4.925666029410e-08

Entering DMUMPS 5.6.2 from C interface with JOB, N =   3     1237277
      executing #MPI =    128 and #OMP =      2



 ****** SOLVE & CHECK STEP ********

 GLOBAL STATISTICS PRIOR SOLVE PHASE ...........
 Number of right-hand-sides                    =           1
 Blocking factor for multiple rhs              =           1
 ICNTL (9)                                     =           1
  --- (10)                                     =           0
  --- (11)                                     =           0
  --- (20)                                     =          10
  --- (21)                                     =           1
  --- (30)                                     =           0
  --- (35)                                     =           0
 WARNING: original distributed matrix is not allocated
 ** Rank of processor needing largest memory in solve     :       127
 ** Space in MBYTES used by this processor for solve      :       756
 ** Avg. Space in MBYTES per working proc during solve    :       405

 Leaving solve with ...
 Time to build/scatter RHS        =       0.001987
 Time in solution step (fwd/bwd)  =       0.135227
  .. Time in forward (fwd) step   =          0.074266
  .. Time in ScaLAPACK root       =          0.001600
  .. Time in backward (bwd) step  =          0.059328
 Time to gather solution(cent.sol)=       0.000000
 Time to copy/scale dist. solution=       0.000506

 Elapsed time in solve driver=       0.2891
  330 KSP Residual norm 4.904403841792e-08

Entering DMUMPS 5.6.2 from C interface with JOB, N =   3     1237277
      executing #MPI =    128 and #OMP =      2



 ****** SOLVE & CHECK STEP ********

 GLOBAL STATISTICS PRIOR SOLVE PHASE ...........
 Number of right-hand-sides                    =           1
 Blocking factor for multiple rhs              =           1
 ICNTL (9)                                     =           1
  --- (10)                                     =           0
  --- (11)                                     =           0
  --- (20)                                     =          10
  --- (21)                                     =           1
  --- (30)                                     =           0
  --- (35)                                     =           0
 WARNING: original distributed matrix is not allocated
 ** Rank of processor needing largest memory in solve     :       127
 ** Space in MBYTES used by this processor for solve      :       756
 ** Avg. Space in MBYTES per working proc during solve    :       405

 Leaving solve with ...
 Time to build/scatter RHS        =       0.001989
 Time in solution step (fwd/bwd)  =       0.135349
  .. Time in forward (fwd) step   =          0.073348
  .. Time in ScaLAPACK root       =          0.001558
  .. Time in backward (bwd) step  =          0.060424
 Time to gather solution(cent.sol)=       0.000000
 Time to copy/scale dist. solution=       0.000476

 Elapsed time in solve driver=       0.2920
  331 KSP Residual norm 4.883414640089e-08

Entering DMUMPS 5.6.2 from C interface with JOB, N =   3     1237277
      executing #MPI =    128 and #OMP =      2



 ****** SOLVE & CHECK STEP ********

 GLOBAL STATISTICS PRIOR SOLVE PHASE ...........
 Number of right-hand-sides                    =           1
 Blocking factor for multiple rhs              =           1
 ICNTL (9)                                     =           1
  --- (10)                                     =           0
  --- (11)                                     =           0
  --- (20)                                     =          10
  --- (21)                                     =           1
  --- (30)                                     =           0
  --- (35)                                     =           0
 WARNING: original distributed matrix is not allocated
 ** Rank of processor needing largest memory in solve     :       127
 ** Space in MBYTES used by this processor for solve      :       756
 ** Avg. Space in MBYTES per working proc during solve    :       405

 Leaving solve with ...
 Time to build/scatter RHS        =       0.001908
 Time in solution step (fwd/bwd)  =       0.140851
  .. Time in forward (fwd) step   =          0.073616
  .. Time in ScaLAPACK root       =          0.001561
  .. Time in backward (bwd) step  =          0.065653
 Time to gather solution(cent.sol)=       0.000000
 Time to copy/scale dist. solution=       0.000805

 Elapsed time in solve driver=       0.2929
  332 KSP Residual norm 4.862692632401e-08

Entering DMUMPS 5.6.2 from C interface with JOB, N =   3     1237277
      executing #MPI =    128 and #OMP =      2



 ****** SOLVE & CHECK STEP ********

 GLOBAL STATISTICS PRIOR SOLVE PHASE ...........
 Number of right-hand-sides                    =           1
 Blocking factor for multiple rhs              =           1
 ICNTL (9)                                     =           1
  --- (10)                                     =           0
  --- (11)                                     =           0
  --- (20)                                     =          10
  --- (21)                                     =           1
  --- (30)                                     =           0
  --- (35)                                     =           0
 WARNING: original distributed matrix is not allocated
 ** Rank of processor needing largest memory in solve     :       127
 ** Space in MBYTES used by this processor for solve      :       756
 ** Avg. Space in MBYTES per working proc during solve    :       405

 Leaving solve with ...
 Time to build/scatter RHS        =       0.002153
 Time in solution step (fwd/bwd)  =       0.134966
  .. Time in forward (fwd) step   =          0.073892
  .. Time in ScaLAPACK root       =          0.001559
  .. Time in backward (bwd) step  =          0.059495
 Time to gather solution(cent.sol)=       0.000000
 Time to copy/scale dist. solution=       0.000471

 Elapsed time in solve driver=       0.2862
  333 KSP Residual norm 4.842232197419e-08

Entering DMUMPS 5.6.2 from C interface with JOB, N =   3     1237277
      executing #MPI =    128 and #OMP =      2



 ****** SOLVE & CHECK STEP ********

 GLOBAL STATISTICS PRIOR SOLVE PHASE ...........
 Number of right-hand-sides                    =           1
 Blocking factor for multiple rhs              =           1
 ICNTL (9)                                     =           1
  --- (10)                                     =           0
  --- (11)                                     =           0
  --- (20)                                     =          10
  --- (21)                                     =           1
  --- (30)                                     =           0
  --- (35)                                     =           0
 WARNING: original distributed matrix is not allocated
 ** Rank of processor needing largest memory in solve     :       127
 ** Space in MBYTES used by this processor for solve      :       756
 ** Avg. Space in MBYTES per working proc during solve    :       405

 Leaving solve with ...
 Time to build/scatter RHS        =       0.002254
 Time in solution step (fwd/bwd)  =       0.139522
  .. Time in forward (fwd) step   =          0.074202
  .. Time in ScaLAPACK root       =          0.001587
  .. Time in backward (bwd) step  =          0.063709
 Time to gather solution(cent.sol)=       0.000000
 Time to copy/scale dist. solution=       0.000487

 Elapsed time in solve driver=       0.2960
  334 KSP Residual norm 4.822027878023e-08

Entering DMUMPS 5.6.2 from C interface with JOB, N =   3     1237277
      executing #MPI =    128 and #OMP =      2



 ****** SOLVE & CHECK STEP ********

 GLOBAL STATISTICS PRIOR SOLVE PHASE ...........
 Number of right-hand-sides                    =           1
 Blocking factor for multiple rhs              =           1
 ICNTL (9)                                     =           1
  --- (10)                                     =           0
  --- (11)                                     =           0
  --- (20)                                     =          10
  --- (21)                                     =           1
  --- (30)                                     =           0
  --- (35)                                     =           0
 WARNING: original distributed matrix is not allocated
 ** Rank of processor needing largest memory in solve     :       127
 ** Space in MBYTES used by this processor for solve      :       756
 ** Avg. Space in MBYTES per working proc during solve    :       405

 Leaving solve with ...
 Time to build/scatter RHS        =       0.002014
 Time in solution step (fwd/bwd)  =       0.136498
  .. Time in forward (fwd) step   =          0.073408
  .. Time in ScaLAPACK root       =          0.001561
  .. Time in backward (bwd) step  =          0.061506
 Time to gather solution(cent.sol)=       0.000000
 Time to copy/scale dist. solution=       0.000484

 Elapsed time in solve driver=       0.2902
  335 KSP Residual norm 4.802074375163e-08

Entering DMUMPS 5.6.2 from C interface with JOB, N =   3     1237277
      executing #MPI =    128 and #OMP =      2



 ****** SOLVE & CHECK STEP ********

 GLOBAL STATISTICS PRIOR SOLVE PHASE ...........
 Number of right-hand-sides                    =           1
 Blocking factor for multiple rhs              =           1
 ICNTL (9)                                     =           1
  --- (10)                                     =           0
  --- (11)                                     =           0
  --- (20)                                     =          10
  --- (21)                                     =           1
  --- (30)                                     =           0
  --- (35)                                     =           0
 WARNING: original distributed matrix is not allocated
 ** Rank of processor needing largest memory in solve     :       127
 ** Space in MBYTES used by this processor for solve      :       756
 ** Avg. Space in MBYTES per working proc during solve    :       405

 Leaving solve with ...
 Time to build/scatter RHS        =       0.002069
 Time in solution step (fwd/bwd)  =       0.137005
  .. Time in forward (fwd) step   =          0.073700
  .. Time in ScaLAPACK root       =          0.001563
  .. Time in backward (bwd) step  =          0.061724
 Time to gather solution(cent.sol)=       0.000000
 Time to copy/scale dist. solution=       0.000499

 Elapsed time in solve driver=       0.2898
  336 KSP Residual norm 4.782366542024e-08

Entering DMUMPS 5.6.2 from C interface with JOB, N =   3     1237277
      executing #MPI =    128 and #OMP =      2



 ****** SOLVE & CHECK STEP ********

 GLOBAL STATISTICS PRIOR SOLVE PHASE ...........
 Number of right-hand-sides                    =           1
 Blocking factor for multiple rhs              =           1
 ICNTL (9)                                     =           1
  --- (10)                                     =           0
  --- (11)                                     =           0
  --- (20)                                     =          10
  --- (21)                                     =           1
  --- (30)                                     =           0
  --- (35)                                     =           0
 WARNING: original distributed matrix is not allocated
 ** Rank of processor needing largest memory in solve     :       127
 ** Space in MBYTES used by this processor for solve      :       756
 ** Avg. Space in MBYTES per working proc during solve    :       405

 Leaving solve with ...
 Time to build/scatter RHS        =       0.002199
 Time in solution step (fwd/bwd)  =       0.138957
  .. Time in forward (fwd) step   =          0.073669
  .. Time in ScaLAPACK root       =          0.001575
  .. Time in backward (bwd) step  =          0.063684
 Time to gather solution(cent.sol)=       0.000000
 Time to copy/scale dist. solution=       0.000486

 Elapsed time in solve driver=       0.2915
  337 KSP Residual norm 4.762899378444e-08

Entering DMUMPS 5.6.2 from C interface with JOB, N =   3     1237277
      executing #MPI =    128 and #OMP =      2



 ****** SOLVE & CHECK STEP ********

 GLOBAL STATISTICS PRIOR SOLVE PHASE ...........
 Number of right-hand-sides                    =           1
 Blocking factor for multiple rhs              =           1
 ICNTL (9)                                     =           1
  --- (10)                                     =           0
  --- (11)                                     =           0
  --- (20)                                     =          10
  --- (21)                                     =           1
  --- (30)                                     =           0
  --- (35)                                     =           0
 WARNING: original distributed matrix is not allocated
 ** Rank of processor needing largest memory in solve     :       127
 ** Space in MBYTES used by this processor for solve      :       756
 ** Avg. Space in MBYTES per working proc during solve    :       405

 Leaving solve with ...
 Time to build/scatter RHS        =       0.002041
 Time in solution step (fwd/bwd)  =       0.138165
  .. Time in forward (fwd) step   =          0.073626
  .. Time in ScaLAPACK root       =          0.001577
  .. Time in backward (bwd) step  =          0.062943
 Time to gather solution(cent.sol)=       0.000000
 Time to copy/scale dist. solution=       0.000481

 Elapsed time in solve driver=       0.2885
  338 KSP Residual norm 4.743668025591e-08

Entering DMUMPS 5.6.2 from C interface with JOB, N =   3     1237277
      executing #MPI =    128 and #OMP =      2



 ****** SOLVE & CHECK STEP ********

 GLOBAL STATISTICS PRIOR SOLVE PHASE ...........
 Number of right-hand-sides                    =           1
 Blocking factor for multiple rhs              =           1
 ICNTL (9)                                     =           1
  --- (10)                                     =           0
  --- (11)                                     =           0
  --- (20)                                     =          10
  --- (21)                                     =           1
  --- (30)                                     =           0
  --- (35)                                     =           0
 WARNING: original distributed matrix is not allocated
 ** Rank of processor needing largest memory in solve     :       127
 ** Space in MBYTES used by this processor for solve      :       756
 ** Avg. Space in MBYTES per working proc during solve    :       405

 Leaving solve with ...
 Time to build/scatter RHS        =       0.004746
 Time in solution step (fwd/bwd)  =       0.201467
  .. Time in forward (fwd) step   =          0.135952
  .. Time in ScaLAPACK root       =          0.001500
  .. Time in backward (bwd) step  =          0.063994
 Time to gather solution(cent.sol)=       0.000000
 Time to copy/scale dist. solution=       0.000480

 Elapsed time in solve driver=       0.3600
  339 KSP Residual norm 4.724667760864e-08

Entering DMUMPS 5.6.2 from C interface with JOB, N =   3     1237277
      executing #MPI =    128 and #OMP =      2



 ****** SOLVE & CHECK STEP ********

 GLOBAL STATISTICS PRIOR SOLVE PHASE ...........
 Number of right-hand-sides                    =           1
 Blocking factor for multiple rhs              =           1
 ICNTL (9)                                     =           1
  --- (10)                                     =           0
  --- (11)                                     =           0
  --- (20)                                     =          10
  --- (21)                                     =           1
  --- (30)                                     =           0
  --- (35)                                     =           0
 WARNING: original distributed matrix is not allocated
 ** Rank of processor needing largest memory in solve     :       127
 ** Space in MBYTES used by this processor for solve      :       756
 ** Avg. Space in MBYTES per working proc during solve    :       405

 Leaving solve with ...
 Time to build/scatter RHS        =       0.002079
 Time in solution step (fwd/bwd)  =       0.138137
  .. Time in forward (fwd) step   =          0.073545
  .. Time in ScaLAPACK root       =          0.001573
  .. Time in backward (bwd) step  =          0.063001
 Time to gather solution(cent.sol)=       0.000000
 Time to copy/scale dist. solution=       0.000487

 Elapsed time in solve driver=       0.2947
  340 KSP Residual norm 4.705893993021e-08

Entering DMUMPS 5.6.2 from C interface with JOB, N =   3     1237277
      executing #MPI =    128 and #OMP =      2



 ****** SOLVE & CHECK STEP ********

 GLOBAL STATISTICS PRIOR SOLVE PHASE ...........
 Number of right-hand-sides                    =           1
 Blocking factor for multiple rhs              =           1
 ICNTL (9)                                     =           1
  --- (10)                                     =           0
  --- (11)                                     =           0
  --- (20)                                     =          10
  --- (21)                                     =           1
  --- (30)                                     =           0
  --- (35)                                     =           0
 WARNING: original distributed matrix is not allocated
 ** Rank of processor needing largest memory in solve     :       127
 ** Space in MBYTES used by this processor for solve      :       756
 ** Avg. Space in MBYTES per working proc during solve    :       405

 Leaving solve with ...
 Time to build/scatter RHS        =       0.002018
 Time in solution step (fwd/bwd)  =       0.137997
  .. Time in forward (fwd) step   =          0.073215
  .. Time in ScaLAPACK root       =          0.001591
  .. Time in backward (bwd) step  =          0.063168
 Time to gather solution(cent.sol)=       0.000000
 Time to copy/scale dist. solution=       0.000481

 Elapsed time in solve driver=       0.2922
  341 KSP Residual norm 4.687342257521e-08

Entering DMUMPS 5.6.2 from C interface with JOB, N =   3     1237277
      executing #MPI =    128 and #OMP =      2



 ****** SOLVE & CHECK STEP ********

 GLOBAL STATISTICS PRIOR SOLVE PHASE ...........
 Number of right-hand-sides                    =           1
 Blocking factor for multiple rhs              =           1
 ICNTL (9)                                     =           1
  --- (10)                                     =           0
  --- (11)                                     =           0
  --- (20)                                     =          10
  --- (21)                                     =           1
  --- (30)                                     =           0
  --- (35)                                     =           0
 WARNING: original distributed matrix is not allocated
 ** Rank of processor needing largest memory in solve     :       127
 ** Space in MBYTES used by this processor for solve      :       756
 ** Avg. Space in MBYTES per working proc during solve    :       405

 Leaving solve with ...
 Time to build/scatter RHS        =       0.002000
 Time in solution step (fwd/bwd)  =       0.140069
  .. Time in forward (fwd) step   =          0.073204
  .. Time in ScaLAPACK root       =          0.001572
  .. Time in backward (bwd) step  =          0.065273
 Time to gather solution(cent.sol)=       0.000000
 Time to copy/scale dist. solution=       0.000465

 Elapsed time in solve driver=       0.2926
  342 KSP Residual norm 4.669008212059e-08

Entering DMUMPS 5.6.2 from C interface with JOB, N =   3     1237277
      executing #MPI =    128 and #OMP =      2



 ****** SOLVE & CHECK STEP ********

 GLOBAL STATISTICS PRIOR SOLVE PHASE ...........
 Number of right-hand-sides                    =           1
 Blocking factor for multiple rhs              =           1
 ICNTL (9)                                     =           1
  --- (10)                                     =           0
  --- (11)                                     =           0
  --- (20)                                     =          10
  --- (21)                                     =           1
  --- (30)                                     =           0
  --- (35)                                     =           0
 WARNING: original distributed matrix is not allocated
 ** Rank of processor needing largest memory in solve     :       127
 ** Space in MBYTES used by this processor for solve      :       756
 ** Avg. Space in MBYTES per working proc during solve    :       405

 Leaving solve with ...
 Time to build/scatter RHS        =       0.002135
 Time in solution step (fwd/bwd)  =       0.135568
  .. Time in forward (fwd) step   =          0.073503
  .. Time in ScaLAPACK root       =          0.001583
  .. Time in backward (bwd) step  =          0.060461
 Time to gather solution(cent.sol)=       0.000000
 Time to copy/scale dist. solution=       0.000483

 Elapsed time in solve driver=       0.2875
  343 KSP Residual norm 4.650887632302e-08

Entering DMUMPS 5.6.2 from C interface with JOB, N =   3     1237277
      executing #MPI =    128 and #OMP =      2



 ****** SOLVE & CHECK STEP ********

 GLOBAL STATISTICS PRIOR SOLVE PHASE ...........
 Number of right-hand-sides                    =           1
 Blocking factor for multiple rhs              =           1
 ICNTL (9)                                     =           1
  --- (10)                                     =           0
  --- (11)                                     =           0
  --- (20)                                     =          10
  --- (21)                                     =           1
  --- (30)                                     =           0
  --- (35)                                     =           0
 WARNING: original distributed matrix is not allocated
 ** Rank of processor needing largest memory in solve     :       127
 ** Space in MBYTES used by this processor for solve      :       756
 ** Avg. Space in MBYTES per working proc during solve    :       405

 Leaving solve with ...
 Time to build/scatter RHS        =       0.002294
 Time in solution step (fwd/bwd)  =       0.138651
  .. Time in forward (fwd) step   =          0.073662
  .. Time in ScaLAPACK root       =          0.001575
  .. Time in backward (bwd) step  =          0.063386
 Time to gather solution(cent.sol)=       0.000000
 Time to copy/scale dist. solution=       0.000476

 Elapsed time in solve driver=       0.2879
  344 KSP Residual norm 4.632976407798e-08

Entering DMUMPS 5.6.2 from C interface with JOB, N =   3     1237277
      executing #MPI =    128 and #OMP =      2



 ****** SOLVE & CHECK STEP ********

 GLOBAL STATISTICS PRIOR SOLVE PHASE ...........
 Number of right-hand-sides                    =           1
 Blocking factor for multiple rhs              =           1
 ICNTL (9)                                     =           1
  --- (10)                                     =           0
  --- (11)                                     =           0
  --- (20)                                     =          10
  --- (21)                                     =           1
  --- (30)                                     =           0
  --- (35)                                     =           0
 WARNING: original distributed matrix is not allocated
 ** Rank of processor needing largest memory in solve     :       127
 ** Space in MBYTES used by this processor for solve      :       756
 ** Avg. Space in MBYTES per working proc during solve    :       405

 Leaving solve with ...
 Time to build/scatter RHS        =       0.002096
 Time in solution step (fwd/bwd)  =       0.134879
  .. Time in forward (fwd) step   =          0.073018
  .. Time in ScaLAPACK root       =          0.001603
  .. Time in backward (bwd) step  =          0.060238
 Time to gather solution(cent.sol)=       0.000000
 Time to copy/scale dist. solution=       0.000484

 Elapsed time in solve driver=       0.2881
  345 KSP Residual norm 4.615270538055e-08

Entering DMUMPS 5.6.2 from C interface with JOB, N =   3     1237277
      executing #MPI =    128 and #OMP =      2



 ****** SOLVE & CHECK STEP ********

 GLOBAL STATISTICS PRIOR SOLVE PHASE ...........
 Number of right-hand-sides                    =           1
 Blocking factor for multiple rhs              =           1
 ICNTL (9)                                     =           1
  --- (10)                                     =           0
  --- (11)                                     =           0
  --- (20)                                     =          10
  --- (21)                                     =           1
  --- (30)                                     =           0
  --- (35)                                     =           0
 WARNING: original distributed matrix is not allocated
 ** Rank of processor needing largest memory in solve     :       127
 ** Space in MBYTES used by this processor for solve      :       756
 ** Avg. Space in MBYTES per working proc during solve    :       405

 Leaving solve with ...
 Time to build/scatter RHS        =       0.002080
 Time in solution step (fwd/bwd)  =       0.137335
  .. Time in forward (fwd) step   =          0.072792
  .. Time in ScaLAPACK root       =          0.001584
  .. Time in backward (bwd) step  =          0.062936
 Time to gather solution(cent.sol)=       0.000000
 Time to copy/scale dist. solution=       0.000513

 Elapsed time in solve driver=       0.2879
  346 KSP Residual norm 4.597766128794e-08

Entering DMUMPS 5.6.2 from C interface with JOB, N =   3     1237277
      executing #MPI =    128 and #OMP =      2



 ****** SOLVE & CHECK STEP ********

 GLOBAL STATISTICS PRIOR SOLVE PHASE ...........
 Number of right-hand-sides                    =           1
 Blocking factor for multiple rhs              =           1
 ICNTL (9)                                     =           1
  --- (10)                                     =           0
  --- (11)                                     =           0
  --- (20)                                     =          10
  --- (21)                                     =           1
  --- (30)                                     =           0
  --- (35)                                     =           0
 WARNING: original distributed matrix is not allocated
 ** Rank of processor needing largest memory in solve     :       127
 ** Space in MBYTES used by this processor for solve      :       756
 ** Avg. Space in MBYTES per working proc during solve    :       405

 Leaving solve with ...
 Time to build/scatter RHS        =       0.002018
 Time in solution step (fwd/bwd)  =       0.133641
  .. Time in forward (fwd) step   =          0.072851
  .. Time in ScaLAPACK root       =          0.001573
  .. Time in backward (bwd) step  =          0.059198
 Time to gather solution(cent.sol)=       0.000000
 Time to copy/scale dist. solution=       0.000489

 Elapsed time in solve driver=       0.2855
  347 KSP Residual norm 4.580459388346e-08

Entering DMUMPS 5.6.2 from C interface with JOB, N =   3     1237277
      executing #MPI =    128 and #OMP =      2



 ****** SOLVE & CHECK STEP ********

 GLOBAL STATISTICS PRIOR SOLVE PHASE ...........
 Number of right-hand-sides                    =           1
 Blocking factor for multiple rhs              =           1
 ICNTL (9)                                     =           1
  --- (10)                                     =           0
  --- (11)                                     =           0
  --- (20)                                     =          10
  --- (21)                                     =           1
  --- (30)                                     =           0
  --- (35)                                     =           0
 WARNING: original distributed matrix is not allocated
 ** Rank of processor needing largest memory in solve     :       127
 ** Space in MBYTES used by this processor for solve      :       756
 ** Avg. Space in MBYTES per working proc during solve    :       405

 Leaving solve with ...
 Time to build/scatter RHS        =       0.001954
 Time in solution step (fwd/bwd)  =       0.138035
  .. Time in forward (fwd) step   =          0.073998
  .. Time in ScaLAPACK root       =          0.001602
  .. Time in backward (bwd) step  =          0.062413
 Time to gather solution(cent.sol)=       0.000000
 Time to copy/scale dist. solution=       0.000508

 Elapsed time in solve driver=       0.2943
  348 KSP Residual norm 4.563346624204e-08

Entering DMUMPS 5.6.2 from C interface with JOB, N =   3     1237277
      executing #MPI =    128 and #OMP =      2



 ****** SOLVE & CHECK STEP ********

 GLOBAL STATISTICS PRIOR SOLVE PHASE ...........
 Number of right-hand-sides                    =           1
 Blocking factor for multiple rhs              =           1
 ICNTL (9)                                     =           1
  --- (10)                                     =           0
  --- (11)                                     =           0
  --- (20)                                     =          10
  --- (21)                                     =           1
  --- (30)                                     =           0
  --- (35)                                     =           0
 WARNING: original distributed matrix is not allocated
 ** Rank of processor needing largest memory in solve     :       127
 ** Space in MBYTES used by this processor for solve      :       756
 ** Avg. Space in MBYTES per working proc during solve    :       405

 Leaving solve with ...
 Time to build/scatter RHS        =       0.001978
 Time in solution step (fwd/bwd)  =       0.137261
  .. Time in forward (fwd) step   =          0.074013
  .. Time in ScaLAPACK root       =          0.001582
  .. Time in backward (bwd) step  =          0.061646
 Time to gather solution(cent.sol)=       0.000000
 Time to copy/scale dist. solution=       0.000491

 Elapsed time in solve driver=       0.2964
  349 KSP Residual norm 4.546424239713e-08

Entering DMUMPS 5.6.2 from C interface with JOB, N =   3     1237277
      executing #MPI =    128 and #OMP =      2



 ****** SOLVE & CHECK STEP ********

 GLOBAL STATISTICS PRIOR SOLVE PHASE ...........
 Number of right-hand-sides                    =           1
 Blocking factor for multiple rhs              =           1
 ICNTL (9)                                     =           1
  --- (10)                                     =           0
  --- (11)                                     =           0
  --- (20)                                     =          10
  --- (21)                                     =           1
  --- (30)                                     =           0
  --- (35)                                     =           0
 WARNING: original distributed matrix is not allocated
 ** Rank of processor needing largest memory in solve     :       127
 ** Space in MBYTES used by this processor for solve      :       756
 ** Avg. Space in MBYTES per working proc during solve    :       405

 Leaving solve with ...
 Time to build/scatter RHS        =       0.001924
 Time in solution step (fwd/bwd)  =       0.137174
  .. Time in forward (fwd) step   =          0.073226
  .. Time in ScaLAPACK root       =          0.001557
  .. Time in backward (bwd) step  =          0.062370
 Time to gather solution(cent.sol)=       0.000000
 Time to copy/scale dist. solution=       0.000484

 Elapsed time in solve driver=       0.2924
  350 KSP Residual norm 4.529688730894e-08

Entering DMUMPS 5.6.2 from C interface with JOB, N =   3     1237277
      executing #MPI =    128 and #OMP =      2



 ****** SOLVE & CHECK STEP ********

 GLOBAL STATISTICS PRIOR SOLVE PHASE ...........
 Number of right-hand-sides                    =           1
 Blocking factor for multiple rhs              =           1
 ICNTL (9)                                     =           1
  --- (10)                                     =           0
  --- (11)                                     =           0
  --- (20)                                     =          10
  --- (21)                                     =           1
  --- (30)                                     =           0
  --- (35)                                     =           0
 WARNING: original distributed matrix is not allocated
 ** Rank of processor needing largest memory in solve     :       127
 ** Space in MBYTES used by this processor for solve      :       756
 ** Avg. Space in MBYTES per working proc during solve    :       405

 Leaving solve with ...
 Time to build/scatter RHS        =       0.002012
 Time in solution step (fwd/bwd)  =       0.136780
  .. Time in forward (fwd) step   =          0.073446
  .. Time in ScaLAPACK root       =          0.001557
  .. Time in backward (bwd) step  =          0.061747
 Time to gather solution(cent.sol)=       0.000000
 Time to copy/scale dist. solution=       0.000485

 Elapsed time in solve driver=       0.2874
  351 KSP Residual norm 4.513136683396e-08

Entering DMUMPS 5.6.2 from C interface with JOB, N =   3     1237277
      executing #MPI =    128 and #OMP =      2



 ****** SOLVE & CHECK STEP ********

 GLOBAL STATISTICS PRIOR SOLVE PHASE ...........
 Number of right-hand-sides                    =           1
 Blocking factor for multiple rhs              =           1
 ICNTL (9)                                     =           1
  --- (10)                                     =           0
  --- (11)                                     =           0
  --- (20)                                     =          10
  --- (21)                                     =           1
  --- (30)                                     =           0
  --- (35)                                     =           0
 WARNING: original distributed matrix is not allocated
 ** Rank of processor needing largest memory in solve     :       127
 ** Space in MBYTES used by this processor for solve      :       756
 ** Avg. Space in MBYTES per working proc during solve    :       405

 Leaving solve with ...
 Time to build/scatter RHS        =       0.001965
 Time in solution step (fwd/bwd)  =       0.138145
  .. Time in forward (fwd) step   =          0.073470
  .. Time in ScaLAPACK root       =          0.001575
  .. Time in backward (bwd) step  =          0.063078
 Time to gather solution(cent.sol)=       0.000000
 Time to copy/scale dist. solution=       0.000484

 Elapsed time in solve driver=       0.2940
  352 KSP Residual norm 4.496764769572e-08

Entering DMUMPS 5.6.2 from C interface with JOB, N =   3     1237277
      executing #MPI =    128 and #OMP =      2



 ****** SOLVE & CHECK STEP ********

 GLOBAL STATISTICS PRIOR SOLVE PHASE ...........
 Number of right-hand-sides                    =           1
 Blocking factor for multiple rhs              =           1
 ICNTL (9)                                     =           1
  --- (10)                                     =           0
  --- (11)                                     =           0
  --- (20)                                     =          10
  --- (21)                                     =           1
  --- (30)                                     =           0
  --- (35)                                     =           0
 WARNING: original distributed matrix is not allocated
 ** Rank of processor needing largest memory in solve     :       127
 ** Space in MBYTES used by this processor for solve      :       756
 ** Avg. Space in MBYTES per working proc during solve    :       405

 Leaving solve with ...
 Time to build/scatter RHS        =       0.002337
 Time in solution step (fwd/bwd)  =       0.138182
  .. Time in forward (fwd) step   =          0.074356
  .. Time in ScaLAPACK root       =          0.001570
  .. Time in backward (bwd) step  =          0.062236
 Time to gather solution(cent.sol)=       0.000000
 Time to copy/scale dist. solution=       0.000481

 Elapsed time in solve driver=       0.2946
  353 KSP Residual norm 4.480569745664e-08

Entering DMUMPS 5.6.2 from C interface with JOB, N =   3     1237277
      executing #MPI =    128 and #OMP =      2



 ****** SOLVE & CHECK STEP ********

 GLOBAL STATISTICS PRIOR SOLVE PHASE ...........
 Number of right-hand-sides                    =           1
 Blocking factor for multiple rhs              =           1
 ICNTL (9)                                     =           1
  --- (10)                                     =           0
  --- (11)                                     =           0
  --- (20)                                     =          10
  --- (21)                                     =           1
  --- (30)                                     =           0
  --- (35)                                     =           0
 WARNING: original distributed matrix is not allocated
 ** Rank of processor needing largest memory in solve     :       127
 ** Space in MBYTES used by this processor for solve      :       756
 ** Avg. Space in MBYTES per working proc during solve    :       405

 Leaving solve with ...
 Time to build/scatter RHS        =       0.002192
 Time in solution step (fwd/bwd)  =       0.137206
  .. Time in forward (fwd) step   =          0.073718
  .. Time in ScaLAPACK root       =          0.001593
  .. Time in backward (bwd) step  =          0.061877
 Time to gather solution(cent.sol)=       0.000000
 Time to copy/scale dist. solution=       0.000488

 Elapsed time in solve driver=       0.2934
  354 KSP Residual norm 4.464548449109e-08

Entering DMUMPS 5.6.2 from C interface with JOB, N =   3     1237277
      executing #MPI =    128 and #OMP =      2



 ****** SOLVE & CHECK STEP ********

 GLOBAL STATISTICS PRIOR SOLVE PHASE ...........
 Number of right-hand-sides                    =           1
 Blocking factor for multiple rhs              =           1
 ICNTL (9)                                     =           1
  --- (10)                                     =           0
  --- (11)                                     =           0
  --- (20)                                     =          10
  --- (21)                                     =           1
  --- (30)                                     =           0
  --- (35)                                     =           0
 WARNING: original distributed matrix is not allocated
 ** Rank of processor needing largest memory in solve     :       127
 ** Space in MBYTES used by this processor for solve      :       756
 ** Avg. Space in MBYTES per working proc during solve    :       405

 Leaving solve with ...
 Time to build/scatter RHS        =       0.002073
 Time in solution step (fwd/bwd)  =       0.138495
  .. Time in forward (fwd) step   =          0.073740
  .. Time in ScaLAPACK root       =          0.001586
  .. Time in backward (bwd) step  =          0.063144
 Time to gather solution(cent.sol)=       0.000000
 Time to copy/scale dist. solution=       0.000482

 Elapsed time in solve driver=       0.2963
  355 KSP Residual norm 4.448697795939e-08

Entering DMUMPS 5.6.2 from C interface with JOB, N =   3     1237277
      executing #MPI =    128 and #OMP =      2



 ****** SOLVE & CHECK STEP ********

 GLOBAL STATISTICS PRIOR SOLVE PHASE ...........
 Number of right-hand-sides                    =           1
 Blocking factor for multiple rhs              =           1
 ICNTL (9)                                     =           1
  --- (10)                                     =           0
  --- (11)                                     =           0
  --- (20)                                     =          10
  --- (21)                                     =           1
  --- (30)                                     =           0
  --- (35)                                     =           0
 WARNING: original distributed matrix is not allocated
 ** Rank of processor needing largest memory in solve     :       127
 ** Space in MBYTES used by this processor for solve      :       756
 ** Avg. Space in MBYTES per working proc during solve    :       405

 Leaving solve with ...
 Time to build/scatter RHS        =       0.002119
 Time in solution step (fwd/bwd)  =       0.138087
  .. Time in forward (fwd) step   =          0.074870
  .. Time in ScaLAPACK root       =          0.001554
  .. Time in backward (bwd) step  =          0.061643
 Time to gather solution(cent.sol)=       0.000000
 Time to copy/scale dist. solution=       0.000562

 Elapsed time in solve driver=       0.2934
  356 KSP Residual norm 4.433014778292e-08

Entering DMUMPS 5.6.2 from C interface with JOB, N =   3     1237277
      executing #MPI =    128 and #OMP =      2



 ****** SOLVE & CHECK STEP ********

 GLOBAL STATISTICS PRIOR SOLVE PHASE ...........
 Number of right-hand-sides                    =           1
 Blocking factor for multiple rhs              =           1
 ICNTL (9)                                     =           1
  --- (10)                                     =           0
  --- (11)                                     =           0
  --- (20)                                     =          10
  --- (21)                                     =           1
  --- (30)                                     =           0
  --- (35)                                     =           0
 WARNING: original distributed matrix is not allocated
 ** Rank of processor needing largest memory in solve     :       127
 ** Space in MBYTES used by this processor for solve      :       756
 ** Avg. Space in MBYTES per working proc during solve    :       405

 Leaving solve with ...
 Time to build/scatter RHS        =       0.002035
 Time in solution step (fwd/bwd)  =       0.137748
  .. Time in forward (fwd) step   =          0.073142
  .. Time in ScaLAPACK root       =          0.001581
  .. Time in backward (bwd) step  =          0.063005
 Time to gather solution(cent.sol)=       0.000000
 Time to copy/scale dist. solution=       0.000480

 Elapsed time in solve driver=       0.2909
  357 KSP Residual norm 4.417496462012e-08

Entering DMUMPS 5.6.2 from C interface with JOB, N =   3     1237277
      executing #MPI =    128 and #OMP =      2



 ****** SOLVE & CHECK STEP ********

 GLOBAL STATISTICS PRIOR SOLVE PHASE ...........
 Number of right-hand-sides                    =           1
 Blocking factor for multiple rhs              =           1
 ICNTL (9)                                     =           1
  --- (10)                                     =           0
  --- (11)                                     =           0
  --- (20)                                     =          10
  --- (21)                                     =           1
  --- (30)                                     =           0
  --- (35)                                     =           0
 WARNING: original distributed matrix is not allocated
 ** Rank of processor needing largest memory in solve     :       127
 ** Space in MBYTES used by this processor for solve      :       756
 ** Avg. Space in MBYTES per working proc during solve    :       405

 Leaving solve with ...
 Time to build/scatter RHS        =       0.002033
 Time in solution step (fwd/bwd)  =       0.134191
  .. Time in forward (fwd) step   =          0.072866
  .. Time in ScaLAPACK root       =          0.001584
  .. Time in backward (bwd) step  =          0.059712
 Time to gather solution(cent.sol)=       0.000000
 Time to copy/scale dist. solution=       0.000488

 Elapsed time in solve driver=       0.2881
  358 KSP Residual norm 4.402139984342e-08

Entering DMUMPS 5.6.2 from C interface with JOB, N =   3     1237277
      executing #MPI =    128 and #OMP =      2



 ****** SOLVE & CHECK STEP ********

 GLOBAL STATISTICS PRIOR SOLVE PHASE ...........
 Number of right-hand-sides                    =           1
 Blocking factor for multiple rhs              =           1
 ICNTL (9)                                     =           1
  --- (10)                                     =           0
  --- (11)                                     =           0
  --- (20)                                     =          10
  --- (21)                                     =           1
  --- (30)                                     =           0
  --- (35)                                     =           0
 WARNING: original distributed matrix is not allocated
 ** Rank of processor needing largest memory in solve     :       127
 ** Space in MBYTES used by this processor for solve      :       756
 ** Avg. Space in MBYTES per working proc during solve    :       405

 Leaving solve with ...
 Time to build/scatter RHS        =       0.002002
 Time in solution step (fwd/bwd)  =       0.139731
  .. Time in forward (fwd) step   =          0.073860
  .. Time in ScaLAPACK root       =          0.001558
  .. Time in backward (bwd) step  =          0.064280
 Time to gather solution(cent.sol)=       0.000000
 Time to copy/scale dist. solution=       0.000480

 Elapsed time in solve driver=       0.2943
  359 KSP Residual norm 4.386942551707e-08

Entering DMUMPS 5.6.2 from C interface with JOB, N =   3     1237277
      executing #MPI =    128 and #OMP =      2



 ****** SOLVE & CHECK STEP ********

 GLOBAL STATISTICS PRIOR SOLVE PHASE ...........
 Number of right-hand-sides                    =           1
 Blocking factor for multiple rhs              =           1
 ICNTL (9)                                     =           1
  --- (10)                                     =           0
  --- (11)                                     =           0
  --- (20)                                     =          10
  --- (21)                                     =           1
  --- (30)                                     =           0
  --- (35)                                     =           0
 WARNING: original distributed matrix is not allocated
 ** Rank of processor needing largest memory in solve     :       127
 ** Space in MBYTES used by this processor for solve      :       756
 ** Avg. Space in MBYTES per working proc during solve    :       405

 Leaving solve with ...
 Time to build/scatter RHS        =       0.002089
 Time in solution step (fwd/bwd)  =       0.137942
  .. Time in forward (fwd) step   =          0.073536
  .. Time in ScaLAPACK root       =          0.001567
  .. Time in backward (bwd) step  =          0.062819
 Time to gather solution(cent.sol)=       0.000000
 Time to copy/scale dist. solution=       0.000482

 Elapsed time in solve driver=       0.2897
  360 KSP Residual norm 4.371901437580e-08

Entering DMUMPS 5.6.2 from C interface with JOB, N =   3     1237277
      executing #MPI =    128 and #OMP =      2



 ****** SOLVE & CHECK STEP ********

 GLOBAL STATISTICS PRIOR SOLVE PHASE ...........
 Number of right-hand-sides                    =           1
 Blocking factor for multiple rhs              =           1
 ICNTL (9)                                     =           1
  --- (10)                                     =           0
  --- (11)                                     =           0
  --- (20)                                     =          10
  --- (21)                                     =           1
  --- (30)                                     =           0
  --- (35)                                     =           0
 WARNING: original distributed matrix is not allocated
 ** Rank of processor needing largest memory in solve     :       127
 ** Space in MBYTES used by this processor for solve      :       756
 ** Avg. Space in MBYTES per working proc during solve    :       405

 Leaving solve with ...
 Time to build/scatter RHS        =       0.002052
 Time in solution step (fwd/bwd)  =       0.137091
  .. Time in forward (fwd) step   =          0.072485
  .. Time in ScaLAPACK root       =          0.001586
  .. Time in backward (bwd) step  =          0.063000
 Time to gather solution(cent.sol)=       0.000000
 Time to copy/scale dist. solution=       0.000484

 Elapsed time in solve driver=       0.2879
  361 KSP Residual norm 4.357013980425e-08

Entering DMUMPS 5.6.2 from C interface with JOB, N =   3     1237277
      executing #MPI =    128 and #OMP =      2



 ****** SOLVE & CHECK STEP ********

 GLOBAL STATISTICS PRIOR SOLVE PHASE ...........
 Number of right-hand-sides                    =           1
 Blocking factor for multiple rhs              =           1
 ICNTL (9)                                     =           1
  --- (10)                                     =           0
  --- (11)                                     =           0
  --- (20)                                     =          10
  --- (21)                                     =           1
  --- (30)                                     =           0
  --- (35)                                     =           0
 WARNING: original distributed matrix is not allocated
 ** Rank of processor needing largest memory in solve     :       127
 ** Space in MBYTES used by this processor for solve      :       756
 ** Avg. Space in MBYTES per working proc during solve    :       405

 Leaving solve with ...
 Time to build/scatter RHS        =       0.002089
 Time in solution step (fwd/bwd)  =       0.136304
  .. Time in forward (fwd) step   =          0.073881
  .. Time in ScaLAPACK root       =          0.001584
  .. Time in backward (bwd) step  =          0.060820
 Time to gather solution(cent.sol)=       0.000000
 Time to copy/scale dist. solution=       0.000480

 Elapsed time in solve driver=       0.2901
  362 KSP Residual norm 4.342277581721e-08

Entering DMUMPS 5.6.2 from C interface with JOB, N =   3     1237277
      executing #MPI =    128 and #OMP =      2



 ****** SOLVE & CHECK STEP ********

 GLOBAL STATISTICS PRIOR SOLVE PHASE ...........
 Number of right-hand-sides                    =           1
 Blocking factor for multiple rhs              =           1
 ICNTL (9)                                     =           1
  --- (10)                                     =           0
  --- (11)                                     =           0
  --- (20)                                     =          10
  --- (21)                                     =           1
  --- (30)                                     =           0
  --- (35)                                     =           0
 WARNING: original distributed matrix is not allocated
 ** Rank of processor needing largest memory in solve     :       127
 ** Space in MBYTES used by this processor for solve      :       756
 ** Avg. Space in MBYTES per working proc during solve    :       405

 Leaving solve with ...
 Time to build/scatter RHS        =       0.002136
 Time in solution step (fwd/bwd)  =       0.138188
  .. Time in forward (fwd) step   =          0.073260
  .. Time in ScaLAPACK root       =          0.001586
  .. Time in backward (bwd) step  =          0.063323
 Time to gather solution(cent.sol)=       0.000000
 Time to copy/scale dist. solution=       0.000501

 Elapsed time in solve driver=       0.2905
  363 KSP Residual norm 4.327689704054e-08

Entering DMUMPS 5.6.2 from C interface with JOB, N =   3     1237277
      executing #MPI =    128 and #OMP =      2



 ****** SOLVE & CHECK STEP ********

 GLOBAL STATISTICS PRIOR SOLVE PHASE ...........
 Number of right-hand-sides                    =           1
 Blocking factor for multiple rhs              =           1
 ICNTL (9)                                     =           1
  --- (10)                                     =           0
  --- (11)                                     =           0
  --- (20)                                     =          10
  --- (21)                                     =           1
  --- (30)                                     =           0
  --- (35)                                     =           0
 WARNING: original distributed matrix is not allocated
 ** Rank of processor needing largest memory in solve     :       127
 ** Space in MBYTES used by this processor for solve      :       756
 ** Avg. Space in MBYTES per working proc during solve    :       405

 Leaving solve with ...
 Time to build/scatter RHS        =       0.002162
 Time in solution step (fwd/bwd)  =       0.138715
  .. Time in forward (fwd) step   =          0.073673
  .. Time in ScaLAPACK root       =          0.001566
  .. Time in backward (bwd) step  =          0.063455
 Time to gather solution(cent.sol)=       0.000000
 Time to copy/scale dist. solution=       0.000468

 Elapsed time in solve driver=       0.2905
  364 KSP Residual norm 4.313247869284e-08

Entering DMUMPS 5.6.2 from C interface with JOB, N =   3     1237277
      executing #MPI =    128 and #OMP =      2



 ****** SOLVE & CHECK STEP ********

 GLOBAL STATISTICS PRIOR SOLVE PHASE ...........
 Number of right-hand-sides                    =           1
 Blocking factor for multiple rhs              =           1
 ICNTL (9)                                     =           1
  --- (10)                                     =           0
  --- (11)                                     =           0
  --- (20)                                     =          10
  --- (21)                                     =           1
  --- (30)                                     =           0
  --- (35)                                     =           0
 WARNING: original distributed matrix is not allocated
 ** Rank of processor needing largest memory in solve     :       127
 ** Space in MBYTES used by this processor for solve      :       756
 ** Avg. Space in MBYTES per working proc during solve    :       405

 Leaving solve with ...
 Time to build/scatter RHS        =       0.002099
 Time in solution step (fwd/bwd)  =       0.137597
  .. Time in forward (fwd) step   =          0.073943
  .. Time in ScaLAPACK root       =          0.001587
  .. Time in backward (bwd) step  =          0.062037
 Time to gather solution(cent.sol)=       0.000000
 Time to copy/scale dist. solution=       0.000483

 Elapsed time in solve driver=       0.2872
  365 KSP Residual norm 4.298949656775e-08

Entering DMUMPS 5.6.2 from C interface with JOB, N =   3     1237277
      executing #MPI =    128 and #OMP =      2



 ****** SOLVE & CHECK STEP ********

 GLOBAL STATISTICS PRIOR SOLVE PHASE ...........
 Number of right-hand-sides                    =           1
 Blocking factor for multiple rhs              =           1
 ICNTL (9)                                     =           1
  --- (10)                                     =           0
  --- (11)                                     =           0
  --- (20)                                     =          10
  --- (21)                                     =           1
  --- (30)                                     =           0
  --- (35)                                     =           0
 WARNING: original distributed matrix is not allocated
 ** Rank of processor needing largest memory in solve     :       127
 ** Space in MBYTES used by this processor for solve      :       756
 ** Avg. Space in MBYTES per working proc during solve    :       405

 Leaving solve with ...
 Time to build/scatter RHS        =       0.002094
 Time in solution step (fwd/bwd)  =       0.136989
  .. Time in forward (fwd) step   =          0.073557
  .. Time in ScaLAPACK root       =          0.001564
  .. Time in backward (bwd) step  =          0.061847
 Time to gather solution(cent.sol)=       0.000000
 Time to copy/scale dist. solution=       0.000479

 Elapsed time in solve driver=       0.2907
  366 KSP Residual norm 4.284792701693e-08

Entering DMUMPS 5.6.2 from C interface with JOB, N =   3     1237277
      executing #MPI =    128 and #OMP =      2



 ****** SOLVE & CHECK STEP ********

 GLOBAL STATISTICS PRIOR SOLVE PHASE ...........
 Number of right-hand-sides                    =           1
 Blocking factor for multiple rhs              =           1
 ICNTL (9)                                     =           1
  --- (10)                                     =           0
  --- (11)                                     =           0
  --- (20)                                     =          10
  --- (21)                                     =           1
  --- (30)                                     =           0
  --- (35)                                     =           0
 WARNING: original distributed matrix is not allocated
 ** Rank of processor needing largest memory in solve     :       127
 ** Space in MBYTES used by this processor for solve      :       756
 ** Avg. Space in MBYTES per working proc during solve    :       405

 Leaving solve with ...
 Time to build/scatter RHS        =       0.001988
 Time in solution step (fwd/bwd)  =       0.137347
  .. Time in forward (fwd) step   =          0.073641
  .. Time in ScaLAPACK root       =          0.001555
  .. Time in backward (bwd) step  =          0.062125
 Time to gather solution(cent.sol)=       0.000000
 Time to copy/scale dist. solution=       0.000481

 Elapsed time in solve driver=       0.2876
  367 KSP Residual norm 4.270774693360e-08

Entering DMUMPS 5.6.2 from C interface with JOB, N =   3     1237277
      executing #MPI =    128 and #OMP =      2



 ****** SOLVE & CHECK STEP ********

 GLOBAL STATISTICS PRIOR SOLVE PHASE ...........
 Number of right-hand-sides                    =           1
 Blocking factor for multiple rhs              =           1
 ICNTL (9)                                     =           1
  --- (10)                                     =           0
  --- (11)                                     =           0
  --- (20)                                     =          10
  --- (21)                                     =           1
  --- (30)                                     =           0
  --- (35)                                     =           0
 WARNING: original distributed matrix is not allocated
 ** Rank of processor needing largest memory in solve     :       127
 ** Space in MBYTES used by this processor for solve      :       756
 ** Avg. Space in MBYTES per working proc during solve    :       405

 Leaving solve with ...
 Time to build/scatter RHS        =       0.001928
 Time in solution step (fwd/bwd)  =       0.136851
  .. Time in forward (fwd) step   =          0.073519
  .. Time in ScaLAPACK root       =          0.001591
  .. Time in backward (bwd) step  =          0.061722
 Time to gather solution(cent.sol)=       0.000000
 Time to copy/scale dist. solution=       0.000472

 Elapsed time in solve driver=       0.2907
  368 KSP Residual norm 4.256893373671e-08

Entering DMUMPS 5.6.2 from C interface with JOB, N =   3     1237277
      executing #MPI =    128 and #OMP =      2



 ****** SOLVE & CHECK STEP ********

 GLOBAL STATISTICS PRIOR SOLVE PHASE ...........
 Number of right-hand-sides                    =           1
 Blocking factor for multiple rhs              =           1
 ICNTL (9)                                     =           1
  --- (10)                                     =           0
  --- (11)                                     =           0
  --- (20)                                     =          10
  --- (21)                                     =           1
  --- (30)                                     =           0
  --- (35)                                     =           0
 WARNING: original distributed matrix is not allocated
 ** Rank of processor needing largest memory in solve     :       127
 ** Space in MBYTES used by this processor for solve      :       756
 ** Avg. Space in MBYTES per working proc during solve    :       405

 Leaving solve with ...
 Time to build/scatter RHS        =       0.001991
 Time in solution step (fwd/bwd)  =       0.136332
  .. Time in forward (fwd) step   =          0.073507
  .. Time in ScaLAPACK root       =          0.001564
  .. Time in backward (bwd) step  =          0.061241
 Time to gather solution(cent.sol)=       0.000000
 Time to copy/scale dist. solution=       0.000485

 Elapsed time in solve driver=       0.2907
  369 KSP Residual norm 4.243146535568e-08

Entering DMUMPS 5.6.2 from C interface with JOB, N =   3     1237277
      executing #MPI =    128 and #OMP =      2



 ****** SOLVE & CHECK STEP ********

 GLOBAL STATISTICS PRIOR SOLVE PHASE ...........
 Number of right-hand-sides                    =           1
 Blocking factor for multiple rhs              =           1
 ICNTL (9)                                     =           1
  --- (10)                                     =           0
  --- (11)                                     =           0
  --- (20)                                     =          10
  --- (21)                                     =           1
  --- (30)                                     =           0
  --- (35)                                     =           0
 WARNING: original distributed matrix is not allocated
 ** Rank of processor needing largest memory in solve     :       127
 ** Space in MBYTES used by this processor for solve      :       756
 ** Avg. Space in MBYTES per working proc during solve    :       405

 Leaving solve with ...
 Time to build/scatter RHS        =       0.002020
 Time in solution step (fwd/bwd)  =       0.136832
  .. Time in forward (fwd) step   =          0.073956
  .. Time in ScaLAPACK root       =          0.001591
  .. Time in backward (bwd) step  =          0.061265
 Time to gather solution(cent.sol)=       0.000000
 Time to copy/scale dist. solution=       0.000482

 Elapsed time in solve driver=       0.2902
  370 KSP Residual norm 4.229532021560e-08

Entering DMUMPS 5.6.2 from C interface with JOB, N =   3     1237277
      executing #MPI =    128 and #OMP =      2



 ****** SOLVE & CHECK STEP ********

 GLOBAL STATISTICS PRIOR SOLVE PHASE ...........
 Number of right-hand-sides                    =           1
 Blocking factor for multiple rhs              =           1
 ICNTL (9)                                     =           1
  --- (10)                                     =           0
  --- (11)                                     =           0
  --- (20)                                     =          10
  --- (21)                                     =           1
  --- (30)                                     =           0
  --- (35)                                     =           0
 WARNING: original distributed matrix is not allocated
 ** Rank of processor needing largest memory in solve     :       127
 ** Space in MBYTES used by this processor for solve      :       756
 ** Avg. Space in MBYTES per working proc during solve    :       405

 Leaving solve with ...
 Time to build/scatter RHS        =       0.002001
 Time in solution step (fwd/bwd)  =       0.136801
  .. Time in forward (fwd) step   =          0.073664
  .. Time in ScaLAPACK root       =          0.001578
  .. Time in backward (bwd) step  =          0.061539
 Time to gather solution(cent.sol)=       0.000000
 Time to copy/scale dist. solution=       0.000485

 Elapsed time in solve driver=       0.2889
  371 KSP Residual norm 4.216047722311e-08

Entering DMUMPS 5.6.2 from C interface with JOB, N =   3     1237277
      executing #MPI =    128 and #OMP =      2



 ****** SOLVE & CHECK STEP ********

 GLOBAL STATISTICS PRIOR SOLVE PHASE ...........
 Number of right-hand-sides                    =           1
 Blocking factor for multiple rhs              =           1
 ICNTL (9)                                     =           1
  --- (10)                                     =           0
  --- (11)                                     =           0
  --- (20)                                     =          10
  --- (21)                                     =           1
  --- (30)                                     =           0
  --- (35)                                     =           0
 WARNING: original distributed matrix is not allocated
 ** Rank of processor needing largest memory in solve     :       127
 ** Space in MBYTES used by this processor for solve      :       756
 ** Avg. Space in MBYTES per working proc during solve    :       405

 Leaving solve with ...
 Time to build/scatter RHS        =       0.001972
 Time in solution step (fwd/bwd)  =       0.139383
  .. Time in forward (fwd) step   =          0.073482
  .. Time in ScaLAPACK root       =          0.001572
  .. Time in backward (bwd) step  =          0.064302
 Time to gather solution(cent.sol)=       0.000000
 Time to copy/scale dist. solution=       0.000475

 Elapsed time in solve driver=       0.2906
  372 KSP Residual norm 4.202691575254e-08

Entering DMUMPS 5.6.2 from C interface with JOB, N =   3     1237277
      executing #MPI =    128 and #OMP =      2



 ****** SOLVE & CHECK STEP ********

 GLOBAL STATISTICS PRIOR SOLVE PHASE ...........
 Number of right-hand-sides                    =           1
 Blocking factor for multiple rhs              =           1
 ICNTL (9)                                     =           1
  --- (10)                                     =           0
  --- (11)                                     =           0
  --- (20)                                     =          10
  --- (21)                                     =           1
  --- (30)                                     =           0
  --- (35)                                     =           0
 WARNING: original distributed matrix is not allocated
 ** Rank of processor needing largest memory in solve     :       127
 ** Space in MBYTES used by this processor for solve      :       756
 ** Avg. Space in MBYTES per working proc during solve    :       405

 Leaving solve with ...
 Time to build/scatter RHS        =       0.002265
 Time in solution step (fwd/bwd)  =       0.136086
  .. Time in forward (fwd) step   =          0.073748
  .. Time in ScaLAPACK root       =          0.001585
  .. Time in backward (bwd) step  =          0.060733
 Time to gather solution(cent.sol)=       0.000000
 Time to copy/scale dist. solution=       0.000476

 Elapsed time in solve driver=       0.2893
  373 KSP Residual norm 4.189461563278e-08

Entering DMUMPS 5.6.2 from C interface with JOB, N =   3     1237277
      executing #MPI =    128 and #OMP =      2



 ****** SOLVE & CHECK STEP ********

 GLOBAL STATISTICS PRIOR SOLVE PHASE ...........
 Number of right-hand-sides                    =           1
 Blocking factor for multiple rhs              =           1
 ICNTL (9)                                     =           1
  --- (10)                                     =           0
  --- (11)                                     =           0
  --- (20)                                     =          10
  --- (21)                                     =           1
  --- (30)                                     =           0
  --- (35)                                     =           0
 WARNING: original distributed matrix is not allocated
 ** Rank of processor needing largest memory in solve     :       127
 ** Space in MBYTES used by this processor for solve      :       756
 ** Avg. Space in MBYTES per working proc during solve    :       405

 Leaving solve with ...
 Time to build/scatter RHS        =       0.002343
 Time in solution step (fwd/bwd)  =       0.138145
  .. Time in forward (fwd) step   =          0.073908
  .. Time in ScaLAPACK root       =          0.001604
  .. Time in backward (bwd) step  =          0.062612
 Time to gather solution(cent.sol)=       0.000000
 Time to copy/scale dist. solution=       0.000475

 Elapsed time in solve driver=       0.2890
  374 KSP Residual norm 4.176355713441e-08

Entering DMUMPS 5.6.2 from C interface with JOB, N =   3     1237277
      executing #MPI =    128 and #OMP =      2



 ****** SOLVE & CHECK STEP ********

 GLOBAL STATISTICS PRIOR SOLVE PHASE ...........
 Number of right-hand-sides                    =           1
 Blocking factor for multiple rhs              =           1
 ICNTL (9)                                     =           1
  --- (10)                                     =           0
  --- (11)                                     =           0
  --- (20)                                     =          10
  --- (21)                                     =           1
  --- (30)                                     =           0
  --- (35)                                     =           0
 WARNING: original distributed matrix is not allocated
 ** Rank of processor needing largest memory in solve     :       127
 ** Space in MBYTES used by this processor for solve      :       756
 ** Avg. Space in MBYTES per working proc during solve    :       405

 Leaving solve with ...
 Time to build/scatter RHS        =       0.002249
 Time in solution step (fwd/bwd)  =       0.139757
  .. Time in forward (fwd) step   =          0.073312
  .. Time in ScaLAPACK root       =          0.001574
  .. Time in backward (bwd) step  =          0.064847
 Time to gather solution(cent.sol)=       0.000000
 Time to copy/scale dist. solution=       0.000474

 Elapsed time in solve driver=       0.2899
  375 KSP Residual norm 4.163372095736e-08

Entering DMUMPS 5.6.2 from C interface with JOB, N =   3     1237277
      executing #MPI =    128 and #OMP =      2



 ****** SOLVE & CHECK STEP ********

 GLOBAL STATISTICS PRIOR SOLVE PHASE ...........
 Number of right-hand-sides                    =           1
 Blocking factor for multiple rhs              =           1
 ICNTL (9)                                     =           1
  --- (10)                                     =           0
  --- (11)                                     =           0
  --- (20)                                     =          10
  --- (21)                                     =           1
  --- (30)                                     =           0
  --- (35)                                     =           0
 WARNING: original distributed matrix is not allocated
 ** Rank of processor needing largest memory in solve     :       127
 ** Space in MBYTES used by this processor for solve      :       756
 ** Avg. Space in MBYTES per working proc during solve    :       405

 Leaving solve with ...
 Time to build/scatter RHS        =       0.001981
 Time in solution step (fwd/bwd)  =       0.136368
  .. Time in forward (fwd) step   =          0.073802
  .. Time in ScaLAPACK root       =          0.001611
  .. Time in backward (bwd) step  =          0.060934
 Time to gather solution(cent.sol)=       0.000000
 Time to copy/scale dist. solution=       0.000482

 Elapsed time in solve driver=       0.2913
  376 KSP Residual norm 4.150508821896e-08

Entering DMUMPS 5.6.2 from C interface with JOB, N =   3     1237277
      executing #MPI =    128 and #OMP =      2



 ****** SOLVE & CHECK STEP ********

 GLOBAL STATISTICS PRIOR SOLVE PHASE ...........
 Number of right-hand-sides                    =           1
 Blocking factor for multiple rhs              =           1
 ICNTL (9)                                     =           1
  --- (10)                                     =           0
  --- (11)                                     =           0
  --- (20)                                     =          10
  --- (21)                                     =           1
  --- (30)                                     =           0
  --- (35)                                     =           0
 WARNING: original distributed matrix is not allocated
 ** Rank of processor needing largest memory in solve     :       127
 ** Space in MBYTES used by this processor for solve      :       756
 ** Avg. Space in MBYTES per working proc during solve    :       405

 Leaving solve with ...
 Time to build/scatter RHS        =       0.002141
 Time in solution step (fwd/bwd)  =       0.144554
  .. Time in forward (fwd) step   =          0.079322
  .. Time in ScaLAPACK root       =          0.001543
  .. Time in backward (bwd) step  =          0.063663
 Time to gather solution(cent.sol)=       0.000000
 Time to copy/scale dist. solution=       0.000485

 Elapsed time in solve driver=       0.2955
  377 KSP Residual norm 4.137764044245e-08

Entering DMUMPS 5.6.2 from C interface with JOB, N =   3     1237277
      executing #MPI =    128 and #OMP =      2



 ****** SOLVE & CHECK STEP ********

 GLOBAL STATISTICS PRIOR SOLVE PHASE ...........
 Number of right-hand-sides                    =           1
 Blocking factor for multiple rhs              =           1
 ICNTL (9)                                     =           1
  --- (10)                                     =           0
  --- (11)                                     =           0
  --- (20)                                     =          10
  --- (21)                                     =           1
  --- (30)                                     =           0
  --- (35)                                     =           0
 WARNING: original distributed matrix is not allocated
 ** Rank of processor needing largest memory in solve     :       127
 ** Space in MBYTES used by this processor for solve      :       756
 ** Avg. Space in MBYTES per working proc during solve    :       405

 Leaving solve with ...
 Time to build/scatter RHS        =       0.078777
 Time in solution step (fwd/bwd)  =       0.138120
  .. Time in forward (fwd) step   =          0.074485
  .. Time in ScaLAPACK root       =          0.001589
  .. Time in backward (bwd) step  =          0.062016
 Time to gather solution(cent.sol)=       0.000000
 Time to copy/scale dist. solution=       0.000494

 Elapsed time in solve driver=       0.3730
  378 KSP Residual norm 4.125135954578e-08

Entering DMUMPS 5.6.2 from C interface with JOB, N =   3     1237277
      executing #MPI =    128 and #OMP =      2



 ****** SOLVE & CHECK STEP ********

 GLOBAL STATISTICS PRIOR SOLVE PHASE ...........
 Number of right-hand-sides                    =           1
 Blocking factor for multiple rhs              =           1
 ICNTL (9)                                     =           1
  --- (10)                                     =           0
  --- (11)                                     =           0
  --- (20)                                     =          10
  --- (21)                                     =           1
  --- (30)                                     =           0
  --- (35)                                     =           0
 WARNING: original distributed matrix is not allocated
 ** Rank of processor needing largest memory in solve     :       127
 ** Space in MBYTES used by this processor for solve      :       756
 ** Avg. Space in MBYTES per working proc during solve    :       405

 Leaving solve with ...
 Time to build/scatter RHS        =       0.002112
 Time in solution step (fwd/bwd)  =       0.138301
  .. Time in forward (fwd) step   =          0.074384
  .. Time in ScaLAPACK root       =          0.001584
  .. Time in backward (bwd) step  =          0.062304
 Time to gather solution(cent.sol)=       0.000000
 Time to copy/scale dist. solution=       0.000498

 Elapsed time in solve driver=       0.2911
  379 KSP Residual norm 4.112622783083e-08

Entering DMUMPS 5.6.2 from C interface with JOB, N =   3     1237277
      executing #MPI =    128 and #OMP =      2



 ****** SOLVE & CHECK STEP ********

 GLOBAL STATISTICS PRIOR SOLVE PHASE ...........
 Number of right-hand-sides                    =           1
 Blocking factor for multiple rhs              =           1
 ICNTL (9)                                     =           1
  --- (10)                                     =           0
  --- (11)                                     =           0
  --- (20)                                     =          10
  --- (21)                                     =           1
  --- (30)                                     =           0
  --- (35)                                     =           0
 WARNING: original distributed matrix is not allocated
 ** Rank of processor needing largest memory in solve     :       127
 ** Space in MBYTES used by this processor for solve      :       756
 ** Avg. Space in MBYTES per working proc during solve    :       405

 Leaving solve with ...
 Time to build/scatter RHS        =       0.002107
 Time in solution step (fwd/bwd)  =       0.138604
  .. Time in forward (fwd) step   =          0.073152
  .. Time in ScaLAPACK root       =          0.001592
  .. Time in backward (bwd) step  =          0.063839
 Time to gather solution(cent.sol)=       0.000000
 Time to copy/scale dist. solution=       0.000497

 Elapsed time in solve driver=       0.2911
  380 KSP Residual norm 4.100222797306e-08

Entering DMUMPS 5.6.2 from C interface with JOB, N =   3     1237277
      executing #MPI =    128 and #OMP =      2



 ****** SOLVE & CHECK STEP ********

 GLOBAL STATISTICS PRIOR SOLVE PHASE ...........
 Number of right-hand-sides                    =           1
 Blocking factor for multiple rhs              =           1
 ICNTL (9)                                     =           1
  --- (10)                                     =           0
  --- (11)                                     =           0
  --- (20)                                     =          10
  --- (21)                                     =           1
  --- (30)                                     =           0
  --- (35)                                     =           0
 WARNING: original distributed matrix is not allocated
 ** Rank of processor needing largest memory in solve     :       127
 ** Space in MBYTES used by this processor for solve      :       756
 ** Avg. Space in MBYTES per working proc during solve    :       405

 Leaving solve with ...
 Time to build/scatter RHS        =       0.002073
 Time in solution step (fwd/bwd)  =       0.137796
  .. Time in forward (fwd) step   =          0.074157
  .. Time in ScaLAPACK root       =          0.001567
  .. Time in backward (bwd) step  =          0.062053
 Time to gather solution(cent.sol)=       0.000000
 Time to copy/scale dist. solution=       0.000474

 Elapsed time in solve driver=       0.2917
  381 KSP Residual norm 4.087934301134e-08

Entering DMUMPS 5.6.2 from C interface with JOB, N =   3     1237277
      executing #MPI =    128 and #OMP =      2



 ****** SOLVE & CHECK STEP ********

 GLOBAL STATISTICS PRIOR SOLVE PHASE ...........
 Number of right-hand-sides                    =           1
 Blocking factor for multiple rhs              =           1
 ICNTL (9)                                     =           1
  --- (10)                                     =           0
  --- (11)                                     =           0
  --- (20)                                     =          10
  --- (21)                                     =           1
  --- (30)                                     =           0
  --- (35)                                     =           0
 WARNING: original distributed matrix is not allocated
 ** Rank of processor needing largest memory in solve     :       127
 ** Space in MBYTES used by this processor for solve      :       756
 ** Avg. Space in MBYTES per working proc during solve    :       405

 Leaving solve with ...
 Time to build/scatter RHS        =       0.001982
 Time in solution step (fwd/bwd)  =       0.137979
  .. Time in forward (fwd) step   =          0.073985
  .. Time in ScaLAPACK root       =          0.001577
  .. Time in backward (bwd) step  =          0.062399
 Time to gather solution(cent.sol)=       0.000000
 Time to copy/scale dist. solution=       0.000485

 Elapsed time in solve driver=       0.2884
  382 KSP Residual norm 4.075755633828e-08

Entering DMUMPS 5.6.2 from C interface with JOB, N =   3     1237277
      executing #MPI =    128 and #OMP =      2



 ****** SOLVE & CHECK STEP ********

 GLOBAL STATISTICS PRIOR SOLVE PHASE ...........
 Number of right-hand-sides                    =           1
 Blocking factor for multiple rhs              =           1
 ICNTL (9)                                     =           1
  --- (10)                                     =           0
  --- (11)                                     =           0
  --- (20)                                     =          10
  --- (21)                                     =           1
  --- (30)                                     =           0
  --- (35)                                     =           0
 WARNING: original distributed matrix is not allocated
 ** Rank of processor needing largest memory in solve     :       127
 ** Space in MBYTES used by this processor for solve      :       756
 ** Avg. Space in MBYTES per working proc during solve    :       405

 Leaving solve with ...
 Time to build/scatter RHS        =       0.002163
 Time in solution step (fwd/bwd)  =       0.140009
  .. Time in forward (fwd) step   =          0.074104
  .. Time in ScaLAPACK root       =          0.001594
  .. Time in backward (bwd) step  =          0.064289
 Time to gather solution(cent.sol)=       0.000000
 Time to copy/scale dist. solution=       0.000478

 Elapsed time in solve driver=       0.2974
  383 KSP Residual norm 4.063685169078e-08

Entering DMUMPS 5.6.2 from C interface with JOB, N =   3     1237277
      executing #MPI =    128 and #OMP =      2



 ****** SOLVE & CHECK STEP ********

 GLOBAL STATISTICS PRIOR SOLVE PHASE ...........
 Number of right-hand-sides                    =           1
 Blocking factor for multiple rhs              =           1
 ICNTL (9)                                     =           1
  --- (10)                                     =           0
  --- (11)                                     =           0
  --- (20)                                     =          10
  --- (21)                                     =           1
  --- (30)                                     =           0
  --- (35)                                     =           0
 WARNING: original distributed matrix is not allocated
 ** Rank of processor needing largest memory in solve     :       127
 ** Space in MBYTES used by this processor for solve      :       756
 ** Avg. Space in MBYTES per working proc during solve    :       405

 Leaving solve with ...
 Time to build/scatter RHS        =       0.002082
 Time in solution step (fwd/bwd)  =       0.138195
  .. Time in forward (fwd) step   =          0.073510
  .. Time in ScaLAPACK root       =          0.001567
  .. Time in backward (bwd) step  =          0.063096
 Time to gather solution(cent.sol)=       0.000000
 Time to copy/scale dist. solution=       0.000467

 Elapsed time in solve driver=       0.2931
  384 KSP Residual norm 4.051721314088e-08

Entering DMUMPS 5.6.2 from C interface with JOB, N =   3     1237277
      executing #MPI =    128 and #OMP =      2



 ****** SOLVE & CHECK STEP ********

 GLOBAL STATISTICS PRIOR SOLVE PHASE ...........
 Number of right-hand-sides                    =           1
 Blocking factor for multiple rhs              =           1
 ICNTL (9)                                     =           1
  --- (10)                                     =           0
  --- (11)                                     =           0
  --- (20)                                     =          10
  --- (21)                                     =           1
  --- (30)                                     =           0
  --- (35)                                     =           0
 WARNING: original distributed matrix is not allocated
 ** Rank of processor needing largest memory in solve     :       127
 ** Space in MBYTES used by this processor for solve      :       756
 ** Avg. Space in MBYTES per working proc during solve    :       405

 Leaving solve with ...
 Time to build/scatter RHS        =       0.002103
 Time in solution step (fwd/bwd)  =       0.139732
  .. Time in forward (fwd) step   =          0.073700
  .. Time in ScaLAPACK root       =          0.001551
  .. Time in backward (bwd) step  =          0.064457
 Time to gather solution(cent.sol)=       0.000000
 Time to copy/scale dist. solution=       0.000482

 Elapsed time in solve driver=       0.2970
  385 KSP Residual norm 4.039862508696e-08

Entering DMUMPS 5.6.2 from C interface with JOB, N =   3     1237277
      executing #MPI =    128 and #OMP =      2



 ****** SOLVE & CHECK STEP ********

 GLOBAL STATISTICS PRIOR SOLVE PHASE ...........
 Number of right-hand-sides                    =           1
 Blocking factor for multiple rhs              =           1
 ICNTL (9)                                     =           1
  --- (10)                                     =           0
  --- (11)                                     =           0
  --- (20)                                     =          10
  --- (21)                                     =           1
  --- (30)                                     =           0
  --- (35)                                     =           0
 WARNING: original distributed matrix is not allocated
 ** Rank of processor needing largest memory in solve     :       127
 ** Space in MBYTES used by this processor for solve      :       756
 ** Avg. Space in MBYTES per working proc during solve    :       405

 Leaving solve with ...
 Time to build/scatter RHS        =       0.001955
 Time in solution step (fwd/bwd)  =       0.138241
  .. Time in forward (fwd) step   =          0.073131
  .. Time in ScaLAPACK root       =          0.001567
  .. Time in backward (bwd) step  =          0.063515
 Time to gather solution(cent.sol)=       0.000000
 Time to copy/scale dist. solution=       0.000487

 Elapsed time in solve driver=       0.2935
  386 KSP Residual norm 4.028107224520e-08

Entering DMUMPS 5.6.2 from C interface with JOB, N =   3     1237277
      executing #MPI =    128 and #OMP =      2



 ****** SOLVE & CHECK STEP ********

 GLOBAL STATISTICS PRIOR SOLVE PHASE ...........
 Number of right-hand-sides                    =           1
 Blocking factor for multiple rhs              =           1
 ICNTL (9)                                     =           1
  --- (10)                                     =           0
  --- (11)                                     =           0
  --- (20)                                     =          10
  --- (21)                                     =           1
  --- (30)                                     =           0
  --- (35)                                     =           0
 WARNING: original distributed matrix is not allocated
 ** Rank of processor needing largest memory in solve     :       127
 ** Space in MBYTES used by this processor for solve      :       756
 ** Avg. Space in MBYTES per working proc during solve    :       405

 Leaving solve with ...
 Time to build/scatter RHS        =       0.001930
 Time in solution step (fwd/bwd)  =       0.136959
  .. Time in forward (fwd) step   =          0.073441
  .. Time in ScaLAPACK root       =          0.001591
  .. Time in backward (bwd) step  =          0.061902
 Time to gather solution(cent.sol)=       0.000000
 Time to copy/scale dist. solution=       0.000487

 Elapsed time in solve driver=       0.2908
  387 KSP Residual norm 4.016453964128e-08

Entering DMUMPS 5.6.2 from C interface with JOB, N =   3     1237277
      executing #MPI =    128 and #OMP =      2



 ****** SOLVE & CHECK STEP ********

 GLOBAL STATISTICS PRIOR SOLVE PHASE ...........
 Number of right-hand-sides                    =           1
 Blocking factor for multiple rhs              =           1
 ICNTL (9)                                     =           1
  --- (10)                                     =           0
  --- (11)                                     =           0
  --- (20)                                     =          10
  --- (21)                                     =           1
  --- (30)                                     =           0
  --- (35)                                     =           0
 WARNING: original distributed matrix is not allocated
 ** Rank of processor needing largest memory in solve     :       127
 ** Space in MBYTES used by this processor for solve      :       756
 ** Avg. Space in MBYTES per working proc during solve    :       405

 Leaving solve with ...
 Time to build/scatter RHS        =       0.002067
 Time in solution step (fwd/bwd)  =       0.136931
  .. Time in forward (fwd) step   =          0.073742
  .. Time in ScaLAPACK root       =          0.001557
  .. Time in backward (bwd) step  =          0.061607
 Time to gather solution(cent.sol)=       0.000000
 Time to copy/scale dist. solution=       0.000482

 Elapsed time in solve driver=       0.2902
  388 KSP Residual norm 4.004901260238e-08

Entering DMUMPS 5.6.2 from C interface with JOB, N =   3     1237277
      executing #MPI =    128 and #OMP =      2



 ****** SOLVE & CHECK STEP ********

 GLOBAL STATISTICS PRIOR SOLVE PHASE ...........
 Number of right-hand-sides                    =           1
 Blocking factor for multiple rhs              =           1
 ICNTL (9)                                     =           1
  --- (10)                                     =           0
  --- (11)                                     =           0
  --- (20)                                     =          10
  --- (21)                                     =           1
  --- (30)                                     =           0
  --- (35)                                     =           0
 WARNING: original distributed matrix is not allocated
 ** Rank of processor needing largest memory in solve     :       127
 ** Space in MBYTES used by this processor for solve      :       756
 ** Avg. Space in MBYTES per working proc during solve    :       405

 Leaving solve with ...
 Time to build/scatter RHS        =       0.002011
 Time in solution step (fwd/bwd)  =       0.135953
  .. Time in forward (fwd) step   =          0.073071
  .. Time in ScaLAPACK root       =          0.001559
  .. Time in backward (bwd) step  =          0.061305
 Time to gather solution(cent.sol)=       0.000000
 Time to copy/scale dist. solution=       0.000483

 Elapsed time in solve driver=       0.2895
  389 KSP Residual norm 3.993447674942e-08

Entering DMUMPS 5.6.2 from C interface with JOB, N =   3     1237277
      executing #MPI =    128 and #OMP =      2



 ****** SOLVE & CHECK STEP ********

 GLOBAL STATISTICS PRIOR SOLVE PHASE ...........
 Number of right-hand-sides                    =           1
 Blocking factor for multiple rhs              =           1
 ICNTL (9)                                     =           1
  --- (10)                                     =           0
  --- (11)                                     =           0
  --- (20)                                     =          10
  --- (21)                                     =           1
  --- (30)                                     =           0
  --- (35)                                     =           0
 WARNING: original distributed matrix is not allocated
 ** Rank of processor needing largest memory in solve     :       127
 ** Space in MBYTES used by this processor for solve      :       756
 ** Avg. Space in MBYTES per working proc during solve    :       405

 Leaving solve with ...
 Time to build/scatter RHS        =       0.001985
 Time in solution step (fwd/bwd)  =       0.136473
  .. Time in forward (fwd) step   =          0.073386
  .. Time in ScaLAPACK root       =          0.001583
  .. Time in backward (bwd) step  =          0.061483
 Time to gather solution(cent.sol)=       0.000000
 Time to copy/scale dist. solution=       0.000483

 Elapsed time in solve driver=       0.2895
  390 KSP Residual norm 3.982091798956e-08

Entering DMUMPS 5.6.2 from C interface with JOB, N =   3     1237277
      executing #MPI =    128 and #OMP =      2



 ****** SOLVE & CHECK STEP ********

 GLOBAL STATISTICS PRIOR SOLVE PHASE ...........
 Number of right-hand-sides                    =           1
 Blocking factor for multiple rhs              =           1
 ICNTL (9)                                     =           1
  --- (10)                                     =           0
  --- (11)                                     =           0
  --- (20)                                     =          10
  --- (21)                                     =           1
  --- (30)                                     =           0
  --- (35)                                     =           0
 WARNING: original distributed matrix is not allocated
 ** Rank of processor needing largest memory in solve     :       127
 ** Space in MBYTES used by this processor for solve      :       756
 ** Avg. Space in MBYTES per working proc during solve    :       405

 Leaving solve with ...
 Time to build/scatter RHS        =       0.001940
 Time in solution step (fwd/bwd)  =       0.139554
  .. Time in forward (fwd) step   =          0.073381
  .. Time in ScaLAPACK root       =          0.001591
  .. Time in backward (bwd) step  =          0.064561
 Time to gather solution(cent.sol)=       0.000000
 Time to copy/scale dist. solution=       0.000481

 Elapsed time in solve driver=       0.2921
  391 KSP Residual norm 3.970832250887e-08

Entering DMUMPS 5.6.2 from C interface with JOB, N =   3     1237277
      executing #MPI =    128 and #OMP =      2



 ****** SOLVE & CHECK STEP ********

 GLOBAL STATISTICS PRIOR SOLVE PHASE ...........
 Number of right-hand-sides                    =           1
 Blocking factor for multiple rhs              =           1
 ICNTL (9)                                     =           1
  --- (10)                                     =           0
  --- (11)                                     =           0
  --- (20)                                     =          10
  --- (21)                                     =           1
  --- (30)                                     =           0
  --- (35)                                     =           0
 WARNING: original distributed matrix is not allocated
 ** Rank of processor needing largest memory in solve     :       127
 ** Space in MBYTES used by this processor for solve      :       756
 ** Avg. Space in MBYTES per working proc during solve    :       405

 Leaving solve with ...
 Time to build/scatter RHS        =       0.002000
 Time in solution step (fwd/bwd)  =       0.138189
  .. Time in forward (fwd) step   =          0.072880
  .. Time in ScaLAPACK root       =          0.001614
  .. Time in backward (bwd) step  =          0.063671
 Time to gather solution(cent.sol)=       0.000000
 Time to copy/scale dist. solution=       0.000484

 Elapsed time in solve driver=       0.2914
  392 KSP Residual norm 3.959667676531e-08

Entering DMUMPS 5.6.2 from C interface with JOB, N =   3     1237277
      executing #MPI =    128 and #OMP =      2



 ****** SOLVE & CHECK STEP ********

 GLOBAL STATISTICS PRIOR SOLVE PHASE ...........
 Number of right-hand-sides                    =           1
 Blocking factor for multiple rhs              =           1
 ICNTL (9)                                     =           1
  --- (10)                                     =           0
  --- (11)                                     =           0
  --- (20)                                     =          10
  --- (21)                                     =           1
  --- (30)                                     =           0
  --- (35)                                     =           0
 WARNING: original distributed matrix is not allocated
 ** Rank of processor needing largest memory in solve     :       127
 ** Space in MBYTES used by this processor for solve      :       756
 ** Avg. Space in MBYTES per working proc during solve    :       405

 Leaving solve with ...
 Time to build/scatter RHS        =       0.002117
 Time in solution step (fwd/bwd)  =       0.137112
  .. Time in forward (fwd) step   =          0.073167
  .. Time in ScaLAPACK root       =          0.001561
  .. Time in backward (bwd) step  =          0.062354
 Time to gather solution(cent.sol)=       0.000000
 Time to copy/scale dist. solution=       0.000484

 Elapsed time in solve driver=       0.2952
  393 KSP Residual norm 3.948596748190e-08

Entering DMUMPS 5.6.2 from C interface with JOB, N =   3     1237277
      executing #MPI =    128 and #OMP =      2



 ****** SOLVE & CHECK STEP ********

 GLOBAL STATISTICS PRIOR SOLVE PHASE ...........
 Number of right-hand-sides                    =           1
 Blocking factor for multiple rhs              =           1
 ICNTL (9)                                     =           1
  --- (10)                                     =           0
  --- (11)                                     =           0
  --- (20)                                     =          10
  --- (21)                                     =           1
  --- (30)                                     =           0
  --- (35)                                     =           0
 WARNING: original distributed matrix is not allocated
 ** Rank of processor needing largest memory in solve     :       127
 ** Space in MBYTES used by this processor for solve      :       756
 ** Avg. Space in MBYTES per working proc during solve    :       405

 Leaving solve with ...
 Time to build/scatter RHS        =       0.002363
 Time in solution step (fwd/bwd)  =       0.138454
  .. Time in forward (fwd) step   =          0.073296
  .. Time in ScaLAPACK root       =          0.001554
  .. Time in backward (bwd) step  =          0.063585
 Time to gather solution(cent.sol)=       0.000000
 Time to copy/scale dist. solution=       0.000482

 Elapsed time in solve driver=       0.2923
  394 KSP Residual norm 3.937618164004e-08

Entering DMUMPS 5.6.2 from C interface with JOB, N =   3     1237277
      executing #MPI =    128 and #OMP =      2



 ****** SOLVE & CHECK STEP ********

 GLOBAL STATISTICS PRIOR SOLVE PHASE ...........
 Number of right-hand-sides                    =           1
 Blocking factor for multiple rhs              =           1
 ICNTL (9)                                     =           1
  --- (10)                                     =           0
  --- (11)                                     =           0
  --- (20)                                     =          10
  --- (21)                                     =           1
  --- (30)                                     =           0
  --- (35)                                     =           0
 WARNING: original distributed matrix is not allocated
 ** Rank of processor needing largest memory in solve     :       127
 ** Space in MBYTES used by this processor for solve      :       756
 ** Avg. Space in MBYTES per working proc during solve    :       405

 Leaving solve with ...
 Time to build/scatter RHS        =       0.002054
 Time in solution step (fwd/bwd)  =       0.137637
  .. Time in forward (fwd) step   =          0.073369
  .. Time in ScaLAPACK root       =          0.001596
  .. Time in backward (bwd) step  =          0.062652
 Time to gather solution(cent.sol)=       0.000000
 Time to copy/scale dist. solution=       0.000504

 Elapsed time in solve driver=       0.2877
  395 KSP Residual norm 3.926730647311e-08

Entering DMUMPS 5.6.2 from C interface with JOB, N =   3     1237277
      executing #MPI =    128 and #OMP =      2



 ****** SOLVE & CHECK STEP ********

 GLOBAL STATISTICS PRIOR SOLVE PHASE ...........
 Number of right-hand-sides                    =           1
 Blocking factor for multiple rhs              =           1
 ICNTL (9)                                     =           1
  --- (10)                                     =           0
  --- (11)                                     =           0
  --- (20)                                     =          10
  --- (21)                                     =           1
  --- (30)                                     =           0
  --- (35)                                     =           0
 WARNING: original distributed matrix is not allocated
 ** Rank of processor needing largest memory in solve     :       127
 ** Space in MBYTES used by this processor for solve      :       756
 ** Avg. Space in MBYTES per working proc during solve    :       405

 Leaving solve with ...
 Time to build/scatter RHS        =       0.002027
 Time in solution step (fwd/bwd)  =       0.136757
  .. Time in forward (fwd) step   =          0.073564
  .. Time in ScaLAPACK root       =          0.001570
  .. Time in backward (bwd) step  =          0.061598
 Time to gather solution(cent.sol)=       0.000000
 Time to copy/scale dist. solution=       0.000484

 Elapsed time in solve driver=       0.2949
  396 KSP Residual norm 3.915932946025e-08

Entering DMUMPS 5.6.2 from C interface with JOB, N =   3     1237277
      executing #MPI =    128 and #OMP =      2



 ****** SOLVE & CHECK STEP ********

 GLOBAL STATISTICS PRIOR SOLVE PHASE ...........
 Number of right-hand-sides                    =           1
 Blocking factor for multiple rhs              =           1
 ICNTL (9)                                     =           1
  --- (10)                                     =           0
  --- (11)                                     =           0
  --- (20)                                     =          10
  --- (21)                                     =           1
  --- (30)                                     =           0
  --- (35)                                     =           0
 WARNING: original distributed matrix is not allocated
 ** Rank of processor needing largest memory in solve     :       127
 ** Space in MBYTES used by this processor for solve      :       756
 ** Avg. Space in MBYTES per working proc during solve    :       405

 Leaving solve with ...
 Time to build/scatter RHS        =       0.001981
 Time in solution step (fwd/bwd)  =       0.135006
  .. Time in forward (fwd) step   =          0.073536
  .. Time in ScaLAPACK root       =          0.001549
  .. Time in backward (bwd) step  =          0.059894
 Time to gather solution(cent.sol)=       0.000000
 Time to copy/scale dist. solution=       0.000496

 Elapsed time in solve driver=       0.2903
  397 KSP Residual norm 3.905223832026e-08

Entering DMUMPS 5.6.2 from C interface with JOB, N =   3     1237277
      executing #MPI =    128 and #OMP =      2



 ****** SOLVE & CHECK STEP ********

 GLOBAL STATISTICS PRIOR SOLVE PHASE ...........
 Number of right-hand-sides                    =           1
 Blocking factor for multiple rhs              =           1
 ICNTL (9)                                     =           1
  --- (10)                                     =           0
  --- (11)                                     =           0
  --- (20)                                     =          10
  --- (21)                                     =           1
  --- (30)                                     =           0
  --- (35)                                     =           0
 WARNING: original distributed matrix is not allocated
 ** Rank of processor needing largest memory in solve     :       127
 ** Space in MBYTES used by this processor for solve      :       756
 ** Avg. Space in MBYTES per working proc during solve    :       405

 Leaving solve with ...
 Time to build/scatter RHS        =       0.002085
 Time in solution step (fwd/bwd)  =       0.138170
  .. Time in forward (fwd) step   =          0.073739
  .. Time in ScaLAPACK root       =          0.001569
  .. Time in backward (bwd) step  =          0.062841
 Time to gather solution(cent.sol)=       0.000000
 Time to copy/scale dist. solution=       0.000482

 Elapsed time in solve driver=       0.2877
  398 KSP Residual norm 3.894602100578e-08

Entering DMUMPS 5.6.2 from C interface with JOB, N =   3     1237277
      executing #MPI =    128 and #OMP =      2



 ****** SOLVE & CHECK STEP ********

 GLOBAL STATISTICS PRIOR SOLVE PHASE ...........
 Number of right-hand-sides                    =           1
 Blocking factor for multiple rhs              =           1
 ICNTL (9)                                     =           1
  --- (10)                                     =           0
  --- (11)                                     =           0
  --- (20)                                     =          10
  --- (21)                                     =           1
  --- (30)                                     =           0
  --- (35)                                     =           0
 WARNING: original distributed matrix is not allocated
 ** Rank of processor needing largest memory in solve     :       127
 ** Space in MBYTES used by this processor for solve      :       756
 ** Avg. Space in MBYTES per working proc during solve    :       405

 Leaving solve with ...
 Time to build/scatter RHS        =       0.002079
 Time in solution step (fwd/bwd)  =       0.138450
  .. Time in forward (fwd) step   =          0.074327
  .. Time in ScaLAPACK root       =          0.001543
  .. Time in backward (bwd) step  =          0.062561
 Time to gather solution(cent.sol)=       0.000000
 Time to copy/scale dist. solution=       0.000476

 Elapsed time in solve driver=       0.2949
  399 KSP Residual norm 3.884066569759e-08

Entering DMUMPS 5.6.2 from C interface with JOB, N =   3     1237277
      executing #MPI =    128 and #OMP =      2



 ****** SOLVE & CHECK STEP ********

 GLOBAL STATISTICS PRIOR SOLVE PHASE ...........
 Number of right-hand-sides                    =           1
 Blocking factor for multiple rhs              =           1
 ICNTL (9)                                     =           1
  --- (10)                                     =           0
  --- (11)                                     =           0
  --- (20)                                     =          10
  --- (21)                                     =           1
  --- (30)                                     =           0
  --- (35)                                     =           0
 WARNING: original distributed matrix is not allocated
 ** Rank of processor needing largest memory in solve     :       127
 ** Space in MBYTES used by this processor for solve      :       756
 ** Avg. Space in MBYTES per working proc during solve    :       405

 Leaving solve with ...
 Time to build/scatter RHS        =       0.006588
 Time in solution step (fwd/bwd)  =       0.135242
  .. Time in forward (fwd) step   =          0.073627
  .. Time in ScaLAPACK root       =          0.001572
  .. Time in backward (bwd) step  =          0.060015
 Time to gather solution(cent.sol)=       0.000000
 Time to copy/scale dist. solution=       0.000494

 Elapsed time in solve driver=       0.2932
  400 KSP Residual norm 3.873616079907e-08

Entering DMUMPS 5.6.2 from C interface with JOB, N =   3     1237277
      executing #MPI =    128 and #OMP =      2



 ****** SOLVE & CHECK STEP ********

 GLOBAL STATISTICS PRIOR SOLVE PHASE ...........
 Number of right-hand-sides                    =           1
 Blocking factor for multiple rhs              =           1
 ICNTL (9)                                     =           1
  --- (10)                                     =           0
  --- (11)                                     =           0
  --- (20)                                     =          10
  --- (21)                                     =           1
  --- (30)                                     =           0
  --- (35)                                     =           0
 WARNING: original distributed matrix is not allocated
 ** Rank of processor needing largest memory in solve     :       127
 ** Space in MBYTES used by this processor for solve      :       756
 ** Avg. Space in MBYTES per working proc during solve    :       405

 Leaving solve with ...
 Time to build/scatter RHS        =       0.001986
 Time in solution step (fwd/bwd)  =       0.137454
  .. Time in forward (fwd) step   =          0.073730
  .. Time in ScaLAPACK root       =          0.001595
  .. Time in backward (bwd) step  =          0.062112
 Time to gather solution(cent.sol)=       0.000000
 Time to copy/scale dist. solution=       0.000483

 Elapsed time in solve driver=       0.2900
  401 KSP Residual norm 3.863249493084e-08

Entering DMUMPS 5.6.2 from C interface with JOB, N =   3     1237277
      executing #MPI =    128 and #OMP =      2



 ****** SOLVE & CHECK STEP ********

 GLOBAL STATISTICS PRIOR SOLVE PHASE ...........
 Number of right-hand-sides                    =           1
 Blocking factor for multiple rhs              =           1
 ICNTL (9)                                     =           1
  --- (10)                                     =           0
  --- (11)                                     =           0
  --- (20)                                     =          10
  --- (21)                                     =           1
  --- (30)                                     =           0
  --- (35)                                     =           0
 WARNING: original distributed matrix is not allocated
 ** Rank of processor needing largest memory in solve     :       127
 ** Space in MBYTES used by this processor for solve      :       756
 ** Avg. Space in MBYTES per working proc during solve    :       405

 Leaving solve with ...
 Time to build/scatter RHS        =       0.001951
 Time in solution step (fwd/bwd)  =       0.136539
  .. Time in forward (fwd) step   =          0.074049
  .. Time in ScaLAPACK root       =          0.001593
  .. Time in backward (bwd) step  =          0.060872
 Time to gather solution(cent.sol)=       0.000000
 Time to copy/scale dist. solution=       0.000496

 Elapsed time in solve driver=       0.2899
  402 KSP Residual norm 3.852965692556e-08

Entering DMUMPS 5.6.2 from C interface with JOB, N =   3     1237277
      executing #MPI =    128 and #OMP =      2



 ****** SOLVE & CHECK STEP ********

 GLOBAL STATISTICS PRIOR SOLVE PHASE ...........
 Number of right-hand-sides                    =           1
 Blocking factor for multiple rhs              =           1
 ICNTL (9)                                     =           1
  --- (10)                                     =           0
  --- (11)                                     =           0
  --- (20)                                     =          10
  --- (21)                                     =           1
  --- (30)                                     =           0
  --- (35)                                     =           0
 WARNING: original distributed matrix is not allocated
 ** Rank of processor needing largest memory in solve     :       127
 ** Space in MBYTES used by this processor for solve      :       756
 ** Avg. Space in MBYTES per working proc during solve    :       405

 Leaving solve with ...
 Time to build/scatter RHS        =       0.002296
 Time in solution step (fwd/bwd)  =       0.139138
  .. Time in forward (fwd) step   =          0.074337
  .. Time in ScaLAPACK root       =          0.001547
  .. Time in backward (bwd) step  =          0.063233
 Time to gather solution(cent.sol)=       0.000000
 Time to copy/scale dist. solution=       0.000479

 Elapsed time in solve driver=       0.2936
  403 KSP Residual norm 3.842763582289e-08

Entering DMUMPS 5.6.2 from C interface with JOB, N =   3     1237277
      executing #MPI =    128 and #OMP =      2



 ****** SOLVE & CHECK STEP ********

 GLOBAL STATISTICS PRIOR SOLVE PHASE ...........
 Number of right-hand-sides                    =           1
 Blocking factor for multiple rhs              =           1
 ICNTL (9)                                     =           1
  --- (10)                                     =           0
  --- (11)                                     =           0
  --- (20)                                     =          10
  --- (21)                                     =           1
  --- (30)                                     =           0
  --- (35)                                     =           0
 WARNING: original distributed matrix is not allocated
 ** Rank of processor needing largest memory in solve     :       127
 ** Space in MBYTES used by this processor for solve      :       756
 ** Avg. Space in MBYTES per working proc during solve    :       405

 Leaving solve with ...
 Time to build/scatter RHS        =       0.002693
 Time in solution step (fwd/bwd)  =       0.136268
  .. Time in forward (fwd) step   =          0.074280
  .. Time in ScaLAPACK root       =          0.001587
  .. Time in backward (bwd) step  =          0.060378
 Time to gather solution(cent.sol)=       0.000000
 Time to copy/scale dist. solution=       0.000482

 Elapsed time in solve driver=       0.2860
  404 KSP Residual norm 3.832642086456e-08

Entering DMUMPS 5.6.2 from C interface with JOB, N =   3     1237277
      executing #MPI =    128 and #OMP =      2



 ****** SOLVE & CHECK STEP ********

 GLOBAL STATISTICS PRIOR SOLVE PHASE ...........
 Number of right-hand-sides                    =           1
 Blocking factor for multiple rhs              =           1
 ICNTL (9)                                     =           1
  --- (10)                                     =           0
  --- (11)                                     =           0
  --- (20)                                     =          10
  --- (21)                                     =           1
  --- (30)                                     =           0
  --- (35)                                     =           0
 WARNING: original distributed matrix is not allocated
 ** Rank of processor needing largest memory in solve     :       127
 ** Space in MBYTES used by this processor for solve      :       756
 ** Avg. Space in MBYTES per working proc during solve    :       405

 Leaving solve with ...
 Time to build/scatter RHS        =       0.002339
 Time in solution step (fwd/bwd)  =       0.134967
  .. Time in forward (fwd) step   =          0.073145
  .. Time in ScaLAPACK root       =          0.001568
  .. Time in backward (bwd) step  =          0.060229
 Time to gather solution(cent.sol)=       0.000000
 Time to copy/scale dist. solution=       0.000486

 Elapsed time in solve driver=       0.2852
  405 KSP Residual norm 3.822600148961e-08

Entering DMUMPS 5.6.2 from C interface with JOB, N =   3     1237277
      executing #MPI =    128 and #OMP =      2



 ****** SOLVE & CHECK STEP ********

 GLOBAL STATISTICS PRIOR SOLVE PHASE ...........
 Number of right-hand-sides                    =           1
 Blocking factor for multiple rhs              =           1
 ICNTL (9)                                     =           1
  --- (10)                                     =           0
  --- (11)                                     =           0
  --- (20)                                     =          10
  --- (21)                                     =           1
  --- (30)                                     =           0
  --- (35)                                     =           0
 WARNING: original distributed matrix is not allocated
 ** Rank of processor needing largest memory in solve     :       127
 ** Space in MBYTES used by this processor for solve      :       756
 ** Avg. Space in MBYTES per working proc during solve    :       405

 Leaving solve with ...
 Time to build/scatter RHS        =       0.002063
 Time in solution step (fwd/bwd)  =       0.136511
  .. Time in forward (fwd) step   =          0.073409
  .. Time in ScaLAPACK root       =          0.001571
  .. Time in backward (bwd) step  =          0.061466
 Time to gather solution(cent.sol)=       0.000000
 Time to copy/scale dist. solution=       0.000491

 Elapsed time in solve driver=       0.2856
  406 KSP Residual norm 3.812636732979e-08

Entering DMUMPS 5.6.2 from C interface with JOB, N =   3     1237277
      executing #MPI =    128 and #OMP =      2



 ****** SOLVE & CHECK STEP ********

 GLOBAL STATISTICS PRIOR SOLVE PHASE ...........
 Number of right-hand-sides                    =           1
 Blocking factor for multiple rhs              =           1
 ICNTL (9)                                     =           1
  --- (10)                                     =           0
  --- (11)                                     =           0
  --- (20)                                     =          10
  --- (21)                                     =           1
  --- (30)                                     =           0
  --- (35)                                     =           0
 WARNING: original distributed matrix is not allocated
 ** Rank of processor needing largest memory in solve     :       127
 ** Space in MBYTES used by this processor for solve      :       756
 ** Avg. Space in MBYTES per working proc during solve    :       405

 Leaving solve with ...
 Time to build/scatter RHS        =       0.002073
 Time in solution step (fwd/bwd)  =       0.137125
  .. Time in forward (fwd) step   =          0.072770
  .. Time in ScaLAPACK root       =          0.001574
  .. Time in backward (bwd) step  =          0.062731
 Time to gather solution(cent.sol)=       0.000000
 Time to copy/scale dist. solution=       0.000488

 Elapsed time in solve driver=       0.2880
  407 KSP Residual norm 3.802750820501e-08

Entering DMUMPS 5.6.2 from C interface with JOB, N =   3     1237277
      executing #MPI =    128 and #OMP =      2



 ****** SOLVE & CHECK STEP ********

 GLOBAL STATISTICS PRIOR SOLVE PHASE ...........
 Number of right-hand-sides                    =           1
 Blocking factor for multiple rhs              =           1
 ICNTL (9)                                     =           1
  --- (10)                                     =           0
  --- (11)                                     =           0
  --- (20)                                     =          10
  --- (21)                                     =           1
  --- (30)                                     =           0
  --- (35)                                     =           0
 WARNING: original distributed matrix is not allocated
 ** Rank of processor needing largest memory in solve     :       127
 ** Space in MBYTES used by this processor for solve      :       756
 ** Avg. Space in MBYTES per working proc during solve    :       405

 Leaving solve with ...
 Time to build/scatter RHS        =       0.002084
 Time in solution step (fwd/bwd)  =       0.137975
  .. Time in forward (fwd) step   =          0.073493
  .. Time in ScaLAPACK root       =          0.001549
  .. Time in backward (bwd) step  =          0.062908
 Time to gather solution(cent.sol)=       0.000000
 Time to copy/scale dist. solution=       0.000475

 Elapsed time in solve driver=       0.2888
  408 KSP Residual norm 3.792941411903e-08

Entering DMUMPS 5.6.2 from C interface with JOB, N =   3     1237277
      executing #MPI =    128 and #OMP =      2



 ****** SOLVE & CHECK STEP ********

 GLOBAL STATISTICS PRIOR SOLVE PHASE ...........
 Number of right-hand-sides                    =           1
 Blocking factor for multiple rhs              =           1
 ICNTL (9)                                     =           1
  --- (10)                                     =           0
  --- (11)                                     =           0
  --- (20)                                     =          10
  --- (21)                                     =           1
  --- (30)                                     =           0
  --- (35)                                     =           0
 WARNING: original distributed matrix is not allocated
 ** Rank of processor needing largest memory in solve     :       127
 ** Space in MBYTES used by this processor for solve      :       756
 ** Avg. Space in MBYTES per working proc during solve    :       405

 Leaving solve with ...
 Time to build/scatter RHS        =       0.001999
 Time in solution step (fwd/bwd)  =       0.137692
  .. Time in forward (fwd) step   =          0.074651
  .. Time in ScaLAPACK root       =          0.001557
  .. Time in backward (bwd) step  =          0.061463
 Time to gather solution(cent.sol)=       0.000000
 Time to copy/scale dist. solution=       0.000485

 Elapsed time in solve driver=       0.2923
  409 KSP Residual norm 3.783207525516e-08

Entering DMUMPS 5.6.2 from C interface with JOB, N =   3     1237277
      executing #MPI =    128 and #OMP =      2



 ****** SOLVE & CHECK STEP ********

 GLOBAL STATISTICS PRIOR SOLVE PHASE ...........
 Number of right-hand-sides                    =           1
 Blocking factor for multiple rhs              =           1
 ICNTL (9)                                     =           1
  --- (10)                                     =           0
  --- (11)                                     =           0
  --- (20)                                     =          10
  --- (21)                                     =           1
  --- (30)                                     =           0
  --- (35)                                     =           0
 WARNING: original distributed matrix is not allocated
 ** Rank of processor needing largest memory in solve     :       127
 ** Space in MBYTES used by this processor for solve      :       756
 ** Avg. Space in MBYTES per working proc during solve    :       405

 Leaving solve with ...
 Time to build/scatter RHS        =       0.001949
 Time in solution step (fwd/bwd)  =       0.136084
  .. Time in forward (fwd) step   =          0.072951
  .. Time in ScaLAPACK root       =          0.001580
  .. Time in backward (bwd) step  =          0.061529
 Time to gather solution(cent.sol)=       0.000000
 Time to copy/scale dist. solution=       0.000493

 Elapsed time in solve driver=       0.2876
  410 KSP Residual norm 3.773548197218e-08

Entering DMUMPS 5.6.2 from C interface with JOB, N =   3     1237277
      executing #MPI =    128 and #OMP =      2



 ****** SOLVE & CHECK STEP ********

 GLOBAL STATISTICS PRIOR SOLVE PHASE ...........
 Number of right-hand-sides                    =           1
 Blocking factor for multiple rhs              =           1
 ICNTL (9)                                     =           1
  --- (10)                                     =           0
  --- (11)                                     =           0
  --- (20)                                     =          10
  --- (21)                                     =           1
  --- (30)                                     =           0
  --- (35)                                     =           0
 WARNING: original distributed matrix is not allocated
 ** Rank of processor needing largest memory in solve     :       127
 ** Space in MBYTES used by this processor for solve      :       756
 ** Avg. Space in MBYTES per working proc during solve    :       405

 Leaving solve with ...
 Time to build/scatter RHS        =       0.002074
 Time in solution step (fwd/bwd)  =       0.137347
  .. Time in forward (fwd) step   =          0.073709
  .. Time in ScaLAPACK root       =          0.001589
  .. Time in backward (bwd) step  =          0.062025
 Time to gather solution(cent.sol)=       0.000000
 Time to copy/scale dist. solution=       0.000485

 Elapsed time in solve driver=       0.2930
  411 KSP Residual norm 3.763962480029e-08

Entering DMUMPS 5.6.2 from C interface with JOB, N =   3     1237277
      executing #MPI =    128 and #OMP =      2



 ****** SOLVE & CHECK STEP ********

 GLOBAL STATISTICS PRIOR SOLVE PHASE ...........
 Number of right-hand-sides                    =           1
 Blocking factor for multiple rhs              =           1
 ICNTL (9)                                     =           1
  --- (10)                                     =           0
  --- (11)                                     =           0
  --- (20)                                     =          10
  --- (21)                                     =           1
  --- (30)                                     =           0
  --- (35)                                     =           0
 WARNING: original distributed matrix is not allocated
 ** Rank of processor needing largest memory in solve     :       127
 ** Space in MBYTES used by this processor for solve      :       756
 ** Avg. Space in MBYTES per working proc during solve    :       405

 Leaving solve with ...
 Time to build/scatter RHS        =       0.001942
 Time in solution step (fwd/bwd)  =       0.139427
  .. Time in forward (fwd) step   =          0.074119
  .. Time in ScaLAPACK root       =          0.001547
  .. Time in backward (bwd) step  =          0.063741
 Time to gather solution(cent.sol)=       0.000000
 Time to copy/scale dist. solution=       0.000486

 Elapsed time in solve driver=       0.2852
  412 KSP Residual norm 3.754449443723e-08

Entering DMUMPS 5.6.2 from C interface with JOB, N =   3     1237277
      executing #MPI =    128 and #OMP =      2



 ****** SOLVE & CHECK STEP ********

 GLOBAL STATISTICS PRIOR SOLVE PHASE ...........
 Number of right-hand-sides                    =           1
 Blocking factor for multiple rhs              =           1
 ICNTL (9)                                     =           1
  --- (10)                                     =           0
  --- (11)                                     =           0
  --- (20)                                     =          10
  --- (21)                                     =           1
  --- (30)                                     =           0
  --- (35)                                     =           0
 WARNING: original distributed matrix is not allocated
 ** Rank of processor needing largest memory in solve     :       127
 ** Space in MBYTES used by this processor for solve      :       756
 ** Avg. Space in MBYTES per working proc during solve    :       405

 Leaving solve with ...
 Time to build/scatter RHS        =       0.002120
 Time in solution step (fwd/bwd)  =       0.137911
  .. Time in forward (fwd) step   =          0.073855
  .. Time in ScaLAPACK root       =          0.001579
  .. Time in backward (bwd) step  =          0.062458
 Time to gather solution(cent.sol)=       0.000000
 Time to copy/scale dist. solution=       0.000487

 Elapsed time in solve driver=       0.2895
  413 KSP Residual norm 3.745008174452e-08

Entering DMUMPS 5.6.2 from C interface with JOB, N =   3     1237277
      executing #MPI =    128 and #OMP =      2



 ****** SOLVE & CHECK STEP ********

 GLOBAL STATISTICS PRIOR SOLVE PHASE ...........
 Number of right-hand-sides                    =           1
 Blocking factor for multiple rhs              =           1
 ICNTL (9)                                     =           1
  --- (10)                                     =           0
  --- (11)                                     =           0
  --- (20)                                     =          10
  --- (21)                                     =           1
  --- (30)                                     =           0
  --- (35)                                     =           0
 WARNING: original distributed matrix is not allocated
 ** Rank of processor needing largest memory in solve     :       127
 ** Space in MBYTES used by this processor for solve      :       756
 ** Avg. Space in MBYTES per working proc during solve    :       405

 Leaving solve with ...
 Time to build/scatter RHS        =       0.002072
 Time in solution step (fwd/bwd)  =       0.137666
  .. Time in forward (fwd) step   =          0.073507
  .. Time in ScaLAPACK root       =          0.001579
  .. Time in backward (bwd) step  =          0.062550
 Time to gather solution(cent.sol)=       0.000000
 Time to copy/scale dist. solution=       0.000475

 Elapsed time in solve driver=       0.2870
  414 KSP Residual norm 3.735637774368e-08

Entering DMUMPS 5.6.2 from C interface with JOB, N =   3     1237277
      executing #MPI =    128 and #OMP =      2



 ****** SOLVE & CHECK STEP ********

 GLOBAL STATISTICS PRIOR SOLVE PHASE ...........
 Number of right-hand-sides                    =           1
 Blocking factor for multiple rhs              =           1
 ICNTL (9)                                     =           1
  --- (10)                                     =           0
  --- (11)                                     =           0
  --- (20)                                     =          10
  --- (21)                                     =           1
  --- (30)                                     =           0
  --- (35)                                     =           0
 WARNING: original distributed matrix is not allocated
 ** Rank of processor needing largest memory in solve     :       127
 ** Space in MBYTES used by this processor for solve      :       756
 ** Avg. Space in MBYTES per working proc during solve    :       405

 Leaving solve with ...
 Time to build/scatter RHS        =       0.002149
 Time in solution step (fwd/bwd)  =       0.137816
  .. Time in forward (fwd) step   =          0.073532
  .. Time in ScaLAPACK root       =          0.001559
  .. Time in backward (bwd) step  =          0.062705
 Time to gather solution(cent.sol)=       0.000000
 Time to copy/scale dist. solution=       0.000492

 Elapsed time in solve driver=       0.2888
  415 KSP Residual norm 3.726337361276e-08

Entering DMUMPS 5.6.2 from C interface with JOB, N =   3     1237277
      executing #MPI =    128 and #OMP =      2



 ****** SOLVE & CHECK STEP ********

 GLOBAL STATISTICS PRIOR SOLVE PHASE ...........
 Number of right-hand-sides                    =           1
 Blocking factor for multiple rhs              =           1
 ICNTL (9)                                     =           1
  --- (10)                                     =           0
  --- (11)                                     =           0
  --- (20)                                     =          10
  --- (21)                                     =           1
  --- (30)                                     =           0
  --- (35)                                     =           0
 WARNING: original distributed matrix is not allocated
 ** Rank of processor needing largest memory in solve     :       127
 ** Space in MBYTES used by this processor for solve      :       756
 ** Avg. Space in MBYTES per working proc during solve    :       405

 Leaving solve with ...
 Time to build/scatter RHS        =       0.065997
 Time in solution step (fwd/bwd)  =       0.148601
  .. Time in forward (fwd) step   =          0.084048
  .. Time in ScaLAPACK root       =          0.001537
  .. Time in backward (bwd) step  =          0.062996
 Time to gather solution(cent.sol)=       0.000000
 Time to copy/scale dist. solution=       0.000485

 Elapsed time in solve driver=       0.3614
  416 KSP Residual norm 3.717106068275e-08

Entering DMUMPS 5.6.2 from C interface with JOB, N =   3     1237277
      executing #MPI =    128 and #OMP =      2



 ****** SOLVE & CHECK STEP ********

 GLOBAL STATISTICS PRIOR SOLVE PHASE ...........
 Number of right-hand-sides                    =           1
 Blocking factor for multiple rhs              =           1
 ICNTL (9)                                     =           1
  --- (10)                                     =           0
  --- (11)                                     =           0
  --- (20)                                     =          10
  --- (21)                                     =           1
  --- (30)                                     =           0
  --- (35)                                     =           0
 WARNING: original distributed matrix is not allocated
 ** Rank of processor needing largest memory in solve     :       127
 ** Space in MBYTES used by this processor for solve      :       756
 ** Avg. Space in MBYTES per working proc during solve    :       405

 Leaving solve with ...
 Time to build/scatter RHS        =       0.002081
 Time in solution step (fwd/bwd)  =       0.137812
  .. Time in forward (fwd) step   =          0.073835
  .. Time in ScaLAPACK root       =          0.001562
  .. Time in backward (bwd) step  =          0.062396
 Time to gather solution(cent.sol)=       0.000000
 Time to copy/scale dist. solution=       0.000495

 Elapsed time in solve driver=       0.2919
  417 KSP Residual norm 3.707943043426e-08

Entering DMUMPS 5.6.2 from C interface with JOB, N =   3     1237277
      executing #MPI =    128 and #OMP =      2



 ****** SOLVE & CHECK STEP ********

 GLOBAL STATISTICS PRIOR SOLVE PHASE ...........
 Number of right-hand-sides                    =           1
 Blocking factor for multiple rhs              =           1
 ICNTL (9)                                     =           1
  --- (10)                                     =           0
  --- (11)                                     =           0
  --- (20)                                     =          10
  --- (21)                                     =           1
  --- (30)                                     =           0
  --- (35)                                     =           0
 WARNING: original distributed matrix is not allocated
 ** Rank of processor needing largest memory in solve     :       127
 ** Space in MBYTES used by this processor for solve      :       756
 ** Avg. Space in MBYTES per working proc during solve    :       405

 Leaving solve with ...
 Time to build/scatter RHS        =       0.002046
 Time in solution step (fwd/bwd)  =       0.136207
  .. Time in forward (fwd) step   =          0.073654
  .. Time in ScaLAPACK root       =          0.001599
  .. Time in backward (bwd) step  =          0.060933
 Time to gather solution(cent.sol)=       0.000000
 Time to copy/scale dist. solution=       0.000486

 Elapsed time in solve driver=       0.2868
  418 KSP Residual norm 3.698847449417e-08

Entering DMUMPS 5.6.2 from C interface with JOB, N =   3     1237277
      executing #MPI =    128 and #OMP =      2



 ****** SOLVE & CHECK STEP ********

 GLOBAL STATISTICS PRIOR SOLVE PHASE ...........
 Number of right-hand-sides                    =           1
 Blocking factor for multiple rhs              =           1
 ICNTL (9)                                     =           1
  --- (10)                                     =           0
  --- (11)                                     =           0
  --- (20)                                     =          10
  --- (21)                                     =           1
  --- (30)                                     =           0
  --- (35)                                     =           0
 WARNING: original distributed matrix is not allocated
 ** Rank of processor needing largest memory in solve     :       127
 ** Space in MBYTES used by this processor for solve      :       756
 ** Avg. Space in MBYTES per working proc during solve    :       405

 Leaving solve with ...
 Time to build/scatter RHS        =       0.002236
 Time in solution step (fwd/bwd)  =       0.135364
  .. Time in forward (fwd) step   =          0.073603
  .. Time in ScaLAPACK root       =          0.001583
  .. Time in backward (bwd) step  =          0.060154
 Time to gather solution(cent.sol)=       0.000000
 Time to copy/scale dist. solution=       0.000483

 Elapsed time in solve driver=       0.2880
  419 KSP Residual norm 3.689818463244e-08

Entering DMUMPS 5.6.2 from C interface with JOB, N =   3     1237277
      executing #MPI =    128 and #OMP =      2



 ****** SOLVE & CHECK STEP ********

 GLOBAL STATISTICS PRIOR SOLVE PHASE ...........
 Number of right-hand-sides                    =           1
 Blocking factor for multiple rhs              =           1
 ICNTL (9)                                     =           1
  --- (10)                                     =           0
  --- (11)                                     =           0
  --- (20)                                     =          10
  --- (21)                                     =           1
  --- (30)                                     =           0
  --- (35)                                     =           0
 WARNING: original distributed matrix is not allocated
 ** Rank of processor needing largest memory in solve     :       127
 ** Space in MBYTES used by this processor for solve      :       756
 ** Avg. Space in MBYTES per working proc during solve    :       405

 Leaving solve with ...
 Time to build/scatter RHS        =       0.002108
 Time in solution step (fwd/bwd)  =       0.136055
  .. Time in forward (fwd) step   =          0.073621
  .. Time in ScaLAPACK root       =          0.001566
  .. Time in backward (bwd) step  =          0.060847
 Time to gather solution(cent.sol)=       0.000000
 Time to copy/scale dist. solution=       0.000482

 Elapsed time in solve driver=       0.2940
  420 KSP Residual norm 3.680855275897e-08

Entering DMUMPS 5.6.2 from C interface with JOB, N =   3     1237277
      executing #MPI =    128 and #OMP =      2



 ****** SOLVE & CHECK STEP ********

 GLOBAL STATISTICS PRIOR SOLVE PHASE ...........
 Number of right-hand-sides                    =           1
 Blocking factor for multiple rhs              =           1
 ICNTL (9)                                     =           1
  --- (10)                                     =           0
  --- (11)                                     =           0
  --- (20)                                     =          10
  --- (21)                                     =           1
  --- (30)                                     =           0
  --- (35)                                     =           0
 WARNING: original distributed matrix is not allocated
 ** Rank of processor needing largest memory in solve     :       127
 ** Space in MBYTES used by this processor for solve      :       756
 ** Avg. Space in MBYTES per working proc during solve    :       405

 Leaving solve with ...
 Time to build/scatter RHS        =       0.002001
 Time in solution step (fwd/bwd)  =       0.139068
  .. Time in forward (fwd) step   =          0.073813
  .. Time in ScaLAPACK root       =          0.001597
  .. Time in backward (bwd) step  =          0.063631
 Time to gather solution(cent.sol)=       0.000000
 Time to copy/scale dist. solution=       0.000474

 Elapsed time in solve driver=       0.2884
  421 KSP Residual norm 3.671957092057e-08

Entering DMUMPS 5.6.2 from C interface with JOB, N =   3     1237277
      executing #MPI =    128 and #OMP =      2



 ****** SOLVE & CHECK STEP ********

 GLOBAL STATISTICS PRIOR SOLVE PHASE ...........
 Number of right-hand-sides                    =           1
 Blocking factor for multiple rhs              =           1
 ICNTL (9)                                     =           1
  --- (10)                                     =           0
  --- (11)                                     =           0
  --- (20)                                     =          10
  --- (21)                                     =           1
  --- (30)                                     =           0
  --- (35)                                     =           0
 WARNING: original distributed matrix is not allocated
 ** Rank of processor needing largest memory in solve     :       127
 ** Space in MBYTES used by this processor for solve      :       756
 ** Avg. Space in MBYTES per working proc during solve    :       405

 Leaving solve with ...
 Time to build/scatter RHS        =       0.002073
 Time in solution step (fwd/bwd)  =       0.136601
  .. Time in forward (fwd) step   =          0.073340
  .. Time in ScaLAPACK root       =          0.001603
  .. Time in backward (bwd) step  =          0.061639
 Time to gather solution(cent.sol)=       0.000000
 Time to copy/scale dist. solution=       0.000476

 Elapsed time in solve driver=       0.2876
  422 KSP Residual norm 3.663123129798e-08

Entering DMUMPS 5.6.2 from C interface with JOB, N =   3     1237277
      executing #MPI =    128 and #OMP =      2



 ****** SOLVE & CHECK STEP ********

 GLOBAL STATISTICS PRIOR SOLVE PHASE ...........
 Number of right-hand-sides                    =           1
 Blocking factor for multiple rhs              =           1
 ICNTL (9)                                     =           1
  --- (10)                                     =           0
  --- (11)                                     =           0
  --- (20)                                     =          10
  --- (21)                                     =           1
  --- (30)                                     =           0
  --- (35)                                     =           0
 WARNING: original distributed matrix is not allocated
 ** Rank of processor needing largest memory in solve     :       127
 ** Space in MBYTES used by this processor for solve      :       756
 ** Avg. Space in MBYTES per working proc during solve    :       405

 Leaving solve with ...
 Time to build/scatter RHS        =       0.002110
 Time in solution step (fwd/bwd)  =       0.137379
  .. Time in forward (fwd) step   =          0.073975
  .. Time in ScaLAPACK root       =          0.001570
  .. Time in backward (bwd) step  =          0.061813
 Time to gather solution(cent.sol)=       0.000000
 Time to copy/scale dist. solution=       0.000490

 Elapsed time in solve driver=       0.2930
  423 KSP Residual norm 3.654352620299e-08

Entering DMUMPS 5.6.2 from C interface with JOB, N =   3     1237277
      executing #MPI =    128 and #OMP =      2



 ****** SOLVE & CHECK STEP ********

 GLOBAL STATISTICS PRIOR SOLVE PHASE ...........
 Number of right-hand-sides                    =           1
 Blocking factor for multiple rhs              =           1
 ICNTL (9)                                     =           1
  --- (10)                                     =           0
  --- (11)                                     =           0
  --- (20)                                     =          10
  --- (21)                                     =           1
  --- (30)                                     =           0
  --- (35)                                     =           0
 WARNING: original distributed matrix is not allocated
 ** Rank of processor needing largest memory in solve     :       127
 ** Space in MBYTES used by this processor for solve      :       756
 ** Avg. Space in MBYTES per working proc during solve    :       405

 Leaving solve with ...
 Time to build/scatter RHS        =       0.002356
 Time in solution step (fwd/bwd)  =       0.137972
  .. Time in forward (fwd) step   =          0.073758
  .. Time in ScaLAPACK root       =          0.001559
  .. Time in backward (bwd) step  =          0.062639
 Time to gather solution(cent.sol)=       0.000000
 Time to copy/scale dist. solution=       0.000480

 Elapsed time in solve driver=       0.2923
  424 KSP Residual norm 3.645644807564e-08
KSP Object: 128 MPI processes
  type: gmres
    restart=2000, using Classical (unmodified) Gram-Schmidt Orthogonalization with no iterative refinement
    happy breakdown tolerance 1e-30
  maximum iterations=10000, initial guess is zero
  tolerances: relative=1e-07, absolute=1e-50, divergence=10000.
  left preconditioning
  using PRECONDITIONED norm type for convergence test
PC Object: 128 MPI processes
  type: lu
    out-of-place factorization
    tolerance for zero pivot 2.22045e-14
    matrix ordering: external
    factor fill ratio given 0., needed 0.
      Factored matrix follows:
        Mat Object: 128 MPI processes
          type: mumps
          rows=1237277, cols=1237277
          package used to perform factorization: mumps
          total: nonzeros=-1142967296, allocated nonzeros=-1142967296
            MUMPS run parameters:
              Use -ksp_view ::ascii_info_detail to display information for all processes
              RINFOG(1) (global estimated flops for the elimination after analysis): 8.45304e+12
              RINFOG(2) (global estimated flops for the assembly after factorization): 1.21939e+10
              RINFOG(3) (global estimated flops for the elimination after factorization): 8.45283e+12
              (RINFOG(12) RINFOG(13))*2^INFOG(34) (determinant): (0.,0.)*(2^0)
              INFOG(3) (estimated real workspace for factors on all processors after analysis): -3179
              INFOG(4) (estimated integer workspace for factors on all processors after analysis): 23514642
              INFOG(5) (estimated maximum front size in the complete tree): 6426
              INFOG(6) (number of nodes in the complete tree): 15630
              INFOG(7) (ordering option effectively used after analysis): 3
              INFOG(8) (structural symmetry in percent of the permuted matrix after analysis): -1
              INFOG(9) (total real/complex workspace to store the matrix factors after factorization): -3152
              INFOG(10) (total integer space store the matrix factors after factorization): 22103678
              INFOG(11) (order of largest frontal matrix after factorization): 6426
              INFOG(12) (number of off-diagonal pivots): 0
              INFOG(13) (number of delayed pivots after factorization): 0
              INFOG(14) (number of memory compress after factorization): 303
              INFOG(15) (number of steps of iterative refinement after solution): 0
              INFOG(16) (estimated size (in MB) of all MUMPS internal data for factorization after analysis: value on the most memory consuming processor): 897
              INFOG(17) (estimated size of all MUMPS internal data for factorization after analysis: sum over all processors): 69573
              INFOG(18) (size of all MUMPS internal data allocated during factorization: value on the most memory consuming processor): 897
              INFOG(19) (size of all MUMPS internal data allocated during factorization: sum over all processors): 69573
              INFOG(20) (estimated number of entries in the factors): -3152
              INFOG(21) (size in MB of memory effectively used during factorization - value on the most memory consuming processor): 653
              INFOG(22) (size in MB of memory effectively used during factorization - sum over all processors): 56967
              INFOG(23) (after analysis: value of ICNTL(6) effectively used): 0
              INFOG(24) (after analysis: value of ICNTL(12) effectively used): 1
              INFOG(25) (after factorization: number of pivots modified by static pivoting): 0
              INFOG(28) (after factorization: number of null pivots encountered): 0
              INFOG(29) (after factorization: effective number of entries in the factors (sum over all processors)): -3152
              INFOG(30, 31) (after solution: size in Mbytes of memory used during solution phase): 756, 51943
              INFOG(32) (after analysis: type of analysis done): 1
              INFOG(33) (value used for ICNTL(8)): 7
              INFOG(34) (exponent of the determinant if determinant is requested): 0
              INFOG(35) (after factorization: number of entries taking into account BLR factor compression - sum over all processors): -3152
              INFOG(36) (after analysis: estimated size of all MUMPS internal data for running BLR in-core - value on the most memory consuming processor): 0
              INFOG(37) (after analysis: estimated size of all MUMPS internal data for running BLR in-core - sum over all processors): 0
              INFOG(38) (after analysis: estimated size of all MUMPS internal data for running BLR out-of-core - value on the most memory consuming processor): 0
              INFOG(39) (after analysis: estimated size of all MUMPS internal data for running BLR out-of-core - sum over all processors): 0
  linear system matrix followed by preconditioner matrix:
  Mat Object: 128 MPI processes
    type: mpiaij
    rows=1237277, cols=1237277
    total: nonzeros=49824155, allocated nonzeros=175740734
    total number of mallocs used during MatSetValues calls=0
      not using I-node (on process 0) routines
  Mat Object: 128 MPI processes
    type: mpiaij
    rows=1237277, cols=1237277
    total: nonzeros=33192601, allocated nonzeros=175740734
    total number of mallocs used during MatSetValues calls=0
      not using I-node (on process 0) routines
 evaluateResidual called.
 Beginning preallocation for whichMatrix =            3
 Running populateMatrix with whichMatrix =            3
 Time to pre-assemble residual f1 matrix:   0.37721052400002009       seconds.
 Time to assemble residual f1 matrix:   0.21373896699969919       seconds.
 # of nonzeros in residual f1 matrix:    49824155 , allocated:   175740734 , mallocs:           0  (should be 0)
--------- Completed iteration    1 of SNES -----------------------------------
--------- Residual function norm:  4.0079358E-05 -----------------------------
 Linear iteration (KSP) converged.  KSPConvergedReason =            2
   KSP_CONVERGED_RTOL: Norm decreased by rtol.
 Computing diagnostics.
 Initializing f0
    FSADensityPerturbation:     8.1936294902937541E-016
    FSABFlow:                  -6.6315979505816571
    max and min Mach #:        -6.1574537407447123E-002  -6.7121560541243019E-002
    FSAPressurePerturbation:    1.3943053079478338E-015
    NTV:                        0.0000000000000000
    particleFlux_vm0_psiHat     4.1528437217102244E-018
    particleFlux_vm_psiHat      2.7046282323166586E-005
    classicalParticleFlux       0.0000000000000000
    classicalHeatFlux           1.5367716476429819E-004
    momentumFlux_vm0_psiHat     0.0000000000000000
    momentumFlux_vm_psiHat      1.0126044132391996E-006
    heatFlux_vm0_psiHat         4.1413028978038845E-018
    heatFlux_vm_psiHat          3.4283452009309590E-004
    particle source            -5.2488537773887377E-007
    heat source                -1.8968010253687833E-004
 FSABjHat (bootstrap current):   -6.6315979505816571
 Saving diagnostics to h5 file for iteration            1
 Done with the main solve.  Time to solve:    189.27883948899989       seconds.

Entering DMUMPS 5.6.2 from C interface with JOB =  -2
      executing #MPI =    128 and #OMP =      2
 Goodbye!
