Commence .bash_profile.ext
 ****************************************************************************
 SFINCS: Stellarator Fokker-Plank Iterative Neoclassical Conservative Solver
 Version 3
 Using double precision.
 Parallel job ( 128 processes) detected.
 Successfully read parameters from general namelist in input.namelist.
 Successfully read parameters from geometryParameters namelist in input.namelist.
 Successfully read parameters from speciesParameters namelist in input.namelist.
 Successfully read parameters from physicsParameters namelist in input.namelist.
 Successfully read parameters from resolutionParameters namelist in input.namelist.
 Successfully read parameters from otherNumericalParameters namelist in input.namelist.
 Successfully read parameters from preconditionerOptions namelist in input.namelist.
 Successfully read parameters from export_f namelist in input.namelist.
 mumps detected
 superlu_dist not detected
 ---- Physics parameters: ----
 Number of particle species =            1
 Delta (rho* at reference parameters)          =    4.5694000000000004E-003
 alpha (e Phi / T at reference parameters)     =    1.0000000000000000
 nu_n (collisionality at reference parameters) =    8.3300000000000006E-003
 Linear run
 ---- Numerical parameters: ----
 Ntheta             =           25
 Nzeta              =           81
 Nxi                =          140
 NL                 =            4
 Nx                 =            7
 solverTolerance    =    9.9999999999999995E-008
 Theta derivative: centered finite differences, 5-point stencil
 Zeta derivative: centered finite differences, 5-point stencil
 For solving large linear systems, an iterative Krylov solver will be used.
 Processor    0 owns theta indices   1 to  25 and zeta indices   1 to   1
 Processor    1 owns theta indices   1 to  25 and zeta indices   2 to   2
 Processor    2 owns theta indices   1 to  25 and zeta indices   3 to   3
 Processor    3 owns theta indices   1 to  25 and zeta indices   4 to   4
 Processor    4 owns theta indices   1 to  25 and zeta indices   5 to   5
 Processor    5 owns theta indices   1 to  25 and zeta indices   6 to   6
 Processor    6 owns theta indices   1 to  25 and zeta indices   7 to   7
 Processor    7 owns theta indices   1 to  25 and zeta indices   8 to   8
 Processor    8 owns theta indices   1 to  25 and zeta indices   9 to   9
 Processor    9 owns theta indices   1 to  25 and zeta indices  10 to  10
 Processor   10 owns theta indices   1 to  25 and zeta indices  11 to  11
 Processor   11 owns theta indices   1 to  25 and zeta indices  12 to  12
 Processor   12 owns theta indices   1 to  25 and zeta indices  13 to  13
 Processor   13 owns theta indices   1 to  25 and zeta indices  14 to  14
 Processor   14 owns theta indices   1 to  25 and zeta indices  15 to  15
 Processor   15 owns theta indices   1 to  25 and zeta indices  16 to  16
 Processor   16 owns theta indices   1 to  25 and zeta indices  17 to  17
 Processor   17 owns theta indices   1 to  25 and zeta indices  18 to  18
 Processor   18 owns theta indices   1 to  25 and zeta indices  19 to  19
 Processor   19 owns theta indices   1 to  25 and zeta indices  20 to  20
 Processor   20 owns theta indices   1 to  25 and zeta indices  21 to  21
 Processor   21 owns theta indices   1 to  25 and zeta indices  22 to  22
 Processor   22 owns theta indices   1 to  25 and zeta indices  23 to  23
 Processor   23 owns theta indices   1 to  25 and zeta indices  24 to  24
 Processor   24 owns theta indices   1 to  25 and zeta indices  25 to  25
 Processor   25 owns theta indices   1 to  25 and zeta indices  26 to  26
 Processor   26 owns theta indices   1 to  25 and zeta indices  27 to  27
 Processor   27 owns theta indices   1 to  25 and zeta indices  28 to  28
 Processor   28 owns theta indices   1 to  25 and zeta indices  29 to  29
 Processor   29 owns theta indices   1 to  25 and zeta indices  30 to  30
 Processor   30 owns theta indices   1 to  25 and zeta indices  31 to  31
 Processor   31 owns theta indices   1 to  25 and zeta indices  32 to  32
 Processor   32 owns theta indices   1 to  25 and zeta indices  33 to  33
 Processor   33 owns theta indices   1 to  25 and zeta indices  34 to  34
 Processor   34 owns theta indices   1 to  25 and zeta indices  35 to  35
 Processor   35 owns theta indices   1 to  25 and zeta indices  36 to  36
 Processor   36 owns theta indices   1 to  25 and zeta indices  37 to  37
 Processor   37 owns theta indices   1 to  25 and zeta indices  38 to  38
 Processor   38 owns theta indices   1 to  25 and zeta indices  39 to  39
 Processor   39 owns theta indices   1 to  25 and zeta indices  40 to  40
 Processor   40 owns theta indices   1 to  25 and zeta indices  41 to  41
 Processor   41 owns theta indices   1 to  25 and zeta indices  42 to  42
 Processor   42 owns theta indices   1 to  25 and zeta indices  43 to  43
 Processor   43 owns theta indices   1 to  25 and zeta indices  44 to  44
 Processor   44 owns theta indices   1 to  25 and zeta indices  45 to  45
 Processor   45 owns theta indices   1 to  25 and zeta indices  46 to  46
 Processor   46 owns theta indices   1 to  25 and zeta indices  47 to  47
 Processor   47 owns theta indices   1 to  25 and zeta indices  48 to  48
 Processor   48 owns theta indices   1 to  25 and zeta indices  49 to  49
 Processor   49 owns theta indices   1 to  25 and zeta indices  50 to  50
 Processor   50 owns theta indices   1 to  25 and zeta indices  51 to  51
 Processor   51 owns theta indices   1 to  25 and zeta indices  52 to  52
 Processor   52 owns theta indices   1 to  25 and zeta indices  53 to  53
 Processor   53 owns theta indices   1 to  25 and zeta indices  54 to  54
 Processor   54 owns theta indices   1 to  25 and zeta indices  55 to  55
 Processor   55 owns theta indices   1 to  25 and zeta indices  56 to  56
 Processor   56 owns theta indices   1 to  25 and zeta indices  57 to  57
 Processor   57 owns theta indices   1 to  25 and zeta indices  58 to  58
 Processor   58 owns theta indices   1 to  25 and zeta indices  59 to  59
 Processor   59 owns theta indices   1 to  25 and zeta indices  60 to  60
 Processor   60 owns theta indices   1 to  25 and zeta indices  61 to  61
 Processor   61 owns theta indices   1 to  25 and zeta indices  62 to  62
 Processor   62 owns theta indices   1 to  25 and zeta indices  63 to  63
 Processor   63 owns theta indices   1 to  25 and zeta indices  64 to  64
 Processor   64 owns theta indices   1 to  25 and zeta indices  65 to  65
 Processor   65 owns theta indices   1 to  25 and zeta indices  66 to  66
 Processor   66 owns theta indices   1 to  25 and zeta indices  67 to  67
 Processor   67 owns theta indices   1 to  25 and zeta indices  68 to  68
 Processor   68 owns theta indices   1 to  25 and zeta indices  69 to  69
 Processor   69 owns theta indices   1 to  25 and zeta indices  70 to  70
 Processor   70 owns theta indices   1 to  25 and zeta indices  71 to  71
 Processor   71 owns theta indices   1 to  25 and zeta indices  72 to  72
 Processor   72 owns theta indices   1 to  25 and zeta indices  73 to  73
 Processor   73 owns theta indices   1 to  25 and zeta indices  74 to  74
 Processor   74 owns theta indices   1 to  25 and zeta indices  75 to  75
 Processor   75 owns theta indices   1 to  25 and zeta indices  76 to  76
 Processor   76 owns theta indices   1 to  25 and zeta indices  77 to  77
 Processor   77 owns theta indices   1 to  25 and zeta indices  78 to  78
 Processor   78 owns theta indices   1 to  25 and zeta indices  79 to  79
 Processor   79 owns theta indices   1 to  25 and zeta indices  80 to  80
 Processor   80 owns theta indices   1 to  25 and zeta indices  81 to  81
 Processor   81 owns theta indices   1 to  25 and zeta indices  82 to  81
 Processor   82 owns theta indices   1 to  25 and zeta indices  82 to  81
 Processor   83 owns theta indices   1 to  25 and zeta indices  82 to  81
 Processor   84 owns theta indices   1 to  25 and zeta indices  82 to  81
 Processor   85 owns theta indices   1 to  25 and zeta indices  82 to  81
 Processor   86 owns theta indices   1 to  25 and zeta indices  82 to  81
 Processor   87 owns theta indices   1 to  25 and zeta indices  82 to  81
 Processor   88 owns theta indices   1 to  25 and zeta indices  82 to  81
 Processor   89 owns theta indices   1 to  25 and zeta indices  82 to  81
 Processor   90 owns theta indices   1 to  25 and zeta indices  82 to  81
 Processor   91 owns theta indices   1 to  25 and zeta indices  82 to  81
 Processor   92 owns theta indices   1 to  25 and zeta indices  82 to  81
 Processor   93 owns theta indices   1 to  25 and zeta indices  82 to  81
 Processor   94 owns theta indices   1 to  25 and zeta indices  82 to  81
 Processor   95 owns theta indices   1 to  25 and zeta indices  82 to  81
 Processor   96 owns theta indices   1 to  25 and zeta indices  82 to  81
 Processor   97 owns theta indices   1 to  25 and zeta indices  82 to  81
 Processor   98 owns theta indices   1 to  25 and zeta indices  82 to  81
 Processor   99 owns theta indices   1 to  25 and zeta indices  82 to  81
 Processor  100 owns theta indices   1 to  25 and zeta indices  82 to  81
 Processor  101 owns theta indices   1 to  25 and zeta indices  82 to  81
 Processor  102 owns theta indices   1 to  25 and zeta indices  82 to  81
 Processor  103 owns theta indices   1 to  25 and zeta indices  82 to  81
 Processor  104 owns theta indices   1 to  25 and zeta indices  82 to  81
 Processor  105 owns theta indices   1 to  25 and zeta indices  82 to  81
 Processor  106 owns theta indices   1 to  25 and zeta indices  82 to  81
 Processor  107 owns theta indices   1 to  25 and zeta indices  82 to  81
 Processor  108 owns theta indices   1 to  25 and zeta indices  82 to  81
 Processor  109 owns theta indices   1 to  25 and zeta indices  82 to  81
 Processor  110 owns theta indices   1 to  25 and zeta indices  82 to  81
 Processor  111 owns theta indices   1 to  25 and zeta indices  82 to  81
 Processor  112 owns theta indices   1 to  25 and zeta indices  82 to  81
 Processor  113 owns theta indices   1 to  25 and zeta indices  82 to  81
 Processor  114 owns theta indices   1 to  25 and zeta indices  82 to  81
 Processor  115 owns theta indices   1 to  25 and zeta indices  82 to  81
 Processor  116 owns theta indices   1 to  25 and zeta indices  82 to  81
 Processor  117 owns theta indices   1 to  25 and zeta indices  82 to  81
 Processor  118 owns theta indices   1 to  25 and zeta indices  82 to  81
 Processor  119 owns theta indices   1 to  25 and zeta indices  82 to  81
 Processor  120 owns theta indices   1 to  25 and zeta indices  82 to  81
 Processor  121 owns theta indices   1 to  25 and zeta indices  82 to  81
 Processor  122 owns theta indices   1 to  25 and zeta indices  82 to  81
 Processor  123 owns theta indices   1 to  25 and zeta indices  82 to  81
 Processor  124 owns theta indices   1 to  25 and zeta indices  82 to  81
 Processor  125 owns theta indices   1 to  25 and zeta indices  82 to  81
 Processor  126 owns theta indices   1 to  25 and zeta indices  82 to  81
 Processor  127 owns theta indices   1 to  25 and zeta indices  82 to  81
 Nxi_for_x_option:           1
 x:   6.3716484606701013E-002  0.31819201888861848       0.72419898925837300        1.2380355992150891        1.8385282202709461        2.5314881513276766        3.3734564301245800
 Nxi for each x:          18          34          59          91         129         140         140
 min_x_for_L:           1           1           1           1           1           1           1           1           1           1           1           1           1           1           1           1           1           1           2           2           2           2           2           2           2           2           2           2           2           2           2           2           2           2           3           3           3           3           3           3           3           3           3           3           3           3           3           3           3           3           3           3           3           3           3           3           3           3           3           4           4           4           4           4           4           4           4           4           4           4           4           4           4           4           4           4           4           4           4           4           4           4           4           4           4           4           4           4           4           4           4           5           5           5           5           5           5           5           5           5           5           5           5           5           5           5           5           5           5           5           5           5           5           5           5           5           5           5           5           5           5           5           5           5           5           5           5           5           5           6           6           6           6           6           6           6           6           6           6           6
 The matrix is      1237277 x     1237277  elements.
 Selecting the flux surface to use based on rN_wish =   0.50000000000000000
 Reading VMEC geometry from file /pscratch/sd/l/landrema/20251212-01-sfincs_for_yancc_benchmarks//wout_NCSX.nc
 Using radial index  33 of 128 from vmec's half mesh.
 Including  213 of  221 stellarator-symmetric modes from the VMEC file.
 Equilibrium is stellarator-symmetric.
 Successfully read VMEC geometry file /pscratch/sd/l/landrema/20251212-01-sfincs_for_yancc_benchmarks//wout_NCSX.nc
 ---- Geometry parameters: ----
 Geometry scheme =            5
 psiAHat (Normalized toroidal flux at the last closed flux surface) =    7.9111180348606772E-002
 aHat (Radius of the last closed flux surface in units of RHat) =   0.32263403817640657
 GHat (Boozer component multiplying grad zeta) =    2.3203011774859217
 IHat (Boozer component multiplying grad theta) =    3.3412089914728804E-003
 iota (Rotational transform) =   0.46825939689977847
 ---- Geometry parameters: ----
 Geometry scheme =            5
 psiAHat (Normalized toroidal flux at the last closed flux surface) =    7.9111180348606772E-002
 aHat (Radius of the last closed flux surface in units of RHat) =   0.32263403817640657
 GHat (Boozer component multiplying grad zeta) =    2.3203011774859217
 IHat (Boozer component multiplying grad theta) =    3.3412089914728804E-003
 iota (Rotational transform) =   0.46825939689977847
 ------------------------------------------------------
 Done creating grids.
 Requested/actual flux surface for this calculation, in various radial coordinates:
   psiHat =    1.9777795087151693E-002 /   1.9622064417174120E-002
   psiN   =   0.25000000000000000      /  0.24803149606299213
   rHat   =   0.16131701908820328      /  0.16068065755800051
   rN     =   0.50000000000000000      /  0.49802760572381138
 Selecting the input gradients of n & T from the specified ddrHat values.
 Selecting the input gradient of Phi from the specified Er.
 Entering main solver loop.
 Initializing f0
 Beginning preallocation for whichMatrix =            1
 Beginning preallocation for whichMatrix =            0
 Since this is a linear run, we will only take a single step, and not iterate Newton's method.
 Solver package which will be used: mumps
 ------------------------------------------------------
 Finished initialization.
 Beginning the main solve.  This could take a while ...
 evaluateResidual called.
 State vector is 0 so I will skip building the first matrix when evaluating the residual.
--------- Residual function norm:  4.8361350E-01 -----------------------------
 evaluateJacobian called.
 Running populateMatrix with whichMatrix =            0
 Time to pre-assemble Jacobian preconditioner matrix:   0.34733184800006711       seconds.
 Time to assemble Jacobian preconditioner matrix:   0.15467198300029850       seconds.
 # of nonzeros in Jacobian preconditioner matrix:    33192601 , allocated:   175740734 , mallocs:           0  (should be 0)
 Running populateMatrix with whichMatrix =            1
 Time to pre-assemble Jacobian matrix:   0.36137996099978409       seconds.
 Time to assemble Jacobian matrix:   0.22470050900028582       seconds.
 # of nonzeros in Jacobian matrix:    49824155 , allocated:   175740734 , mallocs:           0  (should be 0)

Entering DMUMPS 5.6.2 from C interface with JOB, N =   1     1237277
      executing #MPI =    128 and #OMP =      2

 =================================================
 MUMPS compiled with option -Dmetis
 MUMPS compiled with option -Dparmetis
 MUMPS compiled with option -Dpord
 MUMPS compiled with option -Dptscotch
 MUMPS compiled with option -Dscotch
 =================================================
L U Solver for unsymmetric matrices
Type of parallelism: Working host

 ****** ANALYSIS STEP ********

 ** Maximum transversal (ICNTL(6)) not allowed because matrix is distributed
 Processing a graph of size:   1237277 with      31969492 edges
 Ordering based on SCOTCH
 ELAPSED TIME SPENT IN SCOTCH reordering =     40.7143
 A root of estimated size         2201  has been selected for Scalapack.

Leaving analysis phase with  ...
 INFOG(1)                                       =               0
 INFOG(2)                                       =               0
 -- (20) Number of entries in factors (estim.)  =      3197972225
 --  (3) Real space for factors    (estimated)  =      3213659822
 --  (4) Integer space for factors (estimated)  =        21216834
 --  (5) Maximum frontal size      (estimated)  =            8712
 --  (6) Number of nodes in the tree            =           15585
 -- (32) Type of analysis effectively used      =               1
 --  (7) Ordering option effectively used       =               3
 ICNTL (6) Maximum transversal option           =               0
 ICNTL (7) Pivot order option                   =               3
 ICNTL(13) Parallelism/splitting of root node   =               0
 ICNTL(14) Percentage of memory relaxation      =              50
 ICNTL(15) Analysis by block effectively used   =               0
 ICNTL(18) Distributed input matrix (on if >0)  =               3
 ICNTL(58) Symbolic factorization option        =               2
 Number of level 2 nodes                        =             404
 Number of split nodes                          =             215
 RINFOG(1) Operations during elimination (estim)= 8.910D+12
 Distributed matrix entry format (ICNTL(18))    =               3

 MEMORY ESTIMATIONS ...
 Estimations with standard Full-Rank (FR) factorization:
    Maximum estim. space in Mbytes, IC facto.    (INFOG(16)):         930
    Total space in MBytes, IC factorization      (INFOG(17)):       71987
    Maximum estim. space in Mbytes, OOC facto.   (INFOG(26)):         470
    Total space in MBytes,  OOC factorization    (INFOG(27)):       50335

 Elapsed time in analysis driver=      41.7817

Entering DMUMPS 5.6.2 from C interface with JOB, N =   2     1237277
      executing #MPI =    128 and #OMP =      2



****** FACTORIZATION STEP ********

 GLOBAL STATISTICS PRIOR NUMERICAL FACTORIZATION ...
 Number of working processes                =             128
 ICNTL(22) Out-of-core option               =               0
 ICNTL(35) BLR activation (eff. choice)     =               0
 ICNTL(37) BLR CB compression (eff. choice) =               0
 ICNTL(49) Compact workarray S (end facto.) =               0
 ICNTL(14) Memory relaxation                =              50
 INFOG(3) Real space for factors (estimated)=      3213659822
 INFOG(4) Integer space for factors (estim.)=        21216834
 Maximum frontal size (estimated)           =            8712
 Number of nodes in the tree                =           15585
 ICNTL(23) Memory allowed (value on host)   =               0
           Sum over all procs               =               0
 Memory provided by user, sum of LWK_USER   =               0
 Effective threshold for pivoting, CNTL(1)  =      0.1000D-02
 Max difference from 1 after scaling the entries for ONE-NORM (option 7/8)   = 0.46D+01
 Average Effective size of S     (based on INFO(39))=             45952202

 Redistrib: total data local/sent           =         1163705       178326800

 Elapsed time to reformat/distribute matrix =      0.1438
 ** Memory allocated, max in Mbytes             (INFOG(18)):         930

 ** Memory allocated, total in Mbytes           (INFOG(19)):       71987
 ** Memory effectively used, max in  Mbytes     (INFOG(21)):         678
 ** Memory effectively used, total in Mbytes    (INFOG(22)):       57641

 Elapsed time to process root node                  =      0.0491

 Elapsed time for factorization                     =      9.8954

Leaving factorization with ...
 RINFOG (2) Operations in node assembly             = 1.081D+10
 ------ (3) Operations in node elimination          = 8.909D+12
 ICNTL  (8) Scaling effectively used                =               7
 INFOG  (9) Real space for factors                  =      3197902791
 INFOG (10) Integer space for factors               =        20401194
 INFOG (11) Maximum front size                      =            8709
 INFOG (29) Number of entries in factors            =      3197902791
 INFOG (12) Number of off diagonal pivots           =               0
 INFOG (13) Number of delayed pivots                =               0
 INFOG (14) Number of memory compress               =             202

 Elapsed time in factorization driver               =     10.4911

Entering DMUMPS 5.6.2 from C interface with JOB, N =   3     1237277
      executing #MPI =    128 and #OMP =      2



 ****** SOLVE & CHECK STEP ********

 GLOBAL STATISTICS PRIOR SOLVE PHASE ...........
 Number of right-hand-sides                    =           1
 Blocking factor for multiple rhs              =           1
 ICNTL (9)                                     =           1
  --- (10)                                     =           0
  --- (11)                                     =           0
  --- (20)                                     =          10
  --- (21)                                     =           1
  --- (30)                                     =           0
  --- (35)                                     =           0
 WARNING: original distributed matrix is not allocated
 ** Rank of processor needing largest memory in solve     :       127
 ** Space in MBYTES used by this processor for solve      :       789
 ** Avg. Space in MBYTES per working proc during solve    :       425

 Leaving solve with ...
 Time to build/scatter RHS        =       0.002838
 Time in solution step (fwd/bwd)  =       0.170832
  .. Time in forward (fwd) step   =          0.082613
  .. Time in ScaLAPACK root       =          0.002846
  .. Time in backward (bwd) step  =          0.085345
 Time to gather solution(cent.sol)=       0.000000
 Time to copy/scale dist. solution=       0.000848

 Elapsed time in solve driver=       0.3620
    0 KSP Residual norm 3.572600746839e-01

Entering DMUMPS 5.6.2 from C interface with JOB, N =   3     1237277
      executing #MPI =    128 and #OMP =      2



 ****** SOLVE & CHECK STEP ********

 GLOBAL STATISTICS PRIOR SOLVE PHASE ...........
 Number of right-hand-sides                    =           1
 Blocking factor for multiple rhs              =           1
 ICNTL (9)                                     =           1
  --- (10)                                     =           0
  --- (11)                                     =           0
  --- (20)                                     =          10
  --- (21)                                     =           1
  --- (30)                                     =           0
  --- (35)                                     =           0
 WARNING: original distributed matrix is not allocated
 ** Rank of processor needing largest memory in solve     :       127
 ** Space in MBYTES used by this processor for solve      :       789
 ** Avg. Space in MBYTES per working proc during solve    :       425

 Leaving solve with ...
 Time to build/scatter RHS        =       0.002377
 Time in solution step (fwd/bwd)  =       0.160062
  .. Time in forward (fwd) step   =          0.083616
  .. Time in ScaLAPACK root       =          0.001668
  .. Time in backward (bwd) step  =          0.074749
 Time to gather solution(cent.sol)=       0.000000
 Time to copy/scale dist. solution=       0.000507

 Elapsed time in solve driver=       0.3103
    1 KSP Residual norm 3.560169951847e-01

Entering DMUMPS 5.6.2 from C interface with JOB, N =   3     1237277
      executing #MPI =    128 and #OMP =      2



 ****** SOLVE & CHECK STEP ********

 GLOBAL STATISTICS PRIOR SOLVE PHASE ...........
 Number of right-hand-sides                    =           1
 Blocking factor for multiple rhs              =           1
 ICNTL (9)                                     =           1
  --- (10)                                     =           0
  --- (11)                                     =           0
  --- (20)                                     =          10
  --- (21)                                     =           1
  --- (30)                                     =           0
  --- (35)                                     =           0
 WARNING: original distributed matrix is not allocated
 ** Rank of processor needing largest memory in solve     :       127
 ** Space in MBYTES used by this processor for solve      :       789
 ** Avg. Space in MBYTES per working proc during solve    :       425

 Leaving solve with ...
 Time to build/scatter RHS        =       0.002167
 Time in solution step (fwd/bwd)  =       0.152853
  .. Time in forward (fwd) step   =          0.079057
  .. Time in ScaLAPACK root       =          0.001621
  .. Time in backward (bwd) step  =          0.072156
 Time to gather solution(cent.sol)=       0.000000
 Time to copy/scale dist. solution=       0.000494

 Elapsed time in solve driver=       0.2990
    2 KSP Residual norm 3.519233178267e-01

Entering DMUMPS 5.6.2 from C interface with JOB, N =   3     1237277
      executing #MPI =    128 and #OMP =      2



 ****** SOLVE & CHECK STEP ********

 GLOBAL STATISTICS PRIOR SOLVE PHASE ...........
 Number of right-hand-sides                    =           1
 Blocking factor for multiple rhs              =           1
 ICNTL (9)                                     =           1
  --- (10)                                     =           0
  --- (11)                                     =           0
  --- (20)                                     =          10
  --- (21)                                     =           1
  --- (30)                                     =           0
  --- (35)                                     =           0
 WARNING: original distributed matrix is not allocated
 ** Rank of processor needing largest memory in solve     :       127
 ** Space in MBYTES used by this processor for solve      :       789
 ** Avg. Space in MBYTES per working proc during solve    :       425

 Leaving solve with ...
 Time to build/scatter RHS        =       0.002247
 Time in solution step (fwd/bwd)  =       0.156948
  .. Time in forward (fwd) step   =          0.079923
  .. Time in ScaLAPACK root       =          0.001664
  .. Time in backward (bwd) step  =          0.075339
 Time to gather solution(cent.sol)=       0.000000
 Time to copy/scale dist. solution=       0.000503

 Elapsed time in solve driver=       0.3065
    3 KSP Residual norm 3.473713831841e-01

Entering DMUMPS 5.6.2 from C interface with JOB, N =   3     1237277
      executing #MPI =    128 and #OMP =      2



 ****** SOLVE & CHECK STEP ********

 GLOBAL STATISTICS PRIOR SOLVE PHASE ...........
 Number of right-hand-sides                    =           1
 Blocking factor for multiple rhs              =           1
 ICNTL (9)                                     =           1
  --- (10)                                     =           0
  --- (11)                                     =           0
  --- (20)                                     =          10
  --- (21)                                     =           1
  --- (30)                                     =           0
  --- (35)                                     =           0
 WARNING: original distributed matrix is not allocated
 ** Rank of processor needing largest memory in solve     :       127
 ** Space in MBYTES used by this processor for solve      :       789
 ** Avg. Space in MBYTES per working proc during solve    :       425

 Leaving solve with ...
 Time to build/scatter RHS        =       0.002072
 Time in solution step (fwd/bwd)  =       0.150518
  .. Time in forward (fwd) step   =          0.079772
  .. Time in ScaLAPACK root       =          0.001648
  .. Time in backward (bwd) step  =          0.069081
 Time to gather solution(cent.sol)=       0.000000
 Time to copy/scale dist. solution=       0.000496

 Elapsed time in solve driver=       0.2997
    4 KSP Residual norm 3.466677591883e-01

Entering DMUMPS 5.6.2 from C interface with JOB, N =   3     1237277
      executing #MPI =    128 and #OMP =      2



 ****** SOLVE & CHECK STEP ********

 GLOBAL STATISTICS PRIOR SOLVE PHASE ...........
 Number of right-hand-sides                    =           1
 Blocking factor for multiple rhs              =           1
 ICNTL (9)                                     =           1
  --- (10)                                     =           0
  --- (11)                                     =           0
  --- (20)                                     =          10
  --- (21)                                     =           1
  --- (30)                                     =           0
  --- (35)                                     =           0
 WARNING: original distributed matrix is not allocated
 ** Rank of processor needing largest memory in solve     :       127
 ** Space in MBYTES used by this processor for solve      :       789
 ** Avg. Space in MBYTES per working proc during solve    :       425

 Leaving solve with ...
 Time to build/scatter RHS        =       0.002085
 Time in solution step (fwd/bwd)  =       0.155246
  .. Time in forward (fwd) step   =          0.079158
  .. Time in ScaLAPACK root       =          0.001610
  .. Time in backward (bwd) step  =          0.074460
 Time to gather solution(cent.sol)=       0.000000
 Time to copy/scale dist. solution=       0.000501

 Elapsed time in solve driver=       0.3054
    5 KSP Residual norm 3.442403718145e-01

Entering DMUMPS 5.6.2 from C interface with JOB, N =   3     1237277
      executing #MPI =    128 and #OMP =      2



 ****** SOLVE & CHECK STEP ********

 GLOBAL STATISTICS PRIOR SOLVE PHASE ...........
 Number of right-hand-sides                    =           1
 Blocking factor for multiple rhs              =           1
 ICNTL (9)                                     =           1
  --- (10)                                     =           0
  --- (11)                                     =           0
  --- (20)                                     =          10
  --- (21)                                     =           1
  --- (30)                                     =           0
  --- (35)                                     =           0
 WARNING: original distributed matrix is not allocated
 ** Rank of processor needing largest memory in solve     :       127
 ** Space in MBYTES used by this processor for solve      :       789
 ** Avg. Space in MBYTES per working proc during solve    :       425

 Leaving solve with ...
 Time to build/scatter RHS        =       0.063170
 Time in solution step (fwd/bwd)  =       0.150481
  .. Time in forward (fwd) step   =          0.079165
  .. Time in ScaLAPACK root       =          0.001599
  .. Time in backward (bwd) step  =          0.069694
 Time to gather solution(cent.sol)=       0.000000
 Time to copy/scale dist. solution=       0.000505

 Elapsed time in solve driver=       0.3644
    6 KSP Residual norm 3.390507637646e-01

Entering DMUMPS 5.6.2 from C interface with JOB, N =   3     1237277
      executing #MPI =    128 and #OMP =      2



 ****** SOLVE & CHECK STEP ********

 GLOBAL STATISTICS PRIOR SOLVE PHASE ...........
 Number of right-hand-sides                    =           1
 Blocking factor for multiple rhs              =           1
 ICNTL (9)                                     =           1
  --- (10)                                     =           0
  --- (11)                                     =           0
  --- (20)                                     =          10
  --- (21)                                     =           1
  --- (30)                                     =           0
  --- (35)                                     =           0
 WARNING: original distributed matrix is not allocated
 ** Rank of processor needing largest memory in solve     :       127
 ** Space in MBYTES used by this processor for solve      :       789
 ** Avg. Space in MBYTES per working proc during solve    :       425

 Leaving solve with ...
 Time to build/scatter RHS        =       0.002070
 Time in solution step (fwd/bwd)  =       0.153564
  .. Time in forward (fwd) step   =          0.079381
  .. Time in ScaLAPACK root       =          0.001799
  .. Time in backward (bwd) step  =          0.072361
 Time to gather solution(cent.sol)=       0.000000
 Time to copy/scale dist. solution=       0.000503

 Elapsed time in solve driver=       0.3071
    7 KSP Residual norm 3.327971086149e-01

Entering DMUMPS 5.6.2 from C interface with JOB, N =   3     1237277
      executing #MPI =    128 and #OMP =      2



 ****** SOLVE & CHECK STEP ********

 GLOBAL STATISTICS PRIOR SOLVE PHASE ...........
 Number of right-hand-sides                    =           1
 Blocking factor for multiple rhs              =           1
 ICNTL (9)                                     =           1
  --- (10)                                     =           0
  --- (11)                                     =           0
  --- (20)                                     =          10
  --- (21)                                     =           1
  --- (30)                                     =           0
  --- (35)                                     =           0
 WARNING: original distributed matrix is not allocated
 ** Rank of processor needing largest memory in solve     :       127
 ** Space in MBYTES used by this processor for solve      :       789
 ** Avg. Space in MBYTES per working proc during solve    :       425

 Leaving solve with ...
 Time to build/scatter RHS        =       0.002068
 Time in solution step (fwd/bwd)  =       0.151385
  .. Time in forward (fwd) step   =          0.078323
  .. Time in ScaLAPACK root       =          0.001633
  .. Time in backward (bwd) step  =          0.071401
 Time to gather solution(cent.sol)=       0.000000
 Time to copy/scale dist. solution=       0.000488

 Elapsed time in solve driver=       0.3003
    8 KSP Residual norm 3.318748718838e-01

Entering DMUMPS 5.6.2 from C interface with JOB, N =   3     1237277
      executing #MPI =    128 and #OMP =      2



 ****** SOLVE & CHECK STEP ********

 GLOBAL STATISTICS PRIOR SOLVE PHASE ...........
 Number of right-hand-sides                    =           1
 Blocking factor for multiple rhs              =           1
 ICNTL (9)                                     =           1
  --- (10)                                     =           0
  --- (11)                                     =           0
  --- (20)                                     =          10
  --- (21)                                     =           1
  --- (30)                                     =           0
  --- (35)                                     =           0
 WARNING: original distributed matrix is not allocated
 ** Rank of processor needing largest memory in solve     :       127
 ** Space in MBYTES used by this processor for solve      :       789
 ** Avg. Space in MBYTES per working proc during solve    :       425

 Leaving solve with ...
 Time to build/scatter RHS        =       0.002027
 Time in solution step (fwd/bwd)  =       0.150516
  .. Time in forward (fwd) step   =          0.079330
  .. Time in ScaLAPACK root       =          0.001759
  .. Time in backward (bwd) step  =          0.069405
 Time to gather solution(cent.sol)=       0.000000
 Time to copy/scale dist. solution=       0.000490

 Elapsed time in solve driver=       0.2991
    9 KSP Residual norm 3.318728996803e-01

Entering DMUMPS 5.6.2 from C interface with JOB, N =   3     1237277
      executing #MPI =    128 and #OMP =      2



 ****** SOLVE & CHECK STEP ********

 GLOBAL STATISTICS PRIOR SOLVE PHASE ...........
 Number of right-hand-sides                    =           1
 Blocking factor for multiple rhs              =           1
 ICNTL (9)                                     =           1
  --- (10)                                     =           0
  --- (11)                                     =           0
  --- (20)                                     =          10
  --- (21)                                     =           1
  --- (30)                                     =           0
  --- (35)                                     =           0
 WARNING: original distributed matrix is not allocated
 ** Rank of processor needing largest memory in solve     :       127
 ** Space in MBYTES used by this processor for solve      :       789
 ** Avg. Space in MBYTES per working proc during solve    :       425

 Leaving solve with ...
 Time to build/scatter RHS        =       0.002024
 Time in solution step (fwd/bwd)  =       0.152269
  .. Time in forward (fwd) step   =          0.079039
  .. Time in ScaLAPACK root       =          0.001616
  .. Time in backward (bwd) step  =          0.071596
 Time to gather solution(cent.sol)=       0.000000
 Time to copy/scale dist. solution=       0.000500

 Elapsed time in solve driver=       0.2991
   10 KSP Residual norm 3.316348634071e-01

Entering DMUMPS 5.6.2 from C interface with JOB, N =   3     1237277
      executing #MPI =    128 and #OMP =      2



 ****** SOLVE & CHECK STEP ********

 GLOBAL STATISTICS PRIOR SOLVE PHASE ...........
 Number of right-hand-sides                    =           1
 Blocking factor for multiple rhs              =           1
 ICNTL (9)                                     =           1
  --- (10)                                     =           0
  --- (11)                                     =           0
  --- (20)                                     =          10
  --- (21)                                     =           1
  --- (30)                                     =           0
  --- (35)                                     =           0
 WARNING: original distributed matrix is not allocated
 ** Rank of processor needing largest memory in solve     :       127
 ** Space in MBYTES used by this processor for solve      :       789
 ** Avg. Space in MBYTES per working proc during solve    :       425

 Leaving solve with ...
 Time to build/scatter RHS        =       0.002028
 Time in solution step (fwd/bwd)  =       0.154729
  .. Time in forward (fwd) step   =          0.078110
  .. Time in ScaLAPACK root       =          0.001595
  .. Time in backward (bwd) step  =          0.075008
 Time to gather solution(cent.sol)=       0.000000
 Time to copy/scale dist. solution=       0.000483

 Elapsed time in solve driver=       0.3043
   11 KSP Residual norm 3.299099903880e-01

Entering DMUMPS 5.6.2 from C interface with JOB, N =   3     1237277
      executing #MPI =    128 and #OMP =      2



 ****** SOLVE & CHECK STEP ********

 GLOBAL STATISTICS PRIOR SOLVE PHASE ...........
 Number of right-hand-sides                    =           1
 Blocking factor for multiple rhs              =           1
 ICNTL (9)                                     =           1
  --- (10)                                     =           0
  --- (11)                                     =           0
  --- (20)                                     =          10
  --- (21)                                     =           1
  --- (30)                                     =           0
  --- (35)                                     =           0
 WARNING: original distributed matrix is not allocated
 ** Rank of processor needing largest memory in solve     :       127
 ** Space in MBYTES used by this processor for solve      :       789
 ** Avg. Space in MBYTES per working proc during solve    :       425

 Leaving solve with ...
 Time to build/scatter RHS        =       0.002046
 Time in solution step (fwd/bwd)  =       0.153356
  .. Time in forward (fwd) step   =          0.078651
  .. Time in ScaLAPACK root       =          0.001603
  .. Time in backward (bwd) step  =          0.073084
 Time to gather solution(cent.sol)=       0.000000
 Time to copy/scale dist. solution=       0.000504

 Elapsed time in solve driver=       0.3027
   12 KSP Residual norm 3.180342949266e-01

Entering DMUMPS 5.6.2 from C interface with JOB, N =   3     1237277
      executing #MPI =    128 and #OMP =      2



 ****** SOLVE & CHECK STEP ********

 GLOBAL STATISTICS PRIOR SOLVE PHASE ...........
 Number of right-hand-sides                    =           1
 Blocking factor for multiple rhs              =           1
 ICNTL (9)                                     =           1
  --- (10)                                     =           0
  --- (11)                                     =           0
  --- (20)                                     =          10
  --- (21)                                     =           1
  --- (30)                                     =           0
  --- (35)                                     =           0
 WARNING: original distributed matrix is not allocated
 ** Rank of processor needing largest memory in solve     :       127
 ** Space in MBYTES used by this processor for solve      :       789
 ** Avg. Space in MBYTES per working proc during solve    :       425

 Leaving solve with ...
 Time to build/scatter RHS        =       0.002251
 Time in solution step (fwd/bwd)  =       0.150956
  .. Time in forward (fwd) step   =          0.078150
  .. Time in ScaLAPACK root       =          0.001587
  .. Time in backward (bwd) step  =          0.071198
 Time to gather solution(cent.sol)=       0.000000
 Time to copy/scale dist. solution=       0.000506

 Elapsed time in solve driver=       0.2997
   13 KSP Residual norm 2.972014466920e-01

Entering DMUMPS 5.6.2 from C interface with JOB, N =   3     1237277
      executing #MPI =    128 and #OMP =      2



 ****** SOLVE & CHECK STEP ********

 GLOBAL STATISTICS PRIOR SOLVE PHASE ...........
 Number of right-hand-sides                    =           1
 Blocking factor for multiple rhs              =           1
 ICNTL (9)                                     =           1
  --- (10)                                     =           0
  --- (11)                                     =           0
  --- (20)                                     =          10
  --- (21)                                     =           1
  --- (30)                                     =           0
  --- (35)                                     =           0
 WARNING: original distributed matrix is not allocated
 ** Rank of processor needing largest memory in solve     :       127
 ** Space in MBYTES used by this processor for solve      :       789
 ** Avg. Space in MBYTES per working proc during solve    :       425

 Leaving solve with ...
 Time to build/scatter RHS        =       0.001996
 Time in solution step (fwd/bwd)  =       0.151652
  .. Time in forward (fwd) step   =          0.079238
  .. Time in ScaLAPACK root       =          0.001611
  .. Time in backward (bwd) step  =          0.070782
 Time to gather solution(cent.sol)=       0.000000
 Time to copy/scale dist. solution=       0.000646

 Elapsed time in solve driver=       0.2988
   14 KSP Residual norm 2.683296368494e-01

Entering DMUMPS 5.6.2 from C interface with JOB, N =   3     1237277
      executing #MPI =    128 and #OMP =      2



 ****** SOLVE & CHECK STEP ********

 GLOBAL STATISTICS PRIOR SOLVE PHASE ...........
 Number of right-hand-sides                    =           1
 Blocking factor for multiple rhs              =           1
 ICNTL (9)                                     =           1
  --- (10)                                     =           0
  --- (11)                                     =           0
  --- (20)                                     =          10
  --- (21)                                     =           1
  --- (30)                                     =           0
  --- (35)                                     =           0
 WARNING: original distributed matrix is not allocated
 ** Rank of processor needing largest memory in solve     :       127
 ** Space in MBYTES used by this processor for solve      :       789
 ** Avg. Space in MBYTES per working proc during solve    :       425

 Leaving solve with ...
 Time to build/scatter RHS        =       0.002096
 Time in solution step (fwd/bwd)  =       0.155690
  .. Time in forward (fwd) step   =          0.079107
  .. Time in ScaLAPACK root       =          0.001621
  .. Time in backward (bwd) step  =          0.074934
 Time to gather solution(cent.sol)=       0.000000
 Time to copy/scale dist. solution=       0.000500

 Elapsed time in solve driver=       0.3066
   15 KSP Residual norm 2.309430800817e-01

Entering DMUMPS 5.6.2 from C interface with JOB, N =   3     1237277
      executing #MPI =    128 and #OMP =      2



 ****** SOLVE & CHECK STEP ********

 GLOBAL STATISTICS PRIOR SOLVE PHASE ...........
 Number of right-hand-sides                    =           1
 Blocking factor for multiple rhs              =           1
 ICNTL (9)                                     =           1
  --- (10)                                     =           0
  --- (11)                                     =           0
  --- (20)                                     =          10
  --- (21)                                     =           1
  --- (30)                                     =           0
  --- (35)                                     =           0
 WARNING: original distributed matrix is not allocated
 ** Rank of processor needing largest memory in solve     :       127
 ** Space in MBYTES used by this processor for solve      :       789
 ** Avg. Space in MBYTES per working proc during solve    :       425

 Leaving solve with ...
 Time to build/scatter RHS        =       0.005854
 Time in solution step (fwd/bwd)  =       0.149185
  .. Time in forward (fwd) step   =          0.078720
  .. Time in ScaLAPACK root       =          0.001583
  .. Time in backward (bwd) step  =          0.068864
 Time to gather solution(cent.sol)=       0.000000
 Time to copy/scale dist. solution=       0.000507

 Elapsed time in solve driver=       0.3038
   16 KSP Residual norm 2.045180721260e-01

Entering DMUMPS 5.6.2 from C interface with JOB, N =   3     1237277
      executing #MPI =    128 and #OMP =      2



 ****** SOLVE & CHECK STEP ********

 GLOBAL STATISTICS PRIOR SOLVE PHASE ...........
 Number of right-hand-sides                    =           1
 Blocking factor for multiple rhs              =           1
 ICNTL (9)                                     =           1
  --- (10)                                     =           0
  --- (11)                                     =           0
  --- (20)                                     =          10
  --- (21)                                     =           1
  --- (30)                                     =           0
  --- (35)                                     =           0
 WARNING: original distributed matrix is not allocated
 ** Rank of processor needing largest memory in solve     :       127
 ** Space in MBYTES used by this processor for solve      :       789
 ** Avg. Space in MBYTES per working proc during solve    :       425

 Leaving solve with ...
 Time to build/scatter RHS        =       0.002038
 Time in solution step (fwd/bwd)  =       0.150566
  .. Time in forward (fwd) step   =          0.079058
  .. Time in ScaLAPACK root       =          0.001583
  .. Time in backward (bwd) step  =          0.069907
 Time to gather solution(cent.sol)=       0.000000
 Time to copy/scale dist. solution=       0.000509

 Elapsed time in solve driver=       0.3025
   17 KSP Residual norm 1.731803552992e-01

Entering DMUMPS 5.6.2 from C interface with JOB, N =   3     1237277
      executing #MPI =    128 and #OMP =      2



 ****** SOLVE & CHECK STEP ********

 GLOBAL STATISTICS PRIOR SOLVE PHASE ...........
 Number of right-hand-sides                    =           1
 Blocking factor for multiple rhs              =           1
 ICNTL (9)                                     =           1
  --- (10)                                     =           0
  --- (11)                                     =           0
  --- (20)                                     =          10
  --- (21)                                     =           1
  --- (30)                                     =           0
  --- (35)                                     =           0
 WARNING: original distributed matrix is not allocated
 ** Rank of processor needing largest memory in solve     :       127
 ** Space in MBYTES used by this processor for solve      :       789
 ** Avg. Space in MBYTES per working proc during solve    :       425

 Leaving solve with ...
 Time to build/scatter RHS        =       0.002042
 Time in solution step (fwd/bwd)  =       0.154258
  .. Time in forward (fwd) step   =          0.078935
  .. Time in ScaLAPACK root       =          0.001573
  .. Time in backward (bwd) step  =          0.073731
 Time to gather solution(cent.sol)=       0.000000
 Time to copy/scale dist. solution=       0.000499

 Elapsed time in solve driver=       0.3045
   18 KSP Residual norm 1.472907353813e-01

Entering DMUMPS 5.6.2 from C interface with JOB, N =   3     1237277
      executing #MPI =    128 and #OMP =      2



 ****** SOLVE & CHECK STEP ********

 GLOBAL STATISTICS PRIOR SOLVE PHASE ...........
 Number of right-hand-sides                    =           1
 Blocking factor for multiple rhs              =           1
 ICNTL (9)                                     =           1
  --- (10)                                     =           0
  --- (11)                                     =           0
  --- (20)                                     =          10
  --- (21)                                     =           1
  --- (30)                                     =           0
  --- (35)                                     =           0
 WARNING: original distributed matrix is not allocated
 ** Rank of processor needing largest memory in solve     :       127
 ** Space in MBYTES used by this processor for solve      :       789
 ** Avg. Space in MBYTES per working proc during solve    :       425

 Leaving solve with ...
 Time to build/scatter RHS        =       0.001992
 Time in solution step (fwd/bwd)  =       0.150155
  .. Time in forward (fwd) step   =          0.078455
  .. Time in ScaLAPACK root       =          0.001570
  .. Time in backward (bwd) step  =          0.070110
 Time to gather solution(cent.sol)=       0.000000
 Time to copy/scale dist. solution=       0.000489

 Elapsed time in solve driver=       0.2984
   19 KSP Residual norm 1.305155787288e-01

Entering DMUMPS 5.6.2 from C interface with JOB, N =   3     1237277
      executing #MPI =    128 and #OMP =      2



 ****** SOLVE & CHECK STEP ********

 GLOBAL STATISTICS PRIOR SOLVE PHASE ...........
 Number of right-hand-sides                    =           1
 Blocking factor for multiple rhs              =           1
 ICNTL (9)                                     =           1
  --- (10)                                     =           0
  --- (11)                                     =           0
  --- (20)                                     =          10
  --- (21)                                     =           1
  --- (30)                                     =           0
  --- (35)                                     =           0
 WARNING: original distributed matrix is not allocated
 ** Rank of processor needing largest memory in solve     :       127
 ** Space in MBYTES used by this processor for solve      :       789
 ** Avg. Space in MBYTES per working proc during solve    :       425

 Leaving solve with ...
 Time to build/scatter RHS        =       0.002091
 Time in solution step (fwd/bwd)  =       0.150259
  .. Time in forward (fwd) step   =          0.078363
  .. Time in ScaLAPACK root       =          0.001614
  .. Time in backward (bwd) step  =          0.070256
 Time to gather solution(cent.sol)=       0.000000
 Time to copy/scale dist. solution=       0.000489

 Elapsed time in solve driver=       0.2990
   20 KSP Residual norm 1.207316720040e-01

Entering DMUMPS 5.6.2 from C interface with JOB, N =   3     1237277
      executing #MPI =    128 and #OMP =      2



 ****** SOLVE & CHECK STEP ********

 GLOBAL STATISTICS PRIOR SOLVE PHASE ...........
 Number of right-hand-sides                    =           1
 Blocking factor for multiple rhs              =           1
 ICNTL (9)                                     =           1
  --- (10)                                     =           0
  --- (11)                                     =           0
  --- (20)                                     =          10
  --- (21)                                     =           1
  --- (30)                                     =           0
  --- (35)                                     =           0
 WARNING: original distributed matrix is not allocated
 ** Rank of processor needing largest memory in solve     :       127
 ** Space in MBYTES used by this processor for solve      :       789
 ** Avg. Space in MBYTES per working proc during solve    :       425

 Leaving solve with ...
 Time to build/scatter RHS        =       0.001969
 Time in solution step (fwd/bwd)  =       0.148150
  .. Time in forward (fwd) step   =          0.078267
  .. Time in ScaLAPACK root       =          0.001575
  .. Time in backward (bwd) step  =          0.068288
 Time to gather solution(cent.sol)=       0.000000
 Time to copy/scale dist. solution=       0.000493

 Elapsed time in solve driver=       0.2984
   21 KSP Residual norm 1.101830707941e-01

Entering DMUMPS 5.6.2 from C interface with JOB, N =   3     1237277
      executing #MPI =    128 and #OMP =      2



 ****** SOLVE & CHECK STEP ********

 GLOBAL STATISTICS PRIOR SOLVE PHASE ...........
 Number of right-hand-sides                    =           1
 Blocking factor for multiple rhs              =           1
 ICNTL (9)                                     =           1
  --- (10)                                     =           0
  --- (11)                                     =           0
  --- (20)                                     =          10
  --- (21)                                     =           1
  --- (30)                                     =           0
  --- (35)                                     =           0
 WARNING: original distributed matrix is not allocated
 ** Rank of processor needing largest memory in solve     :       127
 ** Space in MBYTES used by this processor for solve      :       789
 ** Avg. Space in MBYTES per working proc during solve    :       425

 Leaving solve with ...
 Time to build/scatter RHS        =       0.002045
 Time in solution step (fwd/bwd)  =       0.150521
  .. Time in forward (fwd) step   =          0.079537
  .. Time in ScaLAPACK root       =          0.001595
  .. Time in backward (bwd) step  =          0.069362
 Time to gather solution(cent.sol)=       0.000000
 Time to copy/scale dist. solution=       0.000493

 Elapsed time in solve driver=       0.2987
   22 KSP Residual norm 1.011362722943e-01

Entering DMUMPS 5.6.2 from C interface with JOB, N =   3     1237277
      executing #MPI =    128 and #OMP =      2



 ****** SOLVE & CHECK STEP ********

 GLOBAL STATISTICS PRIOR SOLVE PHASE ...........
 Number of right-hand-sides                    =           1
 Blocking factor for multiple rhs              =           1
 ICNTL (9)                                     =           1
  --- (10)                                     =           0
  --- (11)                                     =           0
  --- (20)                                     =          10
  --- (21)                                     =           1
  --- (30)                                     =           0
  --- (35)                                     =           0
 WARNING: original distributed matrix is not allocated
 ** Rank of processor needing largest memory in solve     :       127
 ** Space in MBYTES used by this processor for solve      :       789
 ** Avg. Space in MBYTES per working proc during solve    :       425

 Leaving solve with ...
 Time to build/scatter RHS        =       0.002528
 Time in solution step (fwd/bwd)  =       0.149894
  .. Time in forward (fwd) step   =          0.078807
  .. Time in ScaLAPACK root       =          0.001601
  .. Time in backward (bwd) step  =          0.069462
 Time to gather solution(cent.sol)=       0.000000
 Time to copy/scale dist. solution=       0.000487

 Elapsed time in solve driver=       0.2997
   23 KSP Residual norm 9.251741595231e-02

Entering DMUMPS 5.6.2 from C interface with JOB, N =   3     1237277
      executing #MPI =    128 and #OMP =      2



 ****** SOLVE & CHECK STEP ********

 GLOBAL STATISTICS PRIOR SOLVE PHASE ...........
 Number of right-hand-sides                    =           1
 Blocking factor for multiple rhs              =           1
 ICNTL (9)                                     =           1
  --- (10)                                     =           0
  --- (11)                                     =           0
  --- (20)                                     =          10
  --- (21)                                     =           1
  --- (30)                                     =           0
  --- (35)                                     =           0
 WARNING: original distributed matrix is not allocated
 ** Rank of processor needing largest memory in solve     :       127
 ** Space in MBYTES used by this processor for solve      :       789
 ** Avg. Space in MBYTES per working proc during solve    :       425

 Leaving solve with ...
 Time to build/scatter RHS        =       0.002333
 Time in solution step (fwd/bwd)  =       0.150465
  .. Time in forward (fwd) step   =          0.079291
  .. Time in ScaLAPACK root       =          0.001576
  .. Time in backward (bwd) step  =          0.069581
 Time to gather solution(cent.sol)=       0.000000
 Time to copy/scale dist. solution=       0.000501

 Elapsed time in solve driver=       0.2982
   24 KSP Residual norm 8.712860249261e-02

Entering DMUMPS 5.6.2 from C interface with JOB, N =   3     1237277
      executing #MPI =    128 and #OMP =      2



 ****** SOLVE & CHECK STEP ********

 GLOBAL STATISTICS PRIOR SOLVE PHASE ...........
 Number of right-hand-sides                    =           1
 Blocking factor for multiple rhs              =           1
 ICNTL (9)                                     =           1
  --- (10)                                     =           0
  --- (11)                                     =           0
  --- (20)                                     =          10
  --- (21)                                     =           1
  --- (30)                                     =           0
  --- (35)                                     =           0
 WARNING: original distributed matrix is not allocated
 ** Rank of processor needing largest memory in solve     :       127
 ** Space in MBYTES used by this processor for solve      :       789
 ** Avg. Space in MBYTES per working proc during solve    :       425

 Leaving solve with ...
 Time to build/scatter RHS        =       0.002372
 Time in solution step (fwd/bwd)  =       0.148861
  .. Time in forward (fwd) step   =          0.078261
  .. Time in ScaLAPACK root       =          0.001604
  .. Time in backward (bwd) step  =          0.068976
 Time to gather solution(cent.sol)=       0.000000
 Time to copy/scale dist. solution=       0.000502

 Elapsed time in solve driver=       0.2977
   25 KSP Residual norm 8.532023752399e-02

Entering DMUMPS 5.6.2 from C interface with JOB, N =   3     1237277
      executing #MPI =    128 and #OMP =      2



 ****** SOLVE & CHECK STEP ********

 GLOBAL STATISTICS PRIOR SOLVE PHASE ...........
 Number of right-hand-sides                    =           1
 Blocking factor for multiple rhs              =           1
 ICNTL (9)                                     =           1
  --- (10)                                     =           0
  --- (11)                                     =           0
  --- (20)                                     =          10
  --- (21)                                     =           1
  --- (30)                                     =           0
  --- (35)                                     =           0
 WARNING: original distributed matrix is not allocated
 ** Rank of processor needing largest memory in solve     :       127
 ** Space in MBYTES used by this processor for solve      :       789
 ** Avg. Space in MBYTES per working proc during solve    :       425

 Leaving solve with ...
 Time to build/scatter RHS        =       0.002335
 Time in solution step (fwd/bwd)  =       0.151731
  .. Time in forward (fwd) step   =          0.078443
  .. Time in ScaLAPACK root       =          0.001588
  .. Time in backward (bwd) step  =          0.071683
 Time to gather solution(cent.sol)=       0.000000
 Time to copy/scale dist. solution=       0.000488

 Elapsed time in solve driver=       0.2980
   26 KSP Residual norm 8.498007370572e-02

Entering DMUMPS 5.6.2 from C interface with JOB, N =   3     1237277
      executing #MPI =    128 and #OMP =      2



 ****** SOLVE & CHECK STEP ********

 GLOBAL STATISTICS PRIOR SOLVE PHASE ...........
 Number of right-hand-sides                    =           1
 Blocking factor for multiple rhs              =           1
 ICNTL (9)                                     =           1
  --- (10)                                     =           0
  --- (11)                                     =           0
  --- (20)                                     =          10
  --- (21)                                     =           1
  --- (30)                                     =           0
  --- (35)                                     =           0
 WARNING: original distributed matrix is not allocated
 ** Rank of processor needing largest memory in solve     :       127
 ** Space in MBYTES used by this processor for solve      :       789
 ** Avg. Space in MBYTES per working proc during solve    :       425

 Leaving solve with ...
 Time to build/scatter RHS        =       0.002292
 Time in solution step (fwd/bwd)  =       0.150017
  .. Time in forward (fwd) step   =          0.079118
  .. Time in ScaLAPACK root       =          0.001571
  .. Time in backward (bwd) step  =          0.069309
 Time to gather solution(cent.sol)=       0.000000
 Time to copy/scale dist. solution=       0.000498

 Elapsed time in solve driver=       0.2991
   27 KSP Residual norm 8.401247459906e-02

Entering DMUMPS 5.6.2 from C interface with JOB, N =   3     1237277
      executing #MPI =    128 and #OMP =      2



 ****** SOLVE & CHECK STEP ********

 GLOBAL STATISTICS PRIOR SOLVE PHASE ...........
 Number of right-hand-sides                    =           1
 Blocking factor for multiple rhs              =           1
 ICNTL (9)                                     =           1
  --- (10)                                     =           0
  --- (11)                                     =           0
  --- (20)                                     =          10
  --- (21)                                     =           1
  --- (30)                                     =           0
  --- (35)                                     =           0
 WARNING: original distributed matrix is not allocated
 ** Rank of processor needing largest memory in solve     :       127
 ** Space in MBYTES used by this processor for solve      :       789
 ** Avg. Space in MBYTES per working proc during solve    :       425

 Leaving solve with ...
 Time to build/scatter RHS        =       0.002310
 Time in solution step (fwd/bwd)  =       0.150668
  .. Time in forward (fwd) step   =          0.079899
  .. Time in ScaLAPACK root       =          0.001582
  .. Time in backward (bwd) step  =          0.069163
 Time to gather solution(cent.sol)=       0.000000
 Time to copy/scale dist. solution=       0.000511

 Elapsed time in solve driver=       0.3000
   28 KSP Residual norm 7.946930070826e-02

Entering DMUMPS 5.6.2 from C interface with JOB, N =   3     1237277
      executing #MPI =    128 and #OMP =      2



 ****** SOLVE & CHECK STEP ********

 GLOBAL STATISTICS PRIOR SOLVE PHASE ...........
 Number of right-hand-sides                    =           1
 Blocking factor for multiple rhs              =           1
 ICNTL (9)                                     =           1
  --- (10)                                     =           0
  --- (11)                                     =           0
  --- (20)                                     =          10
  --- (21)                                     =           1
  --- (30)                                     =           0
  --- (35)                                     =           0
 WARNING: original distributed matrix is not allocated
 ** Rank of processor needing largest memory in solve     :       127
 ** Space in MBYTES used by this processor for solve      :       789
 ** Avg. Space in MBYTES per working proc during solve    :       425

 Leaving solve with ...
 Time to build/scatter RHS        =       0.002359
 Time in solution step (fwd/bwd)  =       0.148867
  .. Time in forward (fwd) step   =          0.077633
  .. Time in ScaLAPACK root       =          0.001588
  .. Time in backward (bwd) step  =          0.069616
 Time to gather solution(cent.sol)=       0.000000
 Time to copy/scale dist. solution=       0.000507

 Elapsed time in solve driver=       0.3051
   29 KSP Residual norm 6.682138198283e-02

Entering DMUMPS 5.6.2 from C interface with JOB, N =   3     1237277
      executing #MPI =    128 and #OMP =      2



 ****** SOLVE & CHECK STEP ********

 GLOBAL STATISTICS PRIOR SOLVE PHASE ...........
 Number of right-hand-sides                    =           1
 Blocking factor for multiple rhs              =           1
 ICNTL (9)                                     =           1
  --- (10)                                     =           0
  --- (11)                                     =           0
  --- (20)                                     =          10
  --- (21)                                     =           1
  --- (30)                                     =           0
  --- (35)                                     =           0
 WARNING: original distributed matrix is not allocated
 ** Rank of processor needing largest memory in solve     :       127
 ** Space in MBYTES used by this processor for solve      :       789
 ** Avg. Space in MBYTES per working proc during solve    :       425

 Leaving solve with ...
 Time to build/scatter RHS        =       0.002346
 Time in solution step (fwd/bwd)  =       0.150185
  .. Time in forward (fwd) step   =          0.078170
  .. Time in ScaLAPACK root       =          0.001563
  .. Time in backward (bwd) step  =          0.070433
 Time to gather solution(cent.sol)=       0.000000
 Time to copy/scale dist. solution=       0.000488

 Elapsed time in solve driver=       0.3016
   30 KSP Residual norm 5.512601878006e-02

Entering DMUMPS 5.6.2 from C interface with JOB, N =   3     1237277
      executing #MPI =    128 and #OMP =      2



 ****** SOLVE & CHECK STEP ********

 GLOBAL STATISTICS PRIOR SOLVE PHASE ...........
 Number of right-hand-sides                    =           1
 Blocking factor for multiple rhs              =           1
 ICNTL (9)                                     =           1
  --- (10)                                     =           0
  --- (11)                                     =           0
  --- (20)                                     =          10
  --- (21)                                     =           1
  --- (30)                                     =           0
  --- (35)                                     =           0
 WARNING: original distributed matrix is not allocated
 ** Rank of processor needing largest memory in solve     :       127
 ** Space in MBYTES used by this processor for solve      :       789
 ** Avg. Space in MBYTES per working proc during solve    :       425

 Leaving solve with ...
 Time to build/scatter RHS        =       0.002369
 Time in solution step (fwd/bwd)  =       0.148412
  .. Time in forward (fwd) step   =          0.077651
  .. Time in ScaLAPACK root       =          0.001617
  .. Time in backward (bwd) step  =          0.069124
 Time to gather solution(cent.sol)=       0.000000
 Time to copy/scale dist. solution=       0.000491

 Elapsed time in solve driver=       0.3007
   31 KSP Residual norm 4.709806257127e-02

Entering DMUMPS 5.6.2 from C interface with JOB, N =   3     1237277
      executing #MPI =    128 and #OMP =      2



 ****** SOLVE & CHECK STEP ********

 GLOBAL STATISTICS PRIOR SOLVE PHASE ...........
 Number of right-hand-sides                    =           1
 Blocking factor for multiple rhs              =           1
 ICNTL (9)                                     =           1
  --- (10)                                     =           0
  --- (11)                                     =           0
  --- (20)                                     =          10
  --- (21)                                     =           1
  --- (30)                                     =           0
  --- (35)                                     =           0
 WARNING: original distributed matrix is not allocated
 ** Rank of processor needing largest memory in solve     :       127
 ** Space in MBYTES used by this processor for solve      :       789
 ** Avg. Space in MBYTES per working proc during solve    :       425

 Leaving solve with ...
 Time to build/scatter RHS        =       0.002358
 Time in solution step (fwd/bwd)  =       0.146829
  .. Time in forward (fwd) step   =          0.078289
  .. Time in ScaLAPACK root       =          0.001580
  .. Time in backward (bwd) step  =          0.066939
 Time to gather solution(cent.sol)=       0.000000
 Time to copy/scale dist. solution=       0.000511

 Elapsed time in solve driver=       0.2939
   32 KSP Residual norm 4.253922286832e-02

Entering DMUMPS 5.6.2 from C interface with JOB, N =   3     1237277
      executing #MPI =    128 and #OMP =      2



 ****** SOLVE & CHECK STEP ********

 GLOBAL STATISTICS PRIOR SOLVE PHASE ...........
 Number of right-hand-sides                    =           1
 Blocking factor for multiple rhs              =           1
 ICNTL (9)                                     =           1
  --- (10)                                     =           0
  --- (11)                                     =           0
  --- (20)                                     =          10
  --- (21)                                     =           1
  --- (30)                                     =           0
  --- (35)                                     =           0
 WARNING: original distributed matrix is not allocated
 ** Rank of processor needing largest memory in solve     :       127
 ** Space in MBYTES used by this processor for solve      :       789
 ** Avg. Space in MBYTES per working proc during solve    :       425

 Leaving solve with ...
 Time to build/scatter RHS        =       0.005298
 Time in solution step (fwd/bwd)  =       0.152809
  .. Time in forward (fwd) step   =          0.079697
  .. Time in ScaLAPACK root       =          0.001597
  .. Time in backward (bwd) step  =          0.071495
 Time to gather solution(cent.sol)=       0.000000
 Time to copy/scale dist. solution=       0.000502

 Elapsed time in solve driver=       0.3077
   33 KSP Residual norm 4.057138382540e-02

Entering DMUMPS 5.6.2 from C interface with JOB, N =   3     1237277
      executing #MPI =    128 and #OMP =      2



 ****** SOLVE & CHECK STEP ********

 GLOBAL STATISTICS PRIOR SOLVE PHASE ...........
 Number of right-hand-sides                    =           1
 Blocking factor for multiple rhs              =           1
 ICNTL (9)                                     =           1
  --- (10)                                     =           0
  --- (11)                                     =           0
  --- (20)                                     =          10
  --- (21)                                     =           1
  --- (30)                                     =           0
  --- (35)                                     =           0
 WARNING: original distributed matrix is not allocated
 ** Rank of processor needing largest memory in solve     :       127
 ** Space in MBYTES used by this processor for solve      :       789
 ** Avg. Space in MBYTES per working proc during solve    :       425

 Leaving solve with ...
 Time to build/scatter RHS        =       0.063907
 Time in solution step (fwd/bwd)  =       0.438892
  .. Time in forward (fwd) step   =          0.368118
  .. Time in ScaLAPACK root       =          0.001650
  .. Time in backward (bwd) step  =          0.069104
 Time to gather solution(cent.sol)=       0.000000
 Time to copy/scale dist. solution=       0.000647

 Elapsed time in solve driver=       0.6550
   34 KSP Residual norm 3.892869113496e-02

Entering DMUMPS 5.6.2 from C interface with JOB, N =   3     1237277
      executing #MPI =    128 and #OMP =      2



 ****** SOLVE & CHECK STEP ********

 GLOBAL STATISTICS PRIOR SOLVE PHASE ...........
 Number of right-hand-sides                    =           1
 Blocking factor for multiple rhs              =           1
 ICNTL (9)                                     =           1
  --- (10)                                     =           0
  --- (11)                                     =           0
  --- (20)                                     =          10
  --- (21)                                     =           1
  --- (30)                                     =           0
  --- (35)                                     =           0
 WARNING: original distributed matrix is not allocated
 ** Rank of processor needing largest memory in solve     :       127
 ** Space in MBYTES used by this processor for solve      :       789
 ** Avg. Space in MBYTES per working proc during solve    :       425

 Leaving solve with ...
 Time to build/scatter RHS        =       0.002516
 Time in solution step (fwd/bwd)  =       0.151905
  .. Time in forward (fwd) step   =          0.078901
  .. Time in ScaLAPACK root       =          0.001631
  .. Time in backward (bwd) step  =          0.071341
 Time to gather solution(cent.sol)=       0.000000
 Time to copy/scale dist. solution=       0.000489

 Elapsed time in solve driver=       0.3038
   35 KSP Residual norm 3.721952023656e-02

Entering DMUMPS 5.6.2 from C interface with JOB, N =   3     1237277
      executing #MPI =    128 and #OMP =      2



 ****** SOLVE & CHECK STEP ********

 GLOBAL STATISTICS PRIOR SOLVE PHASE ...........
 Number of right-hand-sides                    =           1
 Blocking factor for multiple rhs              =           1
 ICNTL (9)                                     =           1
  --- (10)                                     =           0
  --- (11)                                     =           0
  --- (20)                                     =          10
  --- (21)                                     =           1
  --- (30)                                     =           0
  --- (35)                                     =           0
 WARNING: original distributed matrix is not allocated
 ** Rank of processor needing largest memory in solve     :       127
 ** Space in MBYTES used by this processor for solve      :       789
 ** Avg. Space in MBYTES per working proc during solve    :       425

 Leaving solve with ...
 Time to build/scatter RHS        =       0.002536
 Time in solution step (fwd/bwd)  =       0.152402
  .. Time in forward (fwd) step   =          0.079376
  .. Time in ScaLAPACK root       =          0.001617
  .. Time in backward (bwd) step  =          0.071379
 Time to gather solution(cent.sol)=       0.000000
 Time to copy/scale dist. solution=       0.000502

 Elapsed time in solve driver=       0.3001
   36 KSP Residual norm 3.544833055496e-02

Entering DMUMPS 5.6.2 from C interface with JOB, N =   3     1237277
      executing #MPI =    128 and #OMP =      2



 ****** SOLVE & CHECK STEP ********

 GLOBAL STATISTICS PRIOR SOLVE PHASE ...........
 Number of right-hand-sides                    =           1
 Blocking factor for multiple rhs              =           1
 ICNTL (9)                                     =           1
  --- (10)                                     =           0
  --- (11)                                     =           0
  --- (20)                                     =          10
  --- (21)                                     =           1
  --- (30)                                     =           0
  --- (35)                                     =           0
 WARNING: original distributed matrix is not allocated
 ** Rank of processor needing largest memory in solve     :       127
 ** Space in MBYTES used by this processor for solve      :       789
 ** Avg. Space in MBYTES per working proc during solve    :       425

 Leaving solve with ...
 Time to build/scatter RHS        =       0.002530
 Time in solution step (fwd/bwd)  =       0.151590
  .. Time in forward (fwd) step   =          0.078944
  .. Time in ScaLAPACK root       =          0.001581
  .. Time in backward (bwd) step  =          0.071046
 Time to gather solution(cent.sol)=       0.000000
 Time to copy/scale dist. solution=       0.000485

 Elapsed time in solve driver=       0.2986
   37 KSP Residual norm 3.405238149207e-02

Entering DMUMPS 5.6.2 from C interface with JOB, N =   3     1237277
      executing #MPI =    128 and #OMP =      2



 ****** SOLVE & CHECK STEP ********

 GLOBAL STATISTICS PRIOR SOLVE PHASE ...........
 Number of right-hand-sides                    =           1
 Blocking factor for multiple rhs              =           1
 ICNTL (9)                                     =           1
  --- (10)                                     =           0
  --- (11)                                     =           0
  --- (20)                                     =          10
  --- (21)                                     =           1
  --- (30)                                     =           0
  --- (35)                                     =           0
 WARNING: original distributed matrix is not allocated
 ** Rank of processor needing largest memory in solve     :       127
 ** Space in MBYTES used by this processor for solve      :       789
 ** Avg. Space in MBYTES per working proc during solve    :       425

 Leaving solve with ...
 Time to build/scatter RHS        =       0.002593
 Time in solution step (fwd/bwd)  =       0.152496
  .. Time in forward (fwd) step   =          0.079392
  .. Time in ScaLAPACK root       =          0.001574
  .. Time in backward (bwd) step  =          0.071514
 Time to gather solution(cent.sol)=       0.000000
 Time to copy/scale dist. solution=       0.000485

 Elapsed time in solve driver=       0.3047
   38 KSP Residual norm 3.315505964755e-02

Entering DMUMPS 5.6.2 from C interface with JOB, N =   3     1237277
      executing #MPI =    128 and #OMP =      2



 ****** SOLVE & CHECK STEP ********

 GLOBAL STATISTICS PRIOR SOLVE PHASE ...........
 Number of right-hand-sides                    =           1
 Blocking factor for multiple rhs              =           1
 ICNTL (9)                                     =           1
  --- (10)                                     =           0
  --- (11)                                     =           0
  --- (20)                                     =          10
  --- (21)                                     =           1
  --- (30)                                     =           0
  --- (35)                                     =           0
 WARNING: original distributed matrix is not allocated
 ** Rank of processor needing largest memory in solve     :       127
 ** Space in MBYTES used by this processor for solve      :       789
 ** Avg. Space in MBYTES per working proc during solve    :       425

 Leaving solve with ...
 Time to build/scatter RHS        =       0.002554
 Time in solution step (fwd/bwd)  =       0.151332
  .. Time in forward (fwd) step   =          0.079445
  .. Time in ScaLAPACK root       =          0.001589
  .. Time in backward (bwd) step  =          0.070275
 Time to gather solution(cent.sol)=       0.000000
 Time to copy/scale dist. solution=       0.000487

 Elapsed time in solve driver=       0.3027
   39 KSP Residual norm 3.233201176576e-02

Entering DMUMPS 5.6.2 from C interface with JOB, N =   3     1237277
      executing #MPI =    128 and #OMP =      2



 ****** SOLVE & CHECK STEP ********

 GLOBAL STATISTICS PRIOR SOLVE PHASE ...........
 Number of right-hand-sides                    =           1
 Blocking factor for multiple rhs              =           1
 ICNTL (9)                                     =           1
  --- (10)                                     =           0
  --- (11)                                     =           0
  --- (20)                                     =          10
  --- (21)                                     =           1
  --- (30)                                     =           0
  --- (35)                                     =           0
 WARNING: original distributed matrix is not allocated
 ** Rank of processor needing largest memory in solve     :       127
 ** Space in MBYTES used by this processor for solve      :       789
 ** Avg. Space in MBYTES per working proc during solve    :       425

 Leaving solve with ...
 Time to build/scatter RHS        =       0.002498
 Time in solution step (fwd/bwd)  =       0.151104
  .. Time in forward (fwd) step   =          0.078656
  .. Time in ScaLAPACK root       =          0.001555
  .. Time in backward (bwd) step  =          0.070877
 Time to gather solution(cent.sol)=       0.000000
 Time to copy/scale dist. solution=       0.000483

 Elapsed time in solve driver=       0.3011
   40 KSP Residual norm 3.157482790166e-02

Entering DMUMPS 5.6.2 from C interface with JOB, N =   3     1237277
      executing #MPI =    128 and #OMP =      2



 ****** SOLVE & CHECK STEP ********

 GLOBAL STATISTICS PRIOR SOLVE PHASE ...........
 Number of right-hand-sides                    =           1
 Blocking factor for multiple rhs              =           1
 ICNTL (9)                                     =           1
  --- (10)                                     =           0
  --- (11)                                     =           0
  --- (20)                                     =          10
  --- (21)                                     =           1
  --- (30)                                     =           0
  --- (35)                                     =           0
 WARNING: original distributed matrix is not allocated
 ** Rank of processor needing largest memory in solve     :       127
 ** Space in MBYTES used by this processor for solve      :       789
 ** Avg. Space in MBYTES per working proc during solve    :       425

 Leaving solve with ...
 Time to build/scatter RHS        =       0.005307
 Time in solution step (fwd/bwd)  =       0.149212
  .. Time in forward (fwd) step   =          0.081001
  .. Time in ScaLAPACK root       =          0.001550
  .. Time in backward (bwd) step  =          0.066639
 Time to gather solution(cent.sol)=       0.000000
 Time to copy/scale dist. solution=       0.000503

 Elapsed time in solve driver=       0.2995
   41 KSP Residual norm 3.065911011925e-02

Entering DMUMPS 5.6.2 from C interface with JOB, N =   3     1237277
      executing #MPI =    128 and #OMP =      2



 ****** SOLVE & CHECK STEP ********

 GLOBAL STATISTICS PRIOR SOLVE PHASE ...........
 Number of right-hand-sides                    =           1
 Blocking factor for multiple rhs              =           1
 ICNTL (9)                                     =           1
  --- (10)                                     =           0
  --- (11)                                     =           0
  --- (20)                                     =          10
  --- (21)                                     =           1
  --- (30)                                     =           0
  --- (35)                                     =           0
 WARNING: original distributed matrix is not allocated
 ** Rank of processor needing largest memory in solve     :       127
 ** Space in MBYTES used by this processor for solve      :       789
 ** Avg. Space in MBYTES per working proc during solve    :       425

 Leaving solve with ...
 Time to build/scatter RHS        =       0.005387
 Time in solution step (fwd/bwd)  =       0.149305
  .. Time in forward (fwd) step   =          0.079600
  .. Time in ScaLAPACK root       =          0.001654
  .. Time in backward (bwd) step  =          0.068031
 Time to gather solution(cent.sol)=       0.000000
 Time to copy/scale dist. solution=       0.000500

 Elapsed time in solve driver=       0.2984
   42 KSP Residual norm 3.008415654738e-02

Entering DMUMPS 5.6.2 from C interface with JOB, N =   3     1237277
      executing #MPI =    128 and #OMP =      2



 ****** SOLVE & CHECK STEP ********

 GLOBAL STATISTICS PRIOR SOLVE PHASE ...........
 Number of right-hand-sides                    =           1
 Blocking factor for multiple rhs              =           1
 ICNTL (9)                                     =           1
  --- (10)                                     =           0
  --- (11)                                     =           0
  --- (20)                                     =          10
  --- (21)                                     =           1
  --- (30)                                     =           0
  --- (35)                                     =           0
 WARNING: original distributed matrix is not allocated
 ** Rank of processor needing largest memory in solve     :       127
 ** Space in MBYTES used by this processor for solve      :       789
 ** Avg. Space in MBYTES per working proc during solve    :       425

 Leaving solve with ...
 Time to build/scatter RHS        =       0.064730
 Time in solution step (fwd/bwd)  =       0.150761
  .. Time in forward (fwd) step   =          0.079091
  .. Time in ScaLAPACK root       =          0.001605
  .. Time in backward (bwd) step  =          0.070030
 Time to gather solution(cent.sol)=       0.000000
 Time to copy/scale dist. solution=       0.000497

 Elapsed time in solve driver=       0.3651
   43 KSP Residual norm 2.958348378443e-02

Entering DMUMPS 5.6.2 from C interface with JOB, N =   3     1237277
      executing #MPI =    128 and #OMP =      2



 ****** SOLVE & CHECK STEP ********

 GLOBAL STATISTICS PRIOR SOLVE PHASE ...........
 Number of right-hand-sides                    =           1
 Blocking factor for multiple rhs              =           1
 ICNTL (9)                                     =           1
  --- (10)                                     =           0
  --- (11)                                     =           0
  --- (20)                                     =          10
  --- (21)                                     =           1
  --- (30)                                     =           0
  --- (35)                                     =           0
 WARNING: original distributed matrix is not allocated
 ** Rank of processor needing largest memory in solve     :       127
 ** Space in MBYTES used by this processor for solve      :       789
 ** Avg. Space in MBYTES per working proc during solve    :       425

 Leaving solve with ...
 Time to build/scatter RHS        =       0.009103
 Time in solution step (fwd/bwd)  =       0.153412
  .. Time in forward (fwd) step   =          0.080708
  .. Time in ScaLAPACK root       =          0.001618
  .. Time in backward (bwd) step  =          0.071064
 Time to gather solution(cent.sol)=       0.000000
 Time to copy/scale dist. solution=       0.000495

 Elapsed time in solve driver=       0.3092
   44 KSP Residual norm 2.907912511557e-02

Entering DMUMPS 5.6.2 from C interface with JOB, N =   3     1237277
      executing #MPI =    128 and #OMP =      2



 ****** SOLVE & CHECK STEP ********

 GLOBAL STATISTICS PRIOR SOLVE PHASE ...........
 Number of right-hand-sides                    =           1
 Blocking factor for multiple rhs              =           1
 ICNTL (9)                                     =           1
  --- (10)                                     =           0
  --- (11)                                     =           0
  --- (20)                                     =          10
  --- (21)                                     =           1
  --- (30)                                     =           0
  --- (35)                                     =           0
 WARNING: original distributed matrix is not allocated
 ** Rank of processor needing largest memory in solve     :       127
 ** Space in MBYTES used by this processor for solve      :       789
 ** Avg. Space in MBYTES per working proc during solve    :       425

 Leaving solve with ...
 Time to build/scatter RHS        =       0.003657
 Time in solution step (fwd/bwd)  =       0.151983
  .. Time in forward (fwd) step   =          0.080798
  .. Time in ScaLAPACK root       =          0.001620
  .. Time in backward (bwd) step  =          0.069540
 Time to gather solution(cent.sol)=       0.000000
 Time to copy/scale dist. solution=       0.000565

 Elapsed time in solve driver=       0.3037
   45 KSP Residual norm 2.867577786169e-02

Entering DMUMPS 5.6.2 from C interface with JOB, N =   3     1237277
      executing #MPI =    128 and #OMP =      2



 ****** SOLVE & CHECK STEP ********

 GLOBAL STATISTICS PRIOR SOLVE PHASE ...........
 Number of right-hand-sides                    =           1
 Blocking factor for multiple rhs              =           1
 ICNTL (9)                                     =           1
  --- (10)                                     =           0
  --- (11)                                     =           0
  --- (20)                                     =          10
  --- (21)                                     =           1
  --- (30)                                     =           0
  --- (35)                                     =           0
 WARNING: original distributed matrix is not allocated
 ** Rank of processor needing largest memory in solve     :       127
 ** Space in MBYTES used by this processor for solve      :       789
 ** Avg. Space in MBYTES per working proc during solve    :       425

 Leaving solve with ...
 Time to build/scatter RHS        =       0.073190
 Time in solution step (fwd/bwd)  =       0.172474
  .. Time in forward (fwd) step   =          0.100853
  .. Time in ScaLAPACK root       =          0.001563
  .. Time in backward (bwd) step  =          0.070030
 Time to gather solution(cent.sol)=       0.000000
 Time to copy/scale dist. solution=       0.000493

 Elapsed time in solve driver=       0.3923
   46 KSP Residual norm 2.847463927603e-02

Entering DMUMPS 5.6.2 from C interface with JOB, N =   3     1237277
      executing #MPI =    128 and #OMP =      2



 ****** SOLVE & CHECK STEP ********

 GLOBAL STATISTICS PRIOR SOLVE PHASE ...........
 Number of right-hand-sides                    =           1
 Blocking factor for multiple rhs              =           1
 ICNTL (9)                                     =           1
  --- (10)                                     =           0
  --- (11)                                     =           0
  --- (20)                                     =          10
  --- (21)                                     =           1
  --- (30)                                     =           0
  --- (35)                                     =           0
 WARNING: original distributed matrix is not allocated
 ** Rank of processor needing largest memory in solve     :       127
 ** Space in MBYTES used by this processor for solve      :       789
 ** Avg. Space in MBYTES per working proc during solve    :       425

 Leaving solve with ...
 Time to build/scatter RHS        =       0.011505
 Time in solution step (fwd/bwd)  =       0.150965
  .. Time in forward (fwd) step   =          0.079071
  .. Time in ScaLAPACK root       =          0.001629
  .. Time in backward (bwd) step  =          0.070248
 Time to gather solution(cent.sol)=       0.000000
 Time to copy/scale dist. solution=       0.000499

 Elapsed time in solve driver=       0.3110
   47 KSP Residual norm 2.837814196146e-02

Entering DMUMPS 5.6.2 from C interface with JOB, N =   3     1237277
      executing #MPI =    128 and #OMP =      2



 ****** SOLVE & CHECK STEP ********

 GLOBAL STATISTICS PRIOR SOLVE PHASE ...........
 Number of right-hand-sides                    =           1
 Blocking factor for multiple rhs              =           1
 ICNTL (9)                                     =           1
  --- (10)                                     =           0
  --- (11)                                     =           0
  --- (20)                                     =          10
  --- (21)                                     =           1
  --- (30)                                     =           0
  --- (35)                                     =           0
 WARNING: original distributed matrix is not allocated
 ** Rank of processor needing largest memory in solve     :       127
 ** Space in MBYTES used by this processor for solve      :       789
 ** Avg. Space in MBYTES per working proc during solve    :       425

 Leaving solve with ...
 Time to build/scatter RHS        =       0.005693
 Time in solution step (fwd/bwd)  =       0.152903
  .. Time in forward (fwd) step   =          0.079696
  .. Time in ScaLAPACK root       =          0.001583
  .. Time in backward (bwd) step  =          0.071605
 Time to gather solution(cent.sol)=       0.000000
 Time to copy/scale dist. solution=       0.000494

 Elapsed time in solve driver=       0.3032
   48 KSP Residual norm 2.829483739040e-02

Entering DMUMPS 5.6.2 from C interface with JOB, N =   3     1237277
      executing #MPI =    128 and #OMP =      2



 ****** SOLVE & CHECK STEP ********

 GLOBAL STATISTICS PRIOR SOLVE PHASE ...........
 Number of right-hand-sides                    =           1
 Blocking factor for multiple rhs              =           1
 ICNTL (9)                                     =           1
  --- (10)                                     =           0
  --- (11)                                     =           0
  --- (20)                                     =          10
  --- (21)                                     =           1
  --- (30)                                     =           0
  --- (35)                                     =           0
 WARNING: original distributed matrix is not allocated
 ** Rank of processor needing largest memory in solve     :       127
 ** Space in MBYTES used by this processor for solve      :       789
 ** Avg. Space in MBYTES per working proc during solve    :       425

 Leaving solve with ...
 Time to build/scatter RHS        =       0.002354
 Time in solution step (fwd/bwd)  =       0.150349
  .. Time in forward (fwd) step   =          0.078052
  .. Time in ScaLAPACK root       =          0.001556
  .. Time in backward (bwd) step  =          0.070723
 Time to gather solution(cent.sol)=       0.000000
 Time to copy/scale dist. solution=       0.000492

 Elapsed time in solve driver=       0.3016
   49 KSP Residual norm 2.819114529688e-02

Entering DMUMPS 5.6.2 from C interface with JOB, N =   3     1237277
      executing #MPI =    128 and #OMP =      2



 ****** SOLVE & CHECK STEP ********

 GLOBAL STATISTICS PRIOR SOLVE PHASE ...........
 Number of right-hand-sides                    =           1
 Blocking factor for multiple rhs              =           1
 ICNTL (9)                                     =           1
  --- (10)                                     =           0
  --- (11)                                     =           0
  --- (20)                                     =          10
  --- (21)                                     =           1
  --- (30)                                     =           0
  --- (35)                                     =           0
 WARNING: original distributed matrix is not allocated
 ** Rank of processor needing largest memory in solve     :       127
 ** Space in MBYTES used by this processor for solve      :       789
 ** Avg. Space in MBYTES per working proc during solve    :       425

 Leaving solve with ...
 Time to build/scatter RHS        =       0.002376
 Time in solution step (fwd/bwd)  =       0.150627
  .. Time in forward (fwd) step   =          0.079168
  .. Time in ScaLAPACK root       =          0.001581
  .. Time in backward (bwd) step  =          0.069842
 Time to gather solution(cent.sol)=       0.000000
 Time to copy/scale dist. solution=       0.000504

 Elapsed time in solve driver=       0.2995
   50 KSP Residual norm 2.804801486275e-02

Entering DMUMPS 5.6.2 from C interface with JOB, N =   3     1237277
      executing #MPI =    128 and #OMP =      2



 ****** SOLVE & CHECK STEP ********

 GLOBAL STATISTICS PRIOR SOLVE PHASE ...........
 Number of right-hand-sides                    =           1
 Blocking factor for multiple rhs              =           1
 ICNTL (9)                                     =           1
  --- (10)                                     =           0
  --- (11)                                     =           0
  --- (20)                                     =          10
  --- (21)                                     =           1
  --- (30)                                     =           0
  --- (35)                                     =           0
 WARNING: original distributed matrix is not allocated
 ** Rank of processor needing largest memory in solve     :       127
 ** Space in MBYTES used by this processor for solve      :       789
 ** Avg. Space in MBYTES per working proc during solve    :       425

 Leaving solve with ...
 Time to build/scatter RHS        =       0.002351
 Time in solution step (fwd/bwd)  =       0.150215
  .. Time in forward (fwd) step   =          0.079752
  .. Time in ScaLAPACK root       =          0.001603
  .. Time in backward (bwd) step  =          0.068842
 Time to gather solution(cent.sol)=       0.000000
 Time to copy/scale dist. solution=       0.000496

 Elapsed time in solve driver=       0.2996
   51 KSP Residual norm 2.790919588998e-02

Entering DMUMPS 5.6.2 from C interface with JOB, N =   3     1237277
      executing #MPI =    128 and #OMP =      2



 ****** SOLVE & CHECK STEP ********

 GLOBAL STATISTICS PRIOR SOLVE PHASE ...........
 Number of right-hand-sides                    =           1
 Blocking factor for multiple rhs              =           1
 ICNTL (9)                                     =           1
  --- (10)                                     =           0
  --- (11)                                     =           0
  --- (20)                                     =          10
  --- (21)                                     =           1
  --- (30)                                     =           0
  --- (35)                                     =           0
 WARNING: original distributed matrix is not allocated
 ** Rank of processor needing largest memory in solve     :       127
 ** Space in MBYTES used by this processor for solve      :       789
 ** Avg. Space in MBYTES per working proc during solve    :       425

 Leaving solve with ...
 Time to build/scatter RHS        =       0.002526
 Time in solution step (fwd/bwd)  =       0.150252
  .. Time in forward (fwd) step   =          0.079918
  .. Time in ScaLAPACK root       =          0.001607
  .. Time in backward (bwd) step  =          0.068706
 Time to gather solution(cent.sol)=       0.000000
 Time to copy/scale dist. solution=       0.000506

 Elapsed time in solve driver=       0.3024
   52 KSP Residual norm 2.776823979901e-02

Entering DMUMPS 5.6.2 from C interface with JOB, N =   3     1237277
      executing #MPI =    128 and #OMP =      2



 ****** SOLVE & CHECK STEP ********

 GLOBAL STATISTICS PRIOR SOLVE PHASE ...........
 Number of right-hand-sides                    =           1
 Blocking factor for multiple rhs              =           1
 ICNTL (9)                                     =           1
  --- (10)                                     =           0
  --- (11)                                     =           0
  --- (20)                                     =          10
  --- (21)                                     =           1
  --- (30)                                     =           0
  --- (35)                                     =           0
 WARNING: original distributed matrix is not allocated
 ** Rank of processor needing largest memory in solve     :       127
 ** Space in MBYTES used by this processor for solve      :       789
 ** Avg. Space in MBYTES per working proc during solve    :       425

 Leaving solve with ...
 Time to build/scatter RHS        =       0.002591
 Time in solution step (fwd/bwd)  =       0.151057
  .. Time in forward (fwd) step   =          0.078908
  .. Time in ScaLAPACK root       =          0.001593
  .. Time in backward (bwd) step  =          0.070527
 Time to gather solution(cent.sol)=       0.000000
 Time to copy/scale dist. solution=       0.000506

 Elapsed time in solve driver=       0.3017
   53 KSP Residual norm 2.767042850703e-02

Entering DMUMPS 5.6.2 from C interface with JOB, N =   3     1237277
      executing #MPI =    128 and #OMP =      2



 ****** SOLVE & CHECK STEP ********

 GLOBAL STATISTICS PRIOR SOLVE PHASE ...........
 Number of right-hand-sides                    =           1
 Blocking factor for multiple rhs              =           1
 ICNTL (9)                                     =           1
  --- (10)                                     =           0
  --- (11)                                     =           0
  --- (20)                                     =          10
  --- (21)                                     =           1
  --- (30)                                     =           0
  --- (35)                                     =           0
 WARNING: original distributed matrix is not allocated
 ** Rank of processor needing largest memory in solve     :       127
 ** Space in MBYTES used by this processor for solve      :       789
 ** Avg. Space in MBYTES per working proc during solve    :       425

 Leaving solve with ...
 Time to build/scatter RHS        =       0.002336
 Time in solution step (fwd/bwd)  =       0.151703
  .. Time in forward (fwd) step   =          0.078772
  .. Time in ScaLAPACK root       =          0.001597
  .. Time in backward (bwd) step  =          0.071315
 Time to gather solution(cent.sol)=       0.000000
 Time to copy/scale dist. solution=       0.000486

 Elapsed time in solve driver=       0.3039
   54 KSP Residual norm 2.756349400065e-02

Entering DMUMPS 5.6.2 from C interface with JOB, N =   3     1237277
      executing #MPI =    128 and #OMP =      2



 ****** SOLVE & CHECK STEP ********

 GLOBAL STATISTICS PRIOR SOLVE PHASE ...........
 Number of right-hand-sides                    =           1
 Blocking factor for multiple rhs              =           1
 ICNTL (9)                                     =           1
  --- (10)                                     =           0
  --- (11)                                     =           0
  --- (20)                                     =          10
  --- (21)                                     =           1
  --- (30)                                     =           0
  --- (35)                                     =           0
 WARNING: original distributed matrix is not allocated
 ** Rank of processor needing largest memory in solve     :       127
 ** Space in MBYTES used by this processor for solve      :       789
 ** Avg. Space in MBYTES per working proc during solve    :       425

 Leaving solve with ...
 Time to build/scatter RHS        =       0.002321
 Time in solution step (fwd/bwd)  =       0.149875
  .. Time in forward (fwd) step   =          0.079420
  .. Time in ScaLAPACK root       =          0.001580
  .. Time in backward (bwd) step  =          0.068854
 Time to gather solution(cent.sol)=       0.000000
 Time to copy/scale dist. solution=       0.000505

 Elapsed time in solve driver=       0.3004
   55 KSP Residual norm 2.741865704170e-02

Entering DMUMPS 5.6.2 from C interface with JOB, N =   3     1237277
      executing #MPI =    128 and #OMP =      2



 ****** SOLVE & CHECK STEP ********

 GLOBAL STATISTICS PRIOR SOLVE PHASE ...........
 Number of right-hand-sides                    =           1
 Blocking factor for multiple rhs              =           1
 ICNTL (9)                                     =           1
  --- (10)                                     =           0
  --- (11)                                     =           0
  --- (20)                                     =          10
  --- (21)                                     =           1
  --- (30)                                     =           0
  --- (35)                                     =           0
 WARNING: original distributed matrix is not allocated
 ** Rank of processor needing largest memory in solve     :       127
 ** Space in MBYTES used by this processor for solve      :       789
 ** Avg. Space in MBYTES per working proc during solve    :       425

 Leaving solve with ...
 Time to build/scatter RHS        =       0.002478
 Time in solution step (fwd/bwd)  =       0.149995
  .. Time in forward (fwd) step   =          0.079036
  .. Time in ScaLAPACK root       =          0.001562
  .. Time in backward (bwd) step  =          0.069379
 Time to gather solution(cent.sol)=       0.000000
 Time to copy/scale dist. solution=       0.000492

 Elapsed time in solve driver=       0.2973
   56 KSP Residual norm 2.728694831549e-02

Entering DMUMPS 5.6.2 from C interface with JOB, N =   3     1237277
      executing #MPI =    128 and #OMP =      2



 ****** SOLVE & CHECK STEP ********

 GLOBAL STATISTICS PRIOR SOLVE PHASE ...........
 Number of right-hand-sides                    =           1
 Blocking factor for multiple rhs              =           1
 ICNTL (9)                                     =           1
  --- (10)                                     =           0
  --- (11)                                     =           0
  --- (20)                                     =          10
  --- (21)                                     =           1
  --- (30)                                     =           0
  --- (35)                                     =           0
 WARNING: original distributed matrix is not allocated
 ** Rank of processor needing largest memory in solve     :       127
 ** Space in MBYTES used by this processor for solve      :       789
 ** Avg. Space in MBYTES per working proc during solve    :       425

 Leaving solve with ...
 Time to build/scatter RHS        =       0.002577
 Time in solution step (fwd/bwd)  =       0.150921
  .. Time in forward (fwd) step   =          0.078848
  .. Time in ScaLAPACK root       =          0.001591
  .. Time in backward (bwd) step  =          0.070451
 Time to gather solution(cent.sol)=       0.000000
 Time to copy/scale dist. solution=       0.000484

 Elapsed time in solve driver=       0.2990
   57 KSP Residual norm 2.720169234529e-02

Entering DMUMPS 5.6.2 from C interface with JOB, N =   3     1237277
      executing #MPI =    128 and #OMP =      2



 ****** SOLVE & CHECK STEP ********

 GLOBAL STATISTICS PRIOR SOLVE PHASE ...........
 Number of right-hand-sides                    =           1
 Blocking factor for multiple rhs              =           1
 ICNTL (9)                                     =           1
  --- (10)                                     =           0
  --- (11)                                     =           0
  --- (20)                                     =          10
  --- (21)                                     =           1
  --- (30)                                     =           0
  --- (35)                                     =           0
 WARNING: original distributed matrix is not allocated
 ** Rank of processor needing largest memory in solve     :       127
 ** Space in MBYTES used by this processor for solve      :       789
 ** Avg. Space in MBYTES per working proc during solve    :       425

 Leaving solve with ...
 Time to build/scatter RHS        =       0.002556
 Time in solution step (fwd/bwd)  =       0.149091
  .. Time in forward (fwd) step   =          0.078560
  .. Time in ScaLAPACK root       =          0.001652
  .. Time in backward (bwd) step  =          0.068837
 Time to gather solution(cent.sol)=       0.000000
 Time to copy/scale dist. solution=       0.000496

 Elapsed time in solve driver=       0.3000
   58 KSP Residual norm 2.709343368173e-02

Entering DMUMPS 5.6.2 from C interface with JOB, N =   3     1237277
      executing #MPI =    128 and #OMP =      2



 ****** SOLVE & CHECK STEP ********

 GLOBAL STATISTICS PRIOR SOLVE PHASE ...........
 Number of right-hand-sides                    =           1
 Blocking factor for multiple rhs              =           1
 ICNTL (9)                                     =           1
  --- (10)                                     =           0
  --- (11)                                     =           0
  --- (20)                                     =          10
  --- (21)                                     =           1
  --- (30)                                     =           0
  --- (35)                                     =           0
 WARNING: original distributed matrix is not allocated
 ** Rank of processor needing largest memory in solve     :       127
 ** Space in MBYTES used by this processor for solve      :       789
 ** Avg. Space in MBYTES per working proc during solve    :       425

 Leaving solve with ...
 Time to build/scatter RHS        =       0.002513
 Time in solution step (fwd/bwd)  =       0.152351
  .. Time in forward (fwd) step   =          0.079011
  .. Time in ScaLAPACK root       =          0.001575
  .. Time in backward (bwd) step  =          0.071743
 Time to gather solution(cent.sol)=       0.000000
 Time to copy/scale dist. solution=       0.000572

 Elapsed time in solve driver=       0.3333
   59 KSP Residual norm 2.696229577344e-02

Entering DMUMPS 5.6.2 from C interface with JOB, N =   3     1237277
      executing #MPI =    128 and #OMP =      2



 ****** SOLVE & CHECK STEP ********

 GLOBAL STATISTICS PRIOR SOLVE PHASE ...........
 Number of right-hand-sides                    =           1
 Blocking factor for multiple rhs              =           1
 ICNTL (9)                                     =           1
  --- (10)                                     =           0
  --- (11)                                     =           0
  --- (20)                                     =          10
  --- (21)                                     =           1
  --- (30)                                     =           0
  --- (35)                                     =           0
 WARNING: original distributed matrix is not allocated
 ** Rank of processor needing largest memory in solve     :       127
 ** Space in MBYTES used by this processor for solve      :       789
 ** Avg. Space in MBYTES per working proc during solve    :       425

 Leaving solve with ...
 Time to build/scatter RHS        =       0.002282
 Time in solution step (fwd/bwd)  =       0.151158
  .. Time in forward (fwd) step   =          0.079314
  .. Time in ScaLAPACK root       =          0.001567
  .. Time in backward (bwd) step  =          0.070258
 Time to gather solution(cent.sol)=       0.000000
 Time to copy/scale dist. solution=       0.000488

 Elapsed time in solve driver=       0.3019
   60 KSP Residual norm 2.667933078772e-02

Entering DMUMPS 5.6.2 from C interface with JOB, N =   3     1237277
      executing #MPI =    128 and #OMP =      2



 ****** SOLVE & CHECK STEP ********

 GLOBAL STATISTICS PRIOR SOLVE PHASE ...........
 Number of right-hand-sides                    =           1
 Blocking factor for multiple rhs              =           1
 ICNTL (9)                                     =           1
  --- (10)                                     =           0
  --- (11)                                     =           0
  --- (20)                                     =          10
  --- (21)                                     =           1
  --- (30)                                     =           0
  --- (35)                                     =           0
 WARNING: original distributed matrix is not allocated
 ** Rank of processor needing largest memory in solve     :       127
 ** Space in MBYTES used by this processor for solve      :       789
 ** Avg. Space in MBYTES per working proc during solve    :       425

 Leaving solve with ...
 Time to build/scatter RHS        =       0.002509
 Time in solution step (fwd/bwd)  =       0.149467
  .. Time in forward (fwd) step   =          0.078940
  .. Time in ScaLAPACK root       =          0.001607
  .. Time in backward (bwd) step  =          0.068896
 Time to gather solution(cent.sol)=       0.000000
 Time to copy/scale dist. solution=       0.000489

 Elapsed time in solve driver=       0.2985
   61 KSP Residual norm 2.619255211779e-02

Entering DMUMPS 5.6.2 from C interface with JOB, N =   3     1237277
      executing #MPI =    128 and #OMP =      2



 ****** SOLVE & CHECK STEP ********

 GLOBAL STATISTICS PRIOR SOLVE PHASE ...........
 Number of right-hand-sides                    =           1
 Blocking factor for multiple rhs              =           1
 ICNTL (9)                                     =           1
  --- (10)                                     =           0
  --- (11)                                     =           0
  --- (20)                                     =          10
  --- (21)                                     =           1
  --- (30)                                     =           0
  --- (35)                                     =           0
 WARNING: original distributed matrix is not allocated
 ** Rank of processor needing largest memory in solve     :       127
 ** Space in MBYTES used by this processor for solve      :       789
 ** Avg. Space in MBYTES per working proc during solve    :       425

 Leaving solve with ...
 Time to build/scatter RHS        =       0.002363
 Time in solution step (fwd/bwd)  =       0.150771
  .. Time in forward (fwd) step   =          0.078739
  .. Time in ScaLAPACK root       =          0.001599
  .. Time in backward (bwd) step  =          0.070415
 Time to gather solution(cent.sol)=       0.000000
 Time to copy/scale dist. solution=       0.000489

 Elapsed time in solve driver=       0.3010
   62 KSP Residual norm 2.553922420544e-02

Entering DMUMPS 5.6.2 from C interface with JOB, N =   3     1237277
      executing #MPI =    128 and #OMP =      2



 ****** SOLVE & CHECK STEP ********

 GLOBAL STATISTICS PRIOR SOLVE PHASE ...........
 Number of right-hand-sides                    =           1
 Blocking factor for multiple rhs              =           1
 ICNTL (9)                                     =           1
  --- (10)                                     =           0
  --- (11)                                     =           0
  --- (20)                                     =          10
  --- (21)                                     =           1
  --- (30)                                     =           0
  --- (35)                                     =           0
 WARNING: original distributed matrix is not allocated
 ** Rank of processor needing largest memory in solve     :       127
 ** Space in MBYTES used by this processor for solve      :       789
 ** Avg. Space in MBYTES per working proc during solve    :       425

 Leaving solve with ...
 Time to build/scatter RHS        =       0.002327
 Time in solution step (fwd/bwd)  =       0.149553
  .. Time in forward (fwd) step   =          0.078052
  .. Time in ScaLAPACK root       =          0.001608
  .. Time in backward (bwd) step  =          0.069865
 Time to gather solution(cent.sol)=       0.000000
 Time to copy/scale dist. solution=       0.000499

 Elapsed time in solve driver=       0.3015
   63 KSP Residual norm 2.477570789244e-02

Entering DMUMPS 5.6.2 from C interface with JOB, N =   3     1237277
      executing #MPI =    128 and #OMP =      2



 ****** SOLVE & CHECK STEP ********

 GLOBAL STATISTICS PRIOR SOLVE PHASE ...........
 Number of right-hand-sides                    =           1
 Blocking factor for multiple rhs              =           1
 ICNTL (9)                                     =           1
  --- (10)                                     =           0
  --- (11)                                     =           0
  --- (20)                                     =          10
  --- (21)                                     =           1
  --- (30)                                     =           0
  --- (35)                                     =           0
 WARNING: original distributed matrix is not allocated
 ** Rank of processor needing largest memory in solve     :       127
 ** Space in MBYTES used by this processor for solve      :       789
 ** Avg. Space in MBYTES per working proc during solve    :       425

 Leaving solve with ...
 Time to build/scatter RHS        =       0.002179
 Time in solution step (fwd/bwd)  =       0.154536
  .. Time in forward (fwd) step   =          0.078958
  .. Time in ScaLAPACK root       =          0.001559
  .. Time in backward (bwd) step  =          0.073985
 Time to gather solution(cent.sol)=       0.000000
 Time to copy/scale dist. solution=       0.000507

 Elapsed time in solve driver=       0.3077
   64 KSP Residual norm 2.429547278323e-02

Entering DMUMPS 5.6.2 from C interface with JOB, N =   3     1237277
      executing #MPI =    128 and #OMP =      2



 ****** SOLVE & CHECK STEP ********

 GLOBAL STATISTICS PRIOR SOLVE PHASE ...........
 Number of right-hand-sides                    =           1
 Blocking factor for multiple rhs              =           1
 ICNTL (9)                                     =           1
  --- (10)                                     =           0
  --- (11)                                     =           0
  --- (20)                                     =          10
  --- (21)                                     =           1
  --- (30)                                     =           0
  --- (35)                                     =           0
 WARNING: original distributed matrix is not allocated
 ** Rank of processor needing largest memory in solve     :       127
 ** Space in MBYTES used by this processor for solve      :       789
 ** Avg. Space in MBYTES per working proc during solve    :       425

 Leaving solve with ...
 Time to build/scatter RHS        =       0.002200
 Time in solution step (fwd/bwd)  =       0.150267
  .. Time in forward (fwd) step   =          0.079054
  .. Time in ScaLAPACK root       =          0.001600
  .. Time in backward (bwd) step  =          0.069592
 Time to gather solution(cent.sol)=       0.000000
 Time to copy/scale dist. solution=       0.000501

 Elapsed time in solve driver=       0.3034
   65 KSP Residual norm 2.401750460990e-02

Entering DMUMPS 5.6.2 from C interface with JOB, N =   3     1237277
      executing #MPI =    128 and #OMP =      2



 ****** SOLVE & CHECK STEP ********

 GLOBAL STATISTICS PRIOR SOLVE PHASE ...........
 Number of right-hand-sides                    =           1
 Blocking factor for multiple rhs              =           1
 ICNTL (9)                                     =           1
  --- (10)                                     =           0
  --- (11)                                     =           0
  --- (20)                                     =          10
  --- (21)                                     =           1
  --- (30)                                     =           0
  --- (35)                                     =           0
 WARNING: original distributed matrix is not allocated
 ** Rank of processor needing largest memory in solve     :       127
 ** Space in MBYTES used by this processor for solve      :       789
 ** Avg. Space in MBYTES per working proc during solve    :       425

 Leaving solve with ...
 Time to build/scatter RHS        =       0.002194
 Time in solution step (fwd/bwd)  =       0.149767
  .. Time in forward (fwd) step   =          0.077675
  .. Time in ScaLAPACK root       =          0.001589
  .. Time in backward (bwd) step  =          0.070486
 Time to gather solution(cent.sol)=       0.000000
 Time to copy/scale dist. solution=       0.000503

 Elapsed time in solve driver=       0.2999
   66 KSP Residual norm 2.353045601879e-02

Entering DMUMPS 5.6.2 from C interface with JOB, N =   3     1237277
      executing #MPI =    128 and #OMP =      2



 ****** SOLVE & CHECK STEP ********

 GLOBAL STATISTICS PRIOR SOLVE PHASE ...........
 Number of right-hand-sides                    =           1
 Blocking factor for multiple rhs              =           1
 ICNTL (9)                                     =           1
  --- (10)                                     =           0
  --- (11)                                     =           0
  --- (20)                                     =          10
  --- (21)                                     =           1
  --- (30)                                     =           0
  --- (35)                                     =           0
 WARNING: original distributed matrix is not allocated
 ** Rank of processor needing largest memory in solve     :       127
 ** Space in MBYTES used by this processor for solve      :       789
 ** Avg. Space in MBYTES per working proc during solve    :       425

 Leaving solve with ...
 Time to build/scatter RHS        =       0.002193
 Time in solution step (fwd/bwd)  =       0.150304
  .. Time in forward (fwd) step   =          0.079349
  .. Time in ScaLAPACK root       =          0.001598
  .. Time in backward (bwd) step  =          0.069338
 Time to gather solution(cent.sol)=       0.000000
 Time to copy/scale dist. solution=       0.000500

 Elapsed time in solve driver=       0.3000
   67 KSP Residual norm 2.279412748252e-02

Entering DMUMPS 5.6.2 from C interface with JOB, N =   3     1237277
      executing #MPI =    128 and #OMP =      2



 ****** SOLVE & CHECK STEP ********

 GLOBAL STATISTICS PRIOR SOLVE PHASE ...........
 Number of right-hand-sides                    =           1
 Blocking factor for multiple rhs              =           1
 ICNTL (9)                                     =           1
  --- (10)                                     =           0
  --- (11)                                     =           0
  --- (20)                                     =          10
  --- (21)                                     =           1
  --- (30)                                     =           0
  --- (35)                                     =           0
 WARNING: original distributed matrix is not allocated
 ** Rank of processor needing largest memory in solve     :       127
 ** Space in MBYTES used by this processor for solve      :       789
 ** Avg. Space in MBYTES per working proc during solve    :       425

 Leaving solve with ...
 Time to build/scatter RHS        =       0.082468
 Time in solution step (fwd/bwd)  =       0.149914
  .. Time in forward (fwd) step   =          0.077327
  .. Time in ScaLAPACK root       =          0.001590
  .. Time in backward (bwd) step  =          0.070978
 Time to gather solution(cent.sol)=       0.000000
 Time to copy/scale dist. solution=       0.000505

 Elapsed time in solve driver=       0.3816
   68 KSP Residual norm 2.091837975200e-02

Entering DMUMPS 5.6.2 from C interface with JOB, N =   3     1237277
      executing #MPI =    128 and #OMP =      2



 ****** SOLVE & CHECK STEP ********

 GLOBAL STATISTICS PRIOR SOLVE PHASE ...........
 Number of right-hand-sides                    =           1
 Blocking factor for multiple rhs              =           1
 ICNTL (9)                                     =           1
  --- (10)                                     =           0
  --- (11)                                     =           0
  --- (20)                                     =          10
  --- (21)                                     =           1
  --- (30)                                     =           0
  --- (35)                                     =           0
 WARNING: original distributed matrix is not allocated
 ** Rank of processor needing largest memory in solve     :       127
 ** Space in MBYTES used by this processor for solve      :       789
 ** Avg. Space in MBYTES per working proc during solve    :       425

 Leaving solve with ...
 Time to build/scatter RHS        =       0.002215
 Time in solution step (fwd/bwd)  =       0.151473
  .. Time in forward (fwd) step   =          0.078769
  .. Time in ScaLAPACK root       =          0.001591
  .. Time in backward (bwd) step  =          0.071094
 Time to gather solution(cent.sol)=       0.000000
 Time to copy/scale dist. solution=       0.000487

 Elapsed time in solve driver=       0.3047
   69 KSP Residual norm 1.877920074782e-02

Entering DMUMPS 5.6.2 from C interface with JOB, N =   3     1237277
      executing #MPI =    128 and #OMP =      2



 ****** SOLVE & CHECK STEP ********

 GLOBAL STATISTICS PRIOR SOLVE PHASE ...........
 Number of right-hand-sides                    =           1
 Blocking factor for multiple rhs              =           1
 ICNTL (9)                                     =           1
  --- (10)                                     =           0
  --- (11)                                     =           0
  --- (20)                                     =          10
  --- (21)                                     =           1
  --- (30)                                     =           0
  --- (35)                                     =           0
 WARNING: original distributed matrix is not allocated
 ** Rank of processor needing largest memory in solve     :       127
 ** Space in MBYTES used by this processor for solve      :       789
 ** Avg. Space in MBYTES per working proc during solve    :       425

 Leaving solve with ...
 Time to build/scatter RHS        =       0.002141
 Time in solution step (fwd/bwd)  =       0.148852
  .. Time in forward (fwd) step   =          0.078609
  .. Time in ScaLAPACK root       =          0.001569
  .. Time in backward (bwd) step  =          0.068655
 Time to gather solution(cent.sol)=       0.000000
 Time to copy/scale dist. solution=       0.000507

 Elapsed time in solve driver=       0.2977
   70 KSP Residual norm 1.704426714733e-02

Entering DMUMPS 5.6.2 from C interface with JOB, N =   3     1237277
      executing #MPI =    128 and #OMP =      2



 ****** SOLVE & CHECK STEP ********

 GLOBAL STATISTICS PRIOR SOLVE PHASE ...........
 Number of right-hand-sides                    =           1
 Blocking factor for multiple rhs              =           1
 ICNTL (9)                                     =           1
  --- (10)                                     =           0
  --- (11)                                     =           0
  --- (20)                                     =          10
  --- (21)                                     =           1
  --- (30)                                     =           0
  --- (35)                                     =           0
 WARNING: original distributed matrix is not allocated
 ** Rank of processor needing largest memory in solve     :       127
 ** Space in MBYTES used by this processor for solve      :       789
 ** Avg. Space in MBYTES per working proc during solve    :       425

 Leaving solve with ...
 Time to build/scatter RHS        =       0.002383
 Time in solution step (fwd/bwd)  =       0.152834
  .. Time in forward (fwd) step   =          0.079433
  .. Time in ScaLAPACK root       =          0.001587
  .. Time in backward (bwd) step  =          0.071779
 Time to gather solution(cent.sol)=       0.000000
 Time to copy/scale dist. solution=       0.000491

 Elapsed time in solve driver=       0.3061
   71 KSP Residual norm 1.607102860744e-02

Entering DMUMPS 5.6.2 from C interface with JOB, N =   3     1237277
      executing #MPI =    128 and #OMP =      2



 ****** SOLVE & CHECK STEP ********

 GLOBAL STATISTICS PRIOR SOLVE PHASE ...........
 Number of right-hand-sides                    =           1
 Blocking factor for multiple rhs              =           1
 ICNTL (9)                                     =           1
  --- (10)                                     =           0
  --- (11)                                     =           0
  --- (20)                                     =          10
  --- (21)                                     =           1
  --- (30)                                     =           0
  --- (35)                                     =           0
 WARNING: original distributed matrix is not allocated
 ** Rank of processor needing largest memory in solve     :       127
 ** Space in MBYTES used by this processor for solve      :       789
 ** Avg. Space in MBYTES per working proc during solve    :       425

 Leaving solve with ...
 Time to build/scatter RHS        =       0.002206
 Time in solution step (fwd/bwd)  =       0.155310
  .. Time in forward (fwd) step   =          0.079715
  .. Time in ScaLAPACK root       =          0.001575
  .. Time in backward (bwd) step  =          0.073979
 Time to gather solution(cent.sol)=       0.000000
 Time to copy/scale dist. solution=       0.000486

 Elapsed time in solve driver=       0.3045
   72 KSP Residual norm 1.508072966589e-02

Entering DMUMPS 5.6.2 from C interface with JOB, N =   3     1237277
      executing #MPI =    128 and #OMP =      2



 ****** SOLVE & CHECK STEP ********

 GLOBAL STATISTICS PRIOR SOLVE PHASE ...........
 Number of right-hand-sides                    =           1
 Blocking factor for multiple rhs              =           1
 ICNTL (9)                                     =           1
  --- (10)                                     =           0
  --- (11)                                     =           0
  --- (20)                                     =          10
  --- (21)                                     =           1
  --- (30)                                     =           0
  --- (35)                                     =           0
 WARNING: original distributed matrix is not allocated
 ** Rank of processor needing largest memory in solve     :       127
 ** Space in MBYTES used by this processor for solve      :       789
 ** Avg. Space in MBYTES per working proc during solve    :       425

 Leaving solve with ...
 Time to build/scatter RHS        =       0.002341
 Time in solution step (fwd/bwd)  =       0.147412
  .. Time in forward (fwd) step   =          0.078635
  .. Time in ScaLAPACK root       =          0.001582
  .. Time in backward (bwd) step  =          0.067173
 Time to gather solution(cent.sol)=       0.000000
 Time to copy/scale dist. solution=       0.000487

 Elapsed time in solve driver=       0.2937
   73 KSP Residual norm 1.363095145863e-02

Entering DMUMPS 5.6.2 from C interface with JOB, N =   3     1237277
      executing #MPI =    128 and #OMP =      2



 ****** SOLVE & CHECK STEP ********

 GLOBAL STATISTICS PRIOR SOLVE PHASE ...........
 Number of right-hand-sides                    =           1
 Blocking factor for multiple rhs              =           1
 ICNTL (9)                                     =           1
  --- (10)                                     =           0
  --- (11)                                     =           0
  --- (20)                                     =          10
  --- (21)                                     =           1
  --- (30)                                     =           0
  --- (35)                                     =           0
 WARNING: original distributed matrix is not allocated
 ** Rank of processor needing largest memory in solve     :       127
 ** Space in MBYTES used by this processor for solve      :       789
 ** Avg. Space in MBYTES per working proc during solve    :       425

 Leaving solve with ...
 Time to build/scatter RHS        =       0.002305
 Time in solution step (fwd/bwd)  =       0.150393
  .. Time in forward (fwd) step   =          0.078791
  .. Time in ScaLAPACK root       =          0.001579
  .. Time in backward (bwd) step  =          0.070007
 Time to gather solution(cent.sol)=       0.000000
 Time to copy/scale dist. solution=       0.000493

 Elapsed time in solve driver=       0.2971
   74 KSP Residual norm 1.250178923953e-02

Entering DMUMPS 5.6.2 from C interface with JOB, N =   3     1237277
      executing #MPI =    128 and #OMP =      2



 ****** SOLVE & CHECK STEP ********

 GLOBAL STATISTICS PRIOR SOLVE PHASE ...........
 Number of right-hand-sides                    =           1
 Blocking factor for multiple rhs              =           1
 ICNTL (9)                                     =           1
  --- (10)                                     =           0
  --- (11)                                     =           0
  --- (20)                                     =          10
  --- (21)                                     =           1
  --- (30)                                     =           0
  --- (35)                                     =           0
 WARNING: original distributed matrix is not allocated
 ** Rank of processor needing largest memory in solve     :       127
 ** Space in MBYTES used by this processor for solve      :       789
 ** Avg. Space in MBYTES per working proc during solve    :       425

 Leaving solve with ...
 Time to build/scatter RHS        =       0.002324
 Time in solution step (fwd/bwd)  =       0.149874
  .. Time in forward (fwd) step   =          0.078626
  .. Time in ScaLAPACK root       =          0.001581
  .. Time in backward (bwd) step  =          0.069647
 Time to gather solution(cent.sol)=       0.000000
 Time to copy/scale dist. solution=       0.000494

 Elapsed time in solve driver=       0.2963
   75 KSP Residual norm 1.146301077165e-02

Entering DMUMPS 5.6.2 from C interface with JOB, N =   3     1237277
      executing #MPI =    128 and #OMP =      2



 ****** SOLVE & CHECK STEP ********

 GLOBAL STATISTICS PRIOR SOLVE PHASE ...........
 Number of right-hand-sides                    =           1
 Blocking factor for multiple rhs              =           1
 ICNTL (9)                                     =           1
  --- (10)                                     =           0
  --- (11)                                     =           0
  --- (20)                                     =          10
  --- (21)                                     =           1
  --- (30)                                     =           0
  --- (35)                                     =           0
 WARNING: original distributed matrix is not allocated
 ** Rank of processor needing largest memory in solve     :       127
 ** Space in MBYTES used by this processor for solve      :       789
 ** Avg. Space in MBYTES per working proc during solve    :       425

 Leaving solve with ...
 Time to build/scatter RHS        =       0.002335
 Time in solution step (fwd/bwd)  =       0.153153
  .. Time in forward (fwd) step   =          0.079764
  .. Time in ScaLAPACK root       =          0.001595
  .. Time in backward (bwd) step  =          0.071770
 Time to gather solution(cent.sol)=       0.000000
 Time to copy/scale dist. solution=       0.000496

 Elapsed time in solve driver=       0.2982
   76 KSP Residual norm 1.058693554035e-02

Entering DMUMPS 5.6.2 from C interface with JOB, N =   3     1237277
      executing #MPI =    128 and #OMP =      2



 ****** SOLVE & CHECK STEP ********

 GLOBAL STATISTICS PRIOR SOLVE PHASE ...........
 Number of right-hand-sides                    =           1
 Blocking factor for multiple rhs              =           1
 ICNTL (9)                                     =           1
  --- (10)                                     =           0
  --- (11)                                     =           0
  --- (20)                                     =          10
  --- (21)                                     =           1
  --- (30)                                     =           0
  --- (35)                                     =           0
 WARNING: original distributed matrix is not allocated
 ** Rank of processor needing largest memory in solve     :       127
 ** Space in MBYTES used by this processor for solve      :       789
 ** Avg. Space in MBYTES per working proc during solve    :       425

 Leaving solve with ...
 Time to build/scatter RHS        =       0.002322
 Time in solution step (fwd/bwd)  =       0.154988
  .. Time in forward (fwd) step   =          0.079177
  .. Time in ScaLAPACK root       =          0.001641
  .. Time in backward (bwd) step  =          0.074150
 Time to gather solution(cent.sol)=       0.000000
 Time to copy/scale dist. solution=       0.000511

 Elapsed time in solve driver=       0.3050
   77 KSP Residual norm 9.382204223382e-03

Entering DMUMPS 5.6.2 from C interface with JOB, N =   3     1237277
      executing #MPI =    128 and #OMP =      2



 ****** SOLVE & CHECK STEP ********

 GLOBAL STATISTICS PRIOR SOLVE PHASE ...........
 Number of right-hand-sides                    =           1
 Blocking factor for multiple rhs              =           1
 ICNTL (9)                                     =           1
  --- (10)                                     =           0
  --- (11)                                     =           0
  --- (20)                                     =          10
  --- (21)                                     =           1
  --- (30)                                     =           0
  --- (35)                                     =           0
 WARNING: original distributed matrix is not allocated
 ** Rank of processor needing largest memory in solve     :       127
 ** Space in MBYTES used by this processor for solve      :       789
 ** Avg. Space in MBYTES per working proc during solve    :       425

 Leaving solve with ...
 Time to build/scatter RHS        =       0.002333
 Time in solution step (fwd/bwd)  =       0.151531
  .. Time in forward (fwd) step   =          0.079581
  .. Time in ScaLAPACK root       =          0.001588
  .. Time in backward (bwd) step  =          0.070333
 Time to gather solution(cent.sol)=       0.000000
 Time to copy/scale dist. solution=       0.000500

 Elapsed time in solve driver=       0.2981
   78 KSP Residual norm 8.185023046759e-03

Entering DMUMPS 5.6.2 from C interface with JOB, N =   3     1237277
      executing #MPI =    128 and #OMP =      2



 ****** SOLVE & CHECK STEP ********

 GLOBAL STATISTICS PRIOR SOLVE PHASE ...........
 Number of right-hand-sides                    =           1
 Blocking factor for multiple rhs              =           1
 ICNTL (9)                                     =           1
  --- (10)                                     =           0
  --- (11)                                     =           0
  --- (20)                                     =          10
  --- (21)                                     =           1
  --- (30)                                     =           0
  --- (35)                                     =           0
 WARNING: original distributed matrix is not allocated
 ** Rank of processor needing largest memory in solve     :       127
 ** Space in MBYTES used by this processor for solve      :       789
 ** Avg. Space in MBYTES per working proc during solve    :       425

 Leaving solve with ...
 Time to build/scatter RHS        =       0.002345
 Time in solution step (fwd/bwd)  =       0.151556
  .. Time in forward (fwd) step   =          0.079462
  .. Time in ScaLAPACK root       =          0.001548
  .. Time in backward (bwd) step  =          0.070525
 Time to gather solution(cent.sol)=       0.000000
 Time to copy/scale dist. solution=       0.000491

 Elapsed time in solve driver=       0.2977
   79 KSP Residual norm 7.105721505724e-03

Entering DMUMPS 5.6.2 from C interface with JOB, N =   3     1237277
      executing #MPI =    128 and #OMP =      2



 ****** SOLVE & CHECK STEP ********

 GLOBAL STATISTICS PRIOR SOLVE PHASE ...........
 Number of right-hand-sides                    =           1
 Blocking factor for multiple rhs              =           1
 ICNTL (9)                                     =           1
  --- (10)                                     =           0
  --- (11)                                     =           0
  --- (20)                                     =          10
  --- (21)                                     =           1
  --- (30)                                     =           0
  --- (35)                                     =           0
 WARNING: original distributed matrix is not allocated
 ** Rank of processor needing largest memory in solve     :       127
 ** Space in MBYTES used by this processor for solve      :       789
 ** Avg. Space in MBYTES per working proc during solve    :       425

 Leaving solve with ...
 Time to build/scatter RHS        =       0.002266
 Time in solution step (fwd/bwd)  =       0.149367
  .. Time in forward (fwd) step   =          0.078463
  .. Time in ScaLAPACK root       =          0.001570
  .. Time in backward (bwd) step  =          0.069313
 Time to gather solution(cent.sol)=       0.000000
 Time to copy/scale dist. solution=       0.000506

 Elapsed time in solve driver=       0.2970
   80 KSP Residual norm 5.863775639896e-03

Entering DMUMPS 5.6.2 from C interface with JOB, N =   3     1237277
      executing #MPI =    128 and #OMP =      2



 ****** SOLVE & CHECK STEP ********

 GLOBAL STATISTICS PRIOR SOLVE PHASE ...........
 Number of right-hand-sides                    =           1
 Blocking factor for multiple rhs              =           1
 ICNTL (9)                                     =           1
  --- (10)                                     =           0
  --- (11)                                     =           0
  --- (20)                                     =          10
  --- (21)                                     =           1
  --- (30)                                     =           0
  --- (35)                                     =           0
 WARNING: original distributed matrix is not allocated
 ** Rank of processor needing largest memory in solve     :       127
 ** Space in MBYTES used by this processor for solve      :       789
 ** Avg. Space in MBYTES per working proc during solve    :       425

 Leaving solve with ...
 Time to build/scatter RHS        =       0.002241
 Time in solution step (fwd/bwd)  =       0.150397
  .. Time in forward (fwd) step   =          0.079858
  .. Time in ScaLAPACK root       =          0.001576
  .. Time in backward (bwd) step  =          0.068944
 Time to gather solution(cent.sol)=       0.000000
 Time to copy/scale dist. solution=       0.000489

 Elapsed time in solve driver=       0.2992
   81 KSP Residual norm 4.991349547839e-03

Entering DMUMPS 5.6.2 from C interface with JOB, N =   3     1237277
      executing #MPI =    128 and #OMP =      2



 ****** SOLVE & CHECK STEP ********

 GLOBAL STATISTICS PRIOR SOLVE PHASE ...........
 Number of right-hand-sides                    =           1
 Blocking factor for multiple rhs              =           1
 ICNTL (9)                                     =           1
  --- (10)                                     =           0
  --- (11)                                     =           0
  --- (20)                                     =          10
  --- (21)                                     =           1
  --- (30)                                     =           0
  --- (35)                                     =           0
 WARNING: original distributed matrix is not allocated
 ** Rank of processor needing largest memory in solve     :       127
 ** Space in MBYTES used by this processor for solve      :       789
 ** Avg. Space in MBYTES per working proc during solve    :       425

 Leaving solve with ...
 Time to build/scatter RHS        =       0.002359
 Time in solution step (fwd/bwd)  =       0.152564
  .. Time in forward (fwd) step   =          0.078866
  .. Time in ScaLAPACK root       =          0.001605
  .. Time in backward (bwd) step  =          0.072071
 Time to gather solution(cent.sol)=       0.000000
 Time to copy/scale dist. solution=       0.000499

 Elapsed time in solve driver=       0.3016
   82 KSP Residual norm 4.252549798084e-03

Entering DMUMPS 5.6.2 from C interface with JOB, N =   3     1237277
      executing #MPI =    128 and #OMP =      2



 ****** SOLVE & CHECK STEP ********

 GLOBAL STATISTICS PRIOR SOLVE PHASE ...........
 Number of right-hand-sides                    =           1
 Blocking factor for multiple rhs              =           1
 ICNTL (9)                                     =           1
  --- (10)                                     =           0
  --- (11)                                     =           0
  --- (20)                                     =          10
  --- (21)                                     =           1
  --- (30)                                     =           0
  --- (35)                                     =           0
 WARNING: original distributed matrix is not allocated
 ** Rank of processor needing largest memory in solve     :       127
 ** Space in MBYTES used by this processor for solve      :       789
 ** Avg. Space in MBYTES per working proc during solve    :       425

 Leaving solve with ...
 Time to build/scatter RHS        =       0.002385
 Time in solution step (fwd/bwd)  =       0.152256
  .. Time in forward (fwd) step   =          0.078857
  .. Time in ScaLAPACK root       =          0.001562
  .. Time in backward (bwd) step  =          0.071817
 Time to gather solution(cent.sol)=       0.000000
 Time to copy/scale dist. solution=       0.000500

 Elapsed time in solve driver=       0.2972
   83 KSP Residual norm 3.604896456017e-03

Entering DMUMPS 5.6.2 from C interface with JOB, N =   3     1237277
      executing #MPI =    128 and #OMP =      2



 ****** SOLVE & CHECK STEP ********

 GLOBAL STATISTICS PRIOR SOLVE PHASE ...........
 Number of right-hand-sides                    =           1
 Blocking factor for multiple rhs              =           1
 ICNTL (9)                                     =           1
  --- (10)                                     =           0
  --- (11)                                     =           0
  --- (20)                                     =          10
  --- (21)                                     =           1
  --- (30)                                     =           0
  --- (35)                                     =           0
 WARNING: original distributed matrix is not allocated
 ** Rank of processor needing largest memory in solve     :       127
 ** Space in MBYTES used by this processor for solve      :       789
 ** Avg. Space in MBYTES per working proc during solve    :       425

 Leaving solve with ...
 Time to build/scatter RHS        =       0.002350
 Time in solution step (fwd/bwd)  =       0.150540
  .. Time in forward (fwd) step   =          0.078320
  .. Time in ScaLAPACK root       =          0.001585
  .. Time in backward (bwd) step  =          0.070614
 Time to gather solution(cent.sol)=       0.000000
 Time to copy/scale dist. solution=       0.000490

 Elapsed time in solve driver=       0.2983
   84 KSP Residual norm 3.121049017839e-03

Entering DMUMPS 5.6.2 from C interface with JOB, N =   3     1237277
      executing #MPI =    128 and #OMP =      2



 ****** SOLVE & CHECK STEP ********

 GLOBAL STATISTICS PRIOR SOLVE PHASE ...........
 Number of right-hand-sides                    =           1
 Blocking factor for multiple rhs              =           1
 ICNTL (9)                                     =           1
  --- (10)                                     =           0
  --- (11)                                     =           0
  --- (20)                                     =          10
  --- (21)                                     =           1
  --- (30)                                     =           0
  --- (35)                                     =           0
 WARNING: original distributed matrix is not allocated
 ** Rank of processor needing largest memory in solve     :       127
 ** Space in MBYTES used by this processor for solve      :       789
 ** Avg. Space in MBYTES per working proc during solve    :       425

 Leaving solve with ...
 Time to build/scatter RHS        =       0.049150
 Time in solution step (fwd/bwd)  =       0.195384
  .. Time in forward (fwd) step   =          0.122120
  .. Time in ScaLAPACK root       =          0.001565
  .. Time in backward (bwd) step  =          0.071655
 Time to gather solution(cent.sol)=       0.000000
 Time to copy/scale dist. solution=       0.000496

 Elapsed time in solve driver=       0.3912
   85 KSP Residual norm 2.688384349823e-03

Entering DMUMPS 5.6.2 from C interface with JOB, N =   3     1237277
      executing #MPI =    128 and #OMP =      2



 ****** SOLVE & CHECK STEP ********

 GLOBAL STATISTICS PRIOR SOLVE PHASE ...........
 Number of right-hand-sides                    =           1
 Blocking factor for multiple rhs              =           1
 ICNTL (9)                                     =           1
  --- (10)                                     =           0
  --- (11)                                     =           0
  --- (20)                                     =          10
  --- (21)                                     =           1
  --- (30)                                     =           0
  --- (35)                                     =           0
 WARNING: original distributed matrix is not allocated
 ** Rank of processor needing largest memory in solve     :       127
 ** Space in MBYTES used by this processor for solve      :       789
 ** Avg. Space in MBYTES per working proc during solve    :       425

 Leaving solve with ...
 Time to build/scatter RHS        =       0.002339
 Time in solution step (fwd/bwd)  =       0.150090
  .. Time in forward (fwd) step   =          0.078370
  .. Time in ScaLAPACK root       =          0.001572
  .. Time in backward (bwd) step  =          0.070126
 Time to gather solution(cent.sol)=       0.000000
 Time to copy/scale dist. solution=       0.000491

 Elapsed time in solve driver=       0.2964
   86 KSP Residual norm 2.378757161503e-03

Entering DMUMPS 5.6.2 from C interface with JOB, N =   3     1237277
      executing #MPI =    128 and #OMP =      2



 ****** SOLVE & CHECK STEP ********

 GLOBAL STATISTICS PRIOR SOLVE PHASE ...........
 Number of right-hand-sides                    =           1
 Blocking factor for multiple rhs              =           1
 ICNTL (9)                                     =           1
  --- (10)                                     =           0
  --- (11)                                     =           0
  --- (20)                                     =          10
  --- (21)                                     =           1
  --- (30)                                     =           0
  --- (35)                                     =           0
 WARNING: original distributed matrix is not allocated
 ** Rank of processor needing largest memory in solve     :       127
 ** Space in MBYTES used by this processor for solve      :       789
 ** Avg. Space in MBYTES per working proc during solve    :       425

 Leaving solve with ...
 Time to build/scatter RHS        =       0.002327
 Time in solution step (fwd/bwd)  =       0.150548
  .. Time in forward (fwd) step   =          0.079399
  .. Time in ScaLAPACK root       =          0.001588
  .. Time in backward (bwd) step  =          0.069540
 Time to gather solution(cent.sol)=       0.000000
 Time to copy/scale dist. solution=       0.000498

 Elapsed time in solve driver=       0.2977
   87 KSP Residual norm 2.212750500074e-03

Entering DMUMPS 5.6.2 from C interface with JOB, N =   3     1237277
      executing #MPI =    128 and #OMP =      2



 ****** SOLVE & CHECK STEP ********

 GLOBAL STATISTICS PRIOR SOLVE PHASE ...........
 Number of right-hand-sides                    =           1
 Blocking factor for multiple rhs              =           1
 ICNTL (9)                                     =           1
  --- (10)                                     =           0
  --- (11)                                     =           0
  --- (20)                                     =          10
  --- (21)                                     =           1
  --- (30)                                     =           0
  --- (35)                                     =           0
 WARNING: original distributed matrix is not allocated
 ** Rank of processor needing largest memory in solve     :       127
 ** Space in MBYTES used by this processor for solve      :       789
 ** Avg. Space in MBYTES per working proc during solve    :       425

 Leaving solve with ...
 Time to build/scatter RHS        =       0.002350
 Time in solution step (fwd/bwd)  =       0.152178
  .. Time in forward (fwd) step   =          0.078896
  .. Time in ScaLAPACK root       =          0.001595
  .. Time in backward (bwd) step  =          0.071668
 Time to gather solution(cent.sol)=       0.000000
 Time to copy/scale dist. solution=       0.000494

 Elapsed time in solve driver=       0.3023
   88 KSP Residual norm 2.128520534939e-03

Entering DMUMPS 5.6.2 from C interface with JOB, N =   3     1237277
      executing #MPI =    128 and #OMP =      2



 ****** SOLVE & CHECK STEP ********

 GLOBAL STATISTICS PRIOR SOLVE PHASE ...........
 Number of right-hand-sides                    =           1
 Blocking factor for multiple rhs              =           1
 ICNTL (9)                                     =           1
  --- (10)                                     =           0
  --- (11)                                     =           0
  --- (20)                                     =          10
  --- (21)                                     =           1
  --- (30)                                     =           0
  --- (35)                                     =           0
 WARNING: original distributed matrix is not allocated
 ** Rank of processor needing largest memory in solve     :       127
 ** Space in MBYTES used by this processor for solve      :       789
 ** Avg. Space in MBYTES per working proc during solve    :       425

 Leaving solve with ...
 Time to build/scatter RHS        =       0.002503
 Time in solution step (fwd/bwd)  =       0.149463
  .. Time in forward (fwd) step   =          0.078608
  .. Time in ScaLAPACK root       =          0.001608
  .. Time in backward (bwd) step  =          0.069220
 Time to gather solution(cent.sol)=       0.000000
 Time to copy/scale dist. solution=       0.000490

 Elapsed time in solve driver=       0.3005
   89 KSP Residual norm 2.078690365630e-03

Entering DMUMPS 5.6.2 from C interface with JOB, N =   3     1237277
      executing #MPI =    128 and #OMP =      2



 ****** SOLVE & CHECK STEP ********

 GLOBAL STATISTICS PRIOR SOLVE PHASE ...........
 Number of right-hand-sides                    =           1
 Blocking factor for multiple rhs              =           1
 ICNTL (9)                                     =           1
  --- (10)                                     =           0
  --- (11)                                     =           0
  --- (20)                                     =          10
  --- (21)                                     =           1
  --- (30)                                     =           0
  --- (35)                                     =           0
 WARNING: original distributed matrix is not allocated
 ** Rank of processor needing largest memory in solve     :       127
 ** Space in MBYTES used by this processor for solve      :       789
 ** Avg. Space in MBYTES per working proc during solve    :       425

 Leaving solve with ...
 Time to build/scatter RHS        =       0.002317
 Time in solution step (fwd/bwd)  =       0.149276
  .. Time in forward (fwd) step   =          0.078732
  .. Time in ScaLAPACK root       =          0.001577
  .. Time in backward (bwd) step  =          0.068945
 Time to gather solution(cent.sol)=       0.000000
 Time to copy/scale dist. solution=       0.000490

 Elapsed time in solve driver=       0.2977
   90 KSP Residual norm 2.030496733284e-03

Entering DMUMPS 5.6.2 from C interface with JOB, N =   3     1237277
      executing #MPI =    128 and #OMP =      2



 ****** SOLVE & CHECK STEP ********

 GLOBAL STATISTICS PRIOR SOLVE PHASE ...........
 Number of right-hand-sides                    =           1
 Blocking factor for multiple rhs              =           1
 ICNTL (9)                                     =           1
  --- (10)                                     =           0
  --- (11)                                     =           0
  --- (20)                                     =          10
  --- (21)                                     =           1
  --- (30)                                     =           0
  --- (35)                                     =           0
 WARNING: original distributed matrix is not allocated
 ** Rank of processor needing largest memory in solve     :       127
 ** Space in MBYTES used by this processor for solve      :       789
 ** Avg. Space in MBYTES per working proc during solve    :       425

 Leaving solve with ...
 Time to build/scatter RHS        =       0.002306
 Time in solution step (fwd/bwd)  =       0.151102
  .. Time in forward (fwd) step   =          0.078703
  .. Time in ScaLAPACK root       =          0.001577
  .. Time in backward (bwd) step  =          0.070803
 Time to gather solution(cent.sol)=       0.000000
 Time to copy/scale dist. solution=       0.000496

 Elapsed time in solve driver=       0.2979
   91 KSP Residual norm 1.978835697584e-03

Entering DMUMPS 5.6.2 from C interface with JOB, N =   3     1237277
      executing #MPI =    128 and #OMP =      2



 ****** SOLVE & CHECK STEP ********

 GLOBAL STATISTICS PRIOR SOLVE PHASE ...........
 Number of right-hand-sides                    =           1
 Blocking factor for multiple rhs              =           1
 ICNTL (9)                                     =           1
  --- (10)                                     =           0
  --- (11)                                     =           0
  --- (20)                                     =          10
  --- (21)                                     =           1
  --- (30)                                     =           0
  --- (35)                                     =           0
 WARNING: original distributed matrix is not allocated
 ** Rank of processor needing largest memory in solve     :       127
 ** Space in MBYTES used by this processor for solve      :       789
 ** Avg. Space in MBYTES per working proc during solve    :       425

 Leaving solve with ...
 Time to build/scatter RHS        =       0.002279
 Time in solution step (fwd/bwd)  =       0.155654
  .. Time in forward (fwd) step   =          0.079373
  .. Time in ScaLAPACK root       =          0.001558
  .. Time in backward (bwd) step  =          0.074695
 Time to gather solution(cent.sol)=       0.000000
 Time to copy/scale dist. solution=       0.000484

 Elapsed time in solve driver=       0.3018
   92 KSP Residual norm 1.891281087874e-03

Entering DMUMPS 5.6.2 from C interface with JOB, N =   3     1237277
      executing #MPI =    128 and #OMP =      2



 ****** SOLVE & CHECK STEP ********

 GLOBAL STATISTICS PRIOR SOLVE PHASE ...........
 Number of right-hand-sides                    =           1
 Blocking factor for multiple rhs              =           1
 ICNTL (9)                                     =           1
  --- (10)                                     =           0
  --- (11)                                     =           0
  --- (20)                                     =          10
  --- (21)                                     =           1
  --- (30)                                     =           0
  --- (35)                                     =           0
 WARNING: original distributed matrix is not allocated
 ** Rank of processor needing largest memory in solve     :       127
 ** Space in MBYTES used by this processor for solve      :       789
 ** Avg. Space in MBYTES per working proc during solve    :       425

 Leaving solve with ...
 Time to build/scatter RHS        =       0.002576
 Time in solution step (fwd/bwd)  =       0.151857
  .. Time in forward (fwd) step   =          0.079533
  .. Time in ScaLAPACK root       =          0.001612
  .. Time in backward (bwd) step  =          0.070688
 Time to gather solution(cent.sol)=       0.000000
 Time to copy/scale dist. solution=       0.000499

 Elapsed time in solve driver=       0.2978
   93 KSP Residual norm 1.775315946633e-03

Entering DMUMPS 5.6.2 from C interface with JOB, N =   3     1237277
      executing #MPI =    128 and #OMP =      2



 ****** SOLVE & CHECK STEP ********

 GLOBAL STATISTICS PRIOR SOLVE PHASE ...........
 Number of right-hand-sides                    =           1
 Blocking factor for multiple rhs              =           1
 ICNTL (9)                                     =           1
  --- (10)                                     =           0
  --- (11)                                     =           0
  --- (20)                                     =          10
  --- (21)                                     =           1
  --- (30)                                     =           0
  --- (35)                                     =           0
 WARNING: original distributed matrix is not allocated
 ** Rank of processor needing largest memory in solve     :       127
 ** Space in MBYTES used by this processor for solve      :       789
 ** Avg. Space in MBYTES per working proc during solve    :       425

 Leaving solve with ...
 Time to build/scatter RHS        =       0.002457
 Time in solution step (fwd/bwd)  =       0.150435
  .. Time in forward (fwd) step   =          0.078833
  .. Time in ScaLAPACK root       =          0.001568
  .. Time in backward (bwd) step  =          0.070015
 Time to gather solution(cent.sol)=       0.000000
 Time to copy/scale dist. solution=       0.000489

 Elapsed time in solve driver=       0.3013
   94 KSP Residual norm 1.631429086310e-03

Entering DMUMPS 5.6.2 from C interface with JOB, N =   3     1237277
      executing #MPI =    128 and #OMP =      2



 ****** SOLVE & CHECK STEP ********

 GLOBAL STATISTICS PRIOR SOLVE PHASE ...........
 Number of right-hand-sides                    =           1
 Blocking factor for multiple rhs              =           1
 ICNTL (9)                                     =           1
  --- (10)                                     =           0
  --- (11)                                     =           0
  --- (20)                                     =          10
  --- (21)                                     =           1
  --- (30)                                     =           0
  --- (35)                                     =           0
 WARNING: original distributed matrix is not allocated
 ** Rank of processor needing largest memory in solve     :       127
 ** Space in MBYTES used by this processor for solve      :       789
 ** Avg. Space in MBYTES per working proc during solve    :       425

 Leaving solve with ...
 Time to build/scatter RHS        =       0.002311
 Time in solution step (fwd/bwd)  =       0.149241
  .. Time in forward (fwd) step   =          0.078054
  .. Time in ScaLAPACK root       =          0.001581
  .. Time in backward (bwd) step  =          0.069589
 Time to gather solution(cent.sol)=       0.000000
 Time to copy/scale dist. solution=       0.000513

 Elapsed time in solve driver=       0.2988
   95 KSP Residual norm 1.514440487909e-03

Entering DMUMPS 5.6.2 from C interface with JOB, N =   3     1237277
      executing #MPI =    128 and #OMP =      2



 ****** SOLVE & CHECK STEP ********

 GLOBAL STATISTICS PRIOR SOLVE PHASE ...........
 Number of right-hand-sides                    =           1
 Blocking factor for multiple rhs              =           1
 ICNTL (9)                                     =           1
  --- (10)                                     =           0
  --- (11)                                     =           0
  --- (20)                                     =          10
  --- (21)                                     =           1
  --- (30)                                     =           0
  --- (35)                                     =           0
 WARNING: original distributed matrix is not allocated
 ** Rank of processor needing largest memory in solve     :       127
 ** Space in MBYTES used by this processor for solve      :       789
 ** Avg. Space in MBYTES per working proc during solve    :       425

 Leaving solve with ...
 Time to build/scatter RHS        =       0.002412
 Time in solution step (fwd/bwd)  =       0.150652
  .. Time in forward (fwd) step   =          0.079296
  .. Time in ScaLAPACK root       =          0.001590
  .. Time in backward (bwd) step  =          0.069746
 Time to gather solution(cent.sol)=       0.000000
 Time to copy/scale dist. solution=       0.000503

 Elapsed time in solve driver=       0.2959
   96 KSP Residual norm 1.392976424370e-03

Entering DMUMPS 5.6.2 from C interface with JOB, N =   3     1237277
      executing #MPI =    128 and #OMP =      2



 ****** SOLVE & CHECK STEP ********

 GLOBAL STATISTICS PRIOR SOLVE PHASE ...........
 Number of right-hand-sides                    =           1
 Blocking factor for multiple rhs              =           1
 ICNTL (9)                                     =           1
  --- (10)                                     =           0
  --- (11)                                     =           0
  --- (20)                                     =          10
  --- (21)                                     =           1
  --- (30)                                     =           0
  --- (35)                                     =           0
 WARNING: original distributed matrix is not allocated
 ** Rank of processor needing largest memory in solve     :       127
 ** Space in MBYTES used by this processor for solve      :       789
 ** Avg. Space in MBYTES per working proc during solve    :       425

 Leaving solve with ...
 Time to build/scatter RHS        =       0.002336
 Time in solution step (fwd/bwd)  =       0.150459
  .. Time in forward (fwd) step   =          0.078563
  .. Time in ScaLAPACK root       =          0.001561
  .. Time in backward (bwd) step  =          0.070314
 Time to gather solution(cent.sol)=       0.000000
 Time to copy/scale dist. solution=       0.000498

 Elapsed time in solve driver=       0.2963
   97 KSP Residual norm 1.305999587367e-03

Entering DMUMPS 5.6.2 from C interface with JOB, N =   3     1237277
      executing #MPI =    128 and #OMP =      2



 ****** SOLVE & CHECK STEP ********

 GLOBAL STATISTICS PRIOR SOLVE PHASE ...........
 Number of right-hand-sides                    =           1
 Blocking factor for multiple rhs              =           1
 ICNTL (9)                                     =           1
  --- (10)                                     =           0
  --- (11)                                     =           0
  --- (20)                                     =          10
  --- (21)                                     =           1
  --- (30)                                     =           0
  --- (35)                                     =           0
 WARNING: original distributed matrix is not allocated
 ** Rank of processor needing largest memory in solve     :       127
 ** Space in MBYTES used by this processor for solve      :       789
 ** Avg. Space in MBYTES per working proc during solve    :       425

 Leaving solve with ...
 Time to build/scatter RHS        =       0.002303
 Time in solution step (fwd/bwd)  =       0.152527
  .. Time in forward (fwd) step   =          0.080038
  .. Time in ScaLAPACK root       =          0.001604
  .. Time in backward (bwd) step  =          0.070867
 Time to gather solution(cent.sol)=       0.000000
 Time to copy/scale dist. solution=       0.000492

 Elapsed time in solve driver=       0.2994
   98 KSP Residual norm 1.199786956629e-03

Entering DMUMPS 5.6.2 from C interface with JOB, N =   3     1237277
      executing #MPI =    128 and #OMP =      2



 ****** SOLVE & CHECK STEP ********

 GLOBAL STATISTICS PRIOR SOLVE PHASE ...........
 Number of right-hand-sides                    =           1
 Blocking factor for multiple rhs              =           1
 ICNTL (9)                                     =           1
  --- (10)                                     =           0
  --- (11)                                     =           0
  --- (20)                                     =          10
  --- (21)                                     =           1
  --- (30)                                     =           0
  --- (35)                                     =           0
 WARNING: original distributed matrix is not allocated
 ** Rank of processor needing largest memory in solve     :       127
 ** Space in MBYTES used by this processor for solve      :       789
 ** Avg. Space in MBYTES per working proc during solve    :       425

 Leaving solve with ...
 Time to build/scatter RHS        =       0.002273
 Time in solution step (fwd/bwd)  =       0.149701
  .. Time in forward (fwd) step   =          0.078899
  .. Time in ScaLAPACK root       =          0.001588
  .. Time in backward (bwd) step  =          0.069179
 Time to gather solution(cent.sol)=       0.000000
 Time to copy/scale dist. solution=       0.000496

 Elapsed time in solve driver=       0.3023
   99 KSP Residual norm 1.096625578595e-03

Entering DMUMPS 5.6.2 from C interface with JOB, N =   3     1237277
      executing #MPI =    128 and #OMP =      2



 ****** SOLVE & CHECK STEP ********

 GLOBAL STATISTICS PRIOR SOLVE PHASE ...........
 Number of right-hand-sides                    =           1
 Blocking factor for multiple rhs              =           1
 ICNTL (9)                                     =           1
  --- (10)                                     =           0
  --- (11)                                     =           0
  --- (20)                                     =          10
  --- (21)                                     =           1
  --- (30)                                     =           0
  --- (35)                                     =           0
 WARNING: original distributed matrix is not allocated
 ** Rank of processor needing largest memory in solve     :       127
 ** Space in MBYTES used by this processor for solve      :       789
 ** Avg. Space in MBYTES per working proc during solve    :       425

 Leaving solve with ...
 Time to build/scatter RHS        =       0.002362
 Time in solution step (fwd/bwd)  =       0.150620
  .. Time in forward (fwd) step   =          0.078912
  .. Time in ScaLAPACK root       =          0.001580
  .. Time in backward (bwd) step  =          0.070109
 Time to gather solution(cent.sol)=       0.000000
 Time to copy/scale dist. solution=       0.000503

 Elapsed time in solve driver=       0.2983
  100 KSP Residual norm 1.028266431939e-03

Entering DMUMPS 5.6.2 from C interface with JOB, N =   3     1237277
      executing #MPI =    128 and #OMP =      2



 ****** SOLVE & CHECK STEP ********

 GLOBAL STATISTICS PRIOR SOLVE PHASE ...........
 Number of right-hand-sides                    =           1
 Blocking factor for multiple rhs              =           1
 ICNTL (9)                                     =           1
  --- (10)                                     =           0
  --- (11)                                     =           0
  --- (20)                                     =          10
  --- (21)                                     =           1
  --- (30)                                     =           0
  --- (35)                                     =           0
 WARNING: original distributed matrix is not allocated
 ** Rank of processor needing largest memory in solve     :       127
 ** Space in MBYTES used by this processor for solve      :       789
 ** Avg. Space in MBYTES per working proc during solve    :       425

 Leaving solve with ...
 Time to build/scatter RHS        =       0.002372
 Time in solution step (fwd/bwd)  =       0.155171
  .. Time in forward (fwd) step   =          0.079283
  .. Time in ScaLAPACK root       =          0.001568
  .. Time in backward (bwd) step  =          0.074301
 Time to gather solution(cent.sol)=       0.000000
 Time to copy/scale dist. solution=       0.000503

 Elapsed time in solve driver=       0.3048
  101 KSP Residual norm 9.528680145704e-04

Entering DMUMPS 5.6.2 from C interface with JOB, N =   3     1237277
      executing #MPI =    128 and #OMP =      2



 ****** SOLVE & CHECK STEP ********

 GLOBAL STATISTICS PRIOR SOLVE PHASE ...........
 Number of right-hand-sides                    =           1
 Blocking factor for multiple rhs              =           1
 ICNTL (9)                                     =           1
  --- (10)                                     =           0
  --- (11)                                     =           0
  --- (20)                                     =          10
  --- (21)                                     =           1
  --- (30)                                     =           0
  --- (35)                                     =           0
 WARNING: original distributed matrix is not allocated
 ** Rank of processor needing largest memory in solve     :       127
 ** Space in MBYTES used by this processor for solve      :       789
 ** Avg. Space in MBYTES per working proc during solve    :       425

 Leaving solve with ...
 Time to build/scatter RHS        =       0.002331
 Time in solution step (fwd/bwd)  =       0.151451
  .. Time in forward (fwd) step   =          0.078219
  .. Time in ScaLAPACK root       =          0.001570
  .. Time in backward (bwd) step  =          0.071641
 Time to gather solution(cent.sol)=       0.000000
 Time to copy/scale dist. solution=       0.000504

 Elapsed time in solve driver=       0.2982
  102 KSP Residual norm 9.075189996940e-04

Entering DMUMPS 5.6.2 from C interface with JOB, N =   3     1237277
      executing #MPI =    128 and #OMP =      2



 ****** SOLVE & CHECK STEP ********

 GLOBAL STATISTICS PRIOR SOLVE PHASE ...........
 Number of right-hand-sides                    =           1
 Blocking factor for multiple rhs              =           1
 ICNTL (9)                                     =           1
  --- (10)                                     =           0
  --- (11)                                     =           0
  --- (20)                                     =          10
  --- (21)                                     =           1
  --- (30)                                     =           0
  --- (35)                                     =           0
 WARNING: original distributed matrix is not allocated
 ** Rank of processor needing largest memory in solve     :       127
 ** Space in MBYTES used by this processor for solve      :       789
 ** Avg. Space in MBYTES per working proc during solve    :       425

 Leaving solve with ...
 Time to build/scatter RHS        =       0.002535
 Time in solution step (fwd/bwd)  =       0.150254
  .. Time in forward (fwd) step   =          0.079178
  .. Time in ScaLAPACK root       =          0.001612
  .. Time in backward (bwd) step  =          0.069435
 Time to gather solution(cent.sol)=       0.000000
 Time to copy/scale dist. solution=       0.000510

 Elapsed time in solve driver=       0.2991
  103 KSP Residual norm 8.765136063784e-04

Entering DMUMPS 5.6.2 from C interface with JOB, N =   3     1237277
      executing #MPI =    128 and #OMP =      2



 ****** SOLVE & CHECK STEP ********

 GLOBAL STATISTICS PRIOR SOLVE PHASE ...........
 Number of right-hand-sides                    =           1
 Blocking factor for multiple rhs              =           1
 ICNTL (9)                                     =           1
  --- (10)                                     =           0
  --- (11)                                     =           0
  --- (20)                                     =          10
  --- (21)                                     =           1
  --- (30)                                     =           0
  --- (35)                                     =           0
 WARNING: original distributed matrix is not allocated
 ** Rank of processor needing largest memory in solve     :       127
 ** Space in MBYTES used by this processor for solve      :       789
 ** Avg. Space in MBYTES per working proc during solve    :       425

 Leaving solve with ...
 Time to build/scatter RHS        =       0.002655
 Time in solution step (fwd/bwd)  =       0.150534
  .. Time in forward (fwd) step   =          0.077849
  .. Time in ScaLAPACK root       =          0.001609
  .. Time in backward (bwd) step  =          0.071052
 Time to gather solution(cent.sol)=       0.000000
 Time to copy/scale dist. solution=       0.000504

 Elapsed time in solve driver=       0.2976
  104 KSP Residual norm 8.516397333238e-04

Entering DMUMPS 5.6.2 from C interface with JOB, N =   3     1237277
      executing #MPI =    128 and #OMP =      2



 ****** SOLVE & CHECK STEP ********

 GLOBAL STATISTICS PRIOR SOLVE PHASE ...........
 Number of right-hand-sides                    =           1
 Blocking factor for multiple rhs              =           1
 ICNTL (9)                                     =           1
  --- (10)                                     =           0
  --- (11)                                     =           0
  --- (20)                                     =          10
  --- (21)                                     =           1
  --- (30)                                     =           0
  --- (35)                                     =           0
 WARNING: original distributed matrix is not allocated
 ** Rank of processor needing largest memory in solve     :       127
 ** Space in MBYTES used by this processor for solve      :       789
 ** Avg. Space in MBYTES per working proc during solve    :       425

 Leaving solve with ...
 Time to build/scatter RHS        =       0.002516
 Time in solution step (fwd/bwd)  =       0.150306
  .. Time in forward (fwd) step   =          0.078891
  .. Time in ScaLAPACK root       =          0.001594
  .. Time in backward (bwd) step  =          0.069797
 Time to gather solution(cent.sol)=       0.000000
 Time to copy/scale dist. solution=       0.000491

 Elapsed time in solve driver=       0.3019
  105 KSP Residual norm 8.187295103051e-04

Entering DMUMPS 5.6.2 from C interface with JOB, N =   3     1237277
      executing #MPI =    128 and #OMP =      2



 ****** SOLVE & CHECK STEP ********

 GLOBAL STATISTICS PRIOR SOLVE PHASE ...........
 Number of right-hand-sides                    =           1
 Blocking factor for multiple rhs              =           1
 ICNTL (9)                                     =           1
  --- (10)                                     =           0
  --- (11)                                     =           0
  --- (20)                                     =          10
  --- (21)                                     =           1
  --- (30)                                     =           0
  --- (35)                                     =           0
 WARNING: original distributed matrix is not allocated
 ** Rank of processor needing largest memory in solve     :       127
 ** Space in MBYTES used by this processor for solve      :       789
 ** Avg. Space in MBYTES per working proc during solve    :       425

 Leaving solve with ...
 Time to build/scatter RHS        =       0.002455
 Time in solution step (fwd/bwd)  =       0.150977
  .. Time in forward (fwd) step   =          0.079900
  .. Time in ScaLAPACK root       =          0.001588
  .. Time in backward (bwd) step  =          0.069459
 Time to gather solution(cent.sol)=       0.000000
 Time to copy/scale dist. solution=       0.000503

 Elapsed time in solve driver=       0.3008
  106 KSP Residual norm 7.810776297148e-04

Entering DMUMPS 5.6.2 from C interface with JOB, N =   3     1237277
      executing #MPI =    128 and #OMP =      2



 ****** SOLVE & CHECK STEP ********

 GLOBAL STATISTICS PRIOR SOLVE PHASE ...........
 Number of right-hand-sides                    =           1
 Blocking factor for multiple rhs              =           1
 ICNTL (9)                                     =           1
  --- (10)                                     =           0
  --- (11)                                     =           0
  --- (20)                                     =          10
  --- (21)                                     =           1
  --- (30)                                     =           0
  --- (35)                                     =           0
 WARNING: original distributed matrix is not allocated
 ** Rank of processor needing largest memory in solve     :       127
 ** Space in MBYTES used by this processor for solve      :       789
 ** Avg. Space in MBYTES per working proc during solve    :       425

 Leaving solve with ...
 Time to build/scatter RHS        =       0.002416
 Time in solution step (fwd/bwd)  =       0.151838
  .. Time in forward (fwd) step   =          0.079246
  .. Time in ScaLAPACK root       =          0.001576
  .. Time in backward (bwd) step  =          0.070997
 Time to gather solution(cent.sol)=       0.000000
 Time to copy/scale dist. solution=       0.000503

 Elapsed time in solve driver=       0.3020
  107 KSP Residual norm 7.396761528585e-04

Entering DMUMPS 5.6.2 from C interface with JOB, N =   3     1237277
      executing #MPI =    128 and #OMP =      2



 ****** SOLVE & CHECK STEP ********

 GLOBAL STATISTICS PRIOR SOLVE PHASE ...........
 Number of right-hand-sides                    =           1
 Blocking factor for multiple rhs              =           1
 ICNTL (9)                                     =           1
  --- (10)                                     =           0
  --- (11)                                     =           0
  --- (20)                                     =          10
  --- (21)                                     =           1
  --- (30)                                     =           0
  --- (35)                                     =           0
 WARNING: original distributed matrix is not allocated
 ** Rank of processor needing largest memory in solve     :       127
 ** Space in MBYTES used by this processor for solve      :       789
 ** Avg. Space in MBYTES per working proc during solve    :       425

 Leaving solve with ...
 Time to build/scatter RHS        =       0.002457
 Time in solution step (fwd/bwd)  =       0.151227
  .. Time in forward (fwd) step   =          0.079392
  .. Time in ScaLAPACK root       =          0.001572
  .. Time in backward (bwd) step  =          0.070240
 Time to gather solution(cent.sol)=       0.000000
 Time to copy/scale dist. solution=       0.000490

 Elapsed time in solve driver=       0.3016
  108 KSP Residual norm 6.934784987836e-04

Entering DMUMPS 5.6.2 from C interface with JOB, N =   3     1237277
      executing #MPI =    128 and #OMP =      2



 ****** SOLVE & CHECK STEP ********

 GLOBAL STATISTICS PRIOR SOLVE PHASE ...........
 Number of right-hand-sides                    =           1
 Blocking factor for multiple rhs              =           1
 ICNTL (9)                                     =           1
  --- (10)                                     =           0
  --- (11)                                     =           0
  --- (20)                                     =          10
  --- (21)                                     =           1
  --- (30)                                     =           0
  --- (35)                                     =           0
 WARNING: original distributed matrix is not allocated
 ** Rank of processor needing largest memory in solve     :       127
 ** Space in MBYTES used by this processor for solve      :       789
 ** Avg. Space in MBYTES per working proc during solve    :       425

 Leaving solve with ...
 Time to build/scatter RHS        =       0.002742
 Time in solution step (fwd/bwd)  =       0.150388
  .. Time in forward (fwd) step   =          0.077910
  .. Time in ScaLAPACK root       =          0.001576
  .. Time in backward (bwd) step  =          0.070877
 Time to gather solution(cent.sol)=       0.000000
 Time to copy/scale dist. solution=       0.000498

 Elapsed time in solve driver=       0.2983
  109 KSP Residual norm 6.464754322529e-04

Entering DMUMPS 5.6.2 from C interface with JOB, N =   3     1237277
      executing #MPI =    128 and #OMP =      2



 ****** SOLVE & CHECK STEP ********

 GLOBAL STATISTICS PRIOR SOLVE PHASE ...........
 Number of right-hand-sides                    =           1
 Blocking factor for multiple rhs              =           1
 ICNTL (9)                                     =           1
  --- (10)                                     =           0
  --- (11)                                     =           0
  --- (20)                                     =          10
  --- (21)                                     =           1
  --- (30)                                     =           0
  --- (35)                                     =           0
 WARNING: original distributed matrix is not allocated
 ** Rank of processor needing largest memory in solve     :       127
 ** Space in MBYTES used by this processor for solve      :       789
 ** Avg. Space in MBYTES per working proc during solve    :       425

 Leaving solve with ...
 Time to build/scatter RHS        =       0.002542
 Time in solution step (fwd/bwd)  =       0.155151
  .. Time in forward (fwd) step   =          0.078695
  .. Time in ScaLAPACK root       =          0.001615
  .. Time in backward (bwd) step  =          0.074819
 Time to gather solution(cent.sol)=       0.000000
 Time to copy/scale dist. solution=       0.000507

 Elapsed time in solve driver=       0.3047
  110 KSP Residual norm 5.973661649289e-04

Entering DMUMPS 5.6.2 from C interface with JOB, N =   3     1237277
      executing #MPI =    128 and #OMP =      2



 ****** SOLVE & CHECK STEP ********

 GLOBAL STATISTICS PRIOR SOLVE PHASE ...........
 Number of right-hand-sides                    =           1
 Blocking factor for multiple rhs              =           1
 ICNTL (9)                                     =           1
  --- (10)                                     =           0
  --- (11)                                     =           0
  --- (20)                                     =          10
  --- (21)                                     =           1
  --- (30)                                     =           0
  --- (35)                                     =           0
 WARNING: original distributed matrix is not allocated
 ** Rank of processor needing largest memory in solve     :       127
 ** Space in MBYTES used by this processor for solve      :       789
 ** Avg. Space in MBYTES per working proc during solve    :       425

 Leaving solve with ...
 Time to build/scatter RHS        =       0.002432
 Time in solution step (fwd/bwd)  =       0.151284
  .. Time in forward (fwd) step   =          0.079516
  .. Time in ScaLAPACK root       =          0.001596
  .. Time in backward (bwd) step  =          0.070150
 Time to gather solution(cent.sol)=       0.000000
 Time to copy/scale dist. solution=       0.000489

 Elapsed time in solve driver=       0.3026
  111 KSP Residual norm 5.547360582925e-04

Entering DMUMPS 5.6.2 from C interface with JOB, N =   3     1237277
      executing #MPI =    128 and #OMP =      2



 ****** SOLVE & CHECK STEP ********

 GLOBAL STATISTICS PRIOR SOLVE PHASE ...........
 Number of right-hand-sides                    =           1
 Blocking factor for multiple rhs              =           1
 ICNTL (9)                                     =           1
  --- (10)                                     =           0
  --- (11)                                     =           0
  --- (20)                                     =          10
  --- (21)                                     =           1
  --- (30)                                     =           0
  --- (35)                                     =           0
 WARNING: original distributed matrix is not allocated
 ** Rank of processor needing largest memory in solve     :       127
 ** Space in MBYTES used by this processor for solve      :       789
 ** Avg. Space in MBYTES per working proc during solve    :       425

 Leaving solve with ...
 Time to build/scatter RHS        =       0.002428
 Time in solution step (fwd/bwd)  =       0.150273
  .. Time in forward (fwd) step   =          0.078560
  .. Time in ScaLAPACK root       =          0.001568
  .. Time in backward (bwd) step  =          0.070123
 Time to gather solution(cent.sol)=       0.000000
 Time to copy/scale dist. solution=       0.000502

 Elapsed time in solve driver=       0.2987
  112 KSP Residual norm 4.974064227312e-04

Entering DMUMPS 5.6.2 from C interface with JOB, N =   3     1237277
      executing #MPI =    128 and #OMP =      2



 ****** SOLVE & CHECK STEP ********

 GLOBAL STATISTICS PRIOR SOLVE PHASE ...........
 Number of right-hand-sides                    =           1
 Blocking factor for multiple rhs              =           1
 ICNTL (9)                                     =           1
  --- (10)                                     =           0
  --- (11)                                     =           0
  --- (20)                                     =          10
  --- (21)                                     =           1
  --- (30)                                     =           0
  --- (35)                                     =           0
 WARNING: original distributed matrix is not allocated
 ** Rank of processor needing largest memory in solve     :       127
 ** Space in MBYTES used by this processor for solve      :       789
 ** Avg. Space in MBYTES per working proc during solve    :       425

 Leaving solve with ...
 Time to build/scatter RHS        =       0.002665
 Time in solution step (fwd/bwd)  =       0.151101
  .. Time in forward (fwd) step   =          0.078674
  .. Time in ScaLAPACK root       =          0.001572
  .. Time in backward (bwd) step  =          0.070816
 Time to gather solution(cent.sol)=       0.000000
 Time to copy/scale dist. solution=       0.000487

 Elapsed time in solve driver=       0.3024
  113 KSP Residual norm 4.389710522943e-04

Entering DMUMPS 5.6.2 from C interface with JOB, N =   3     1237277
      executing #MPI =    128 and #OMP =      2



 ****** SOLVE & CHECK STEP ********

 GLOBAL STATISTICS PRIOR SOLVE PHASE ...........
 Number of right-hand-sides                    =           1
 Blocking factor for multiple rhs              =           1
 ICNTL (9)                                     =           1
  --- (10)                                     =           0
  --- (11)                                     =           0
  --- (20)                                     =          10
  --- (21)                                     =           1
  --- (30)                                     =           0
  --- (35)                                     =           0
 WARNING: original distributed matrix is not allocated
 ** Rank of processor needing largest memory in solve     :       127
 ** Space in MBYTES used by this processor for solve      :       789
 ** Avg. Space in MBYTES per working proc during solve    :       425

 Leaving solve with ...
 Time to build/scatter RHS        =       0.002647
 Time in solution step (fwd/bwd)  =       0.150199
  .. Time in forward (fwd) step   =          0.080229
  .. Time in ScaLAPACK root       =          0.001585
  .. Time in backward (bwd) step  =          0.068359
 Time to gather solution(cent.sol)=       0.000000
 Time to copy/scale dist. solution=       0.000642

 Elapsed time in solve driver=       0.3016
  114 KSP Residual norm 3.910339802045e-04

Entering DMUMPS 5.6.2 from C interface with JOB, N =   3     1237277
      executing #MPI =    128 and #OMP =      2



 ****** SOLVE & CHECK STEP ********

 GLOBAL STATISTICS PRIOR SOLVE PHASE ...........
 Number of right-hand-sides                    =           1
 Blocking factor for multiple rhs              =           1
 ICNTL (9)                                     =           1
  --- (10)                                     =           0
  --- (11)                                     =           0
  --- (20)                                     =          10
  --- (21)                                     =           1
  --- (30)                                     =           0
  --- (35)                                     =           0
 WARNING: original distributed matrix is not allocated
 ** Rank of processor needing largest memory in solve     :       127
 ** Space in MBYTES used by this processor for solve      :       789
 ** Avg. Space in MBYTES per working proc during solve    :       425

 Leaving solve with ...
 Time to build/scatter RHS        =       0.002735
 Time in solution step (fwd/bwd)  =       0.149656
  .. Time in forward (fwd) step   =          0.078337
  .. Time in ScaLAPACK root       =          0.001598
  .. Time in backward (bwd) step  =          0.069700
 Time to gather solution(cent.sol)=       0.000000
 Time to copy/scale dist. solution=       0.000505

 Elapsed time in solve driver=       0.3037
  115 KSP Residual norm 3.372282940853e-04

Entering DMUMPS 5.6.2 from C interface with JOB, N =   3     1237277
      executing #MPI =    128 and #OMP =      2



 ****** SOLVE & CHECK STEP ********

 GLOBAL STATISTICS PRIOR SOLVE PHASE ...........
 Number of right-hand-sides                    =           1
 Blocking factor for multiple rhs              =           1
 ICNTL (9)                                     =           1
  --- (10)                                     =           0
  --- (11)                                     =           0
  --- (20)                                     =          10
  --- (21)                                     =           1
  --- (30)                                     =           0
  --- (35)                                     =           0
 WARNING: original distributed matrix is not allocated
 ** Rank of processor needing largest memory in solve     :       127
 ** Space in MBYTES used by this processor for solve      :       789
 ** Avg. Space in MBYTES per working proc during solve    :       425

 Leaving solve with ...
 Time to build/scatter RHS        =       0.002671
 Time in solution step (fwd/bwd)  =       0.151509
  .. Time in forward (fwd) step   =          0.078656
  .. Time in ScaLAPACK root       =          0.001591
  .. Time in backward (bwd) step  =          0.071244
 Time to gather solution(cent.sol)=       0.000000
 Time to copy/scale dist. solution=       0.000505

 Elapsed time in solve driver=       0.3052
  116 KSP Residual norm 2.963050601885e-04

Entering DMUMPS 5.6.2 from C interface with JOB, N =   3     1237277
      executing #MPI =    128 and #OMP =      2



 ****** SOLVE & CHECK STEP ********

 GLOBAL STATISTICS PRIOR SOLVE PHASE ...........
 Number of right-hand-sides                    =           1
 Blocking factor for multiple rhs              =           1
 ICNTL (9)                                     =           1
  --- (10)                                     =           0
  --- (11)                                     =           0
  --- (20)                                     =          10
  --- (21)                                     =           1
  --- (30)                                     =           0
  --- (35)                                     =           0
 WARNING: original distributed matrix is not allocated
 ** Rank of processor needing largest memory in solve     :       127
 ** Space in MBYTES used by this processor for solve      :       789
 ** Avg. Space in MBYTES per working proc during solve    :       425

 Leaving solve with ...
 Time to build/scatter RHS        =       0.002791
 Time in solution step (fwd/bwd)  =       0.148717
  .. Time in forward (fwd) step   =          0.077405
  .. Time in ScaLAPACK root       =          0.001595
  .. Time in backward (bwd) step  =          0.069692
 Time to gather solution(cent.sol)=       0.000000
 Time to copy/scale dist. solution=       0.000510

 Elapsed time in solve driver=       0.2994
  117 KSP Residual norm 2.575911430122e-04

Entering DMUMPS 5.6.2 from C interface with JOB, N =   3     1237277
      executing #MPI =    128 and #OMP =      2



 ****** SOLVE & CHECK STEP ********

 GLOBAL STATISTICS PRIOR SOLVE PHASE ...........
 Number of right-hand-sides                    =           1
 Blocking factor for multiple rhs              =           1
 ICNTL (9)                                     =           1
  --- (10)                                     =           0
  --- (11)                                     =           0
  --- (20)                                     =          10
  --- (21)                                     =           1
  --- (30)                                     =           0
  --- (35)                                     =           0
 WARNING: original distributed matrix is not allocated
 ** Rank of processor needing largest memory in solve     :       127
 ** Space in MBYTES used by this processor for solve      :       789
 ** Avg. Space in MBYTES per working proc during solve    :       425

 Leaving solve with ...
 Time to build/scatter RHS        =       0.002679
 Time in solution step (fwd/bwd)  =       0.149605
  .. Time in forward (fwd) step   =          0.078279
  .. Time in ScaLAPACK root       =          0.001564
  .. Time in backward (bwd) step  =          0.069741
 Time to gather solution(cent.sol)=       0.000000
 Time to copy/scale dist. solution=       0.000501

 Elapsed time in solve driver=       0.2972
  118 KSP Residual norm 2.210242678660e-04

Entering DMUMPS 5.6.2 from C interface with JOB, N =   3     1237277
      executing #MPI =    128 and #OMP =      2



 ****** SOLVE & CHECK STEP ********

 GLOBAL STATISTICS PRIOR SOLVE PHASE ...........
 Number of right-hand-sides                    =           1
 Blocking factor for multiple rhs              =           1
 ICNTL (9)                                     =           1
  --- (10)                                     =           0
  --- (11)                                     =           0
  --- (20)                                     =          10
  --- (21)                                     =           1
  --- (30)                                     =           0
  --- (35)                                     =           0
 WARNING: original distributed matrix is not allocated
 ** Rank of processor needing largest memory in solve     :       127
 ** Space in MBYTES used by this processor for solve      :       789
 ** Avg. Space in MBYTES per working proc during solve    :       425

 Leaving solve with ...
 Time to build/scatter RHS        =       0.002746
 Time in solution step (fwd/bwd)  =       0.150071
  .. Time in forward (fwd) step   =          0.078350
  .. Time in ScaLAPACK root       =          0.001610
  .. Time in backward (bwd) step  =          0.070088
 Time to gather solution(cent.sol)=       0.000000
 Time to copy/scale dist. solution=       0.000500

 Elapsed time in solve driver=       0.2981
  119 KSP Residual norm 1.922754092490e-04

Entering DMUMPS 5.6.2 from C interface with JOB, N =   3     1237277
      executing #MPI =    128 and #OMP =      2



 ****** SOLVE & CHECK STEP ********

 GLOBAL STATISTICS PRIOR SOLVE PHASE ...........
 Number of right-hand-sides                    =           1
 Blocking factor for multiple rhs              =           1
 ICNTL (9)                                     =           1
  --- (10)                                     =           0
  --- (11)                                     =           0
  --- (20)                                     =          10
  --- (21)                                     =           1
  --- (30)                                     =           0
  --- (35)                                     =           0
 WARNING: original distributed matrix is not allocated
 ** Rank of processor needing largest memory in solve     :       127
 ** Space in MBYTES used by this processor for solve      :       789
 ** Avg. Space in MBYTES per working proc during solve    :       425

 Leaving solve with ...
 Time to build/scatter RHS        =       0.002693
 Time in solution step (fwd/bwd)  =       0.149858
  .. Time in forward (fwd) step   =          0.079548
  .. Time in ScaLAPACK root       =          0.001563
  .. Time in backward (bwd) step  =          0.068718
 Time to gather solution(cent.sol)=       0.000000
 Time to copy/scale dist. solution=       0.000512

 Elapsed time in solve driver=       0.2996
  120 KSP Residual norm 1.647180016858e-04

Entering DMUMPS 5.6.2 from C interface with JOB, N =   3     1237277
      executing #MPI =    128 and #OMP =      2



 ****** SOLVE & CHECK STEP ********

 GLOBAL STATISTICS PRIOR SOLVE PHASE ...........
 Number of right-hand-sides                    =           1
 Blocking factor for multiple rhs              =           1
 ICNTL (9)                                     =           1
  --- (10)                                     =           0
  --- (11)                                     =           0
  --- (20)                                     =          10
  --- (21)                                     =           1
  --- (30)                                     =           0
  --- (35)                                     =           0
 WARNING: original distributed matrix is not allocated
 ** Rank of processor needing largest memory in solve     :       127
 ** Space in MBYTES used by this processor for solve      :       789
 ** Avg. Space in MBYTES per working proc during solve    :       425

 Leaving solve with ...
 Time to build/scatter RHS        =       0.002698
 Time in solution step (fwd/bwd)  =       0.150803
  .. Time in forward (fwd) step   =          0.078471
  .. Time in ScaLAPACK root       =          0.001565
  .. Time in backward (bwd) step  =          0.070748
 Time to gather solution(cent.sol)=       0.000000
 Time to copy/scale dist. solution=       0.000490

 Elapsed time in solve driver=       0.3011
  121 KSP Residual norm 1.468093059111e-04

Entering DMUMPS 5.6.2 from C interface with JOB, N =   3     1237277
      executing #MPI =    128 and #OMP =      2



 ****** SOLVE & CHECK STEP ********

 GLOBAL STATISTICS PRIOR SOLVE PHASE ...........
 Number of right-hand-sides                    =           1
 Blocking factor for multiple rhs              =           1
 ICNTL (9)                                     =           1
  --- (10)                                     =           0
  --- (11)                                     =           0
  --- (20)                                     =          10
  --- (21)                                     =           1
  --- (30)                                     =           0
  --- (35)                                     =           0
 WARNING: original distributed matrix is not allocated
 ** Rank of processor needing largest memory in solve     :       127
 ** Space in MBYTES used by this processor for solve      :       789
 ** Avg. Space in MBYTES per working proc during solve    :       425

 Leaving solve with ...
 Time to build/scatter RHS        =       0.002705
 Time in solution step (fwd/bwd)  =       0.150819
  .. Time in forward (fwd) step   =          0.078971
  .. Time in ScaLAPACK root       =          0.001597
  .. Time in backward (bwd) step  =          0.070230
 Time to gather solution(cent.sol)=       0.000000
 Time to copy/scale dist. solution=       0.000486

 Elapsed time in solve driver=       0.2997
  122 KSP Residual norm 1.312746290027e-04

Entering DMUMPS 5.6.2 from C interface with JOB, N =   3     1237277
      executing #MPI =    128 and #OMP =      2



 ****** SOLVE & CHECK STEP ********

 GLOBAL STATISTICS PRIOR SOLVE PHASE ...........
 Number of right-hand-sides                    =           1
 Blocking factor for multiple rhs              =           1
 ICNTL (9)                                     =           1
  --- (10)                                     =           0
  --- (11)                                     =           0
  --- (20)                                     =          10
  --- (21)                                     =           1
  --- (30)                                     =           0
  --- (35)                                     =           0
 WARNING: original distributed matrix is not allocated
 ** Rank of processor needing largest memory in solve     :       127
 ** Space in MBYTES used by this processor for solve      :       789
 ** Avg. Space in MBYTES per working proc during solve    :       425

 Leaving solve with ...
 Time to build/scatter RHS        =       0.002787
 Time in solution step (fwd/bwd)  =       0.150895
  .. Time in forward (fwd) step   =          0.079117
  .. Time in ScaLAPACK root       =          0.001571
  .. Time in backward (bwd) step  =          0.070183
 Time to gather solution(cent.sol)=       0.000000
 Time to copy/scale dist. solution=       0.000498

 Elapsed time in solve driver=       0.3032
  123 KSP Residual norm 1.179172698443e-04

Entering DMUMPS 5.6.2 from C interface with JOB, N =   3     1237277
      executing #MPI =    128 and #OMP =      2



 ****** SOLVE & CHECK STEP ********

 GLOBAL STATISTICS PRIOR SOLVE PHASE ...........
 Number of right-hand-sides                    =           1
 Blocking factor for multiple rhs              =           1
 ICNTL (9)                                     =           1
  --- (10)                                     =           0
  --- (11)                                     =           0
  --- (20)                                     =          10
  --- (21)                                     =           1
  --- (30)                                     =           0
  --- (35)                                     =           0
 WARNING: original distributed matrix is not allocated
 ** Rank of processor needing largest memory in solve     :       127
 ** Space in MBYTES used by this processor for solve      :       789
 ** Avg. Space in MBYTES per working proc during solve    :       425

 Leaving solve with ...
 Time to build/scatter RHS        =       0.006834
 Time in solution step (fwd/bwd)  =       0.152369
  .. Time in forward (fwd) step   =          0.080037
  .. Time in ScaLAPACK root       =          0.001645
  .. Time in backward (bwd) step  =          0.070661
 Time to gather solution(cent.sol)=       0.000000
 Time to copy/scale dist. solution=       0.000507

 Elapsed time in solve driver=       0.3069
  124 KSP Residual norm 1.063593269415e-04

Entering DMUMPS 5.6.2 from C interface with JOB, N =   3     1237277
      executing #MPI =    128 and #OMP =      2



 ****** SOLVE & CHECK STEP ********

 GLOBAL STATISTICS PRIOR SOLVE PHASE ...........
 Number of right-hand-sides                    =           1
 Blocking factor for multiple rhs              =           1
 ICNTL (9)                                     =           1
  --- (10)                                     =           0
  --- (11)                                     =           0
  --- (20)                                     =          10
  --- (21)                                     =           1
  --- (30)                                     =           0
  --- (35)                                     =           0
 WARNING: original distributed matrix is not allocated
 ** Rank of processor needing largest memory in solve     :       127
 ** Space in MBYTES used by this processor for solve      :       789
 ** Avg. Space in MBYTES per working proc during solve    :       425

 Leaving solve with ...
 Time to build/scatter RHS        =       0.016898
 Time in solution step (fwd/bwd)  =       0.151261
  .. Time in forward (fwd) step   =          0.078724
  .. Time in ScaLAPACK root       =          0.001575
  .. Time in backward (bwd) step  =          0.070942
 Time to gather solution(cent.sol)=       0.000000
 Time to copy/scale dist. solution=       0.000503

 Elapsed time in solve driver=       0.3166
  125 KSP Residual norm 9.479153265555e-05

Entering DMUMPS 5.6.2 from C interface with JOB, N =   3     1237277
      executing #MPI =    128 and #OMP =      2



 ****** SOLVE & CHECK STEP ********

 GLOBAL STATISTICS PRIOR SOLVE PHASE ...........
 Number of right-hand-sides                    =           1
 Blocking factor for multiple rhs              =           1
 ICNTL (9)                                     =           1
  --- (10)                                     =           0
  --- (11)                                     =           0
  --- (20)                                     =          10
  --- (21)                                     =           1
  --- (30)                                     =           0
  --- (35)                                     =           0
 WARNING: original distributed matrix is not allocated
 ** Rank of processor needing largest memory in solve     :       127
 ** Space in MBYTES used by this processor for solve      :       789
 ** Avg. Space in MBYTES per working proc during solve    :       425

 Leaving solve with ...
 Time to build/scatter RHS        =       0.002608
 Time in solution step (fwd/bwd)  =       0.151749
  .. Time in forward (fwd) step   =          0.079424
  .. Time in ScaLAPACK root       =          0.001563
  .. Time in backward (bwd) step  =          0.070742
 Time to gather solution(cent.sol)=       0.000000
 Time to copy/scale dist. solution=       0.000496

 Elapsed time in solve driver=       0.3007
  126 KSP Residual norm 8.141481767212e-05

Entering DMUMPS 5.6.2 from C interface with JOB, N =   3     1237277
      executing #MPI =    128 and #OMP =      2



 ****** SOLVE & CHECK STEP ********

 GLOBAL STATISTICS PRIOR SOLVE PHASE ...........
 Number of right-hand-sides                    =           1
 Blocking factor for multiple rhs              =           1
 ICNTL (9)                                     =           1
  --- (10)                                     =           0
  --- (11)                                     =           0
  --- (20)                                     =          10
  --- (21)                                     =           1
  --- (30)                                     =           0
  --- (35)                                     =           0
 WARNING: original distributed matrix is not allocated
 ** Rank of processor needing largest memory in solve     :       127
 ** Space in MBYTES used by this processor for solve      :       789
 ** Avg. Space in MBYTES per working proc during solve    :       425

 Leaving solve with ...
 Time to build/scatter RHS        =       0.002603
 Time in solution step (fwd/bwd)  =       0.150901
  .. Time in forward (fwd) step   =          0.078768
  .. Time in ScaLAPACK root       =          0.001562
  .. Time in backward (bwd) step  =          0.070536
 Time to gather solution(cent.sol)=       0.000000
 Time to copy/scale dist. solution=       0.000498

 Elapsed time in solve driver=       0.3002
  127 KSP Residual norm 7.127097566908e-05

Entering DMUMPS 5.6.2 from C interface with JOB, N =   3     1237277
      executing #MPI =    128 and #OMP =      2



 ****** SOLVE & CHECK STEP ********

 GLOBAL STATISTICS PRIOR SOLVE PHASE ...........
 Number of right-hand-sides                    =           1
 Blocking factor for multiple rhs              =           1
 ICNTL (9)                                     =           1
  --- (10)                                     =           0
  --- (11)                                     =           0
  --- (20)                                     =          10
  --- (21)                                     =           1
  --- (30)                                     =           0
  --- (35)                                     =           0
 WARNING: original distributed matrix is not allocated
 ** Rank of processor needing largest memory in solve     :       127
 ** Space in MBYTES used by this processor for solve      :       789
 ** Avg. Space in MBYTES per working proc during solve    :       425

 Leaving solve with ...
 Time to build/scatter RHS        =       0.002571
 Time in solution step (fwd/bwd)  =       0.151021
  .. Time in forward (fwd) step   =          0.078559
  .. Time in ScaLAPACK root       =          0.001543
  .. Time in backward (bwd) step  =          0.070900
 Time to gather solution(cent.sol)=       0.000000
 Time to copy/scale dist. solution=       0.000499

 Elapsed time in solve driver=       0.2994
  128 KSP Residual norm 6.323804401339e-05

Entering DMUMPS 5.6.2 from C interface with JOB, N =   3     1237277
      executing #MPI =    128 and #OMP =      2



 ****** SOLVE & CHECK STEP ********

 GLOBAL STATISTICS PRIOR SOLVE PHASE ...........
 Number of right-hand-sides                    =           1
 Blocking factor for multiple rhs              =           1
 ICNTL (9)                                     =           1
  --- (10)                                     =           0
  --- (11)                                     =           0
  --- (20)                                     =          10
  --- (21)                                     =           1
  --- (30)                                     =           0
  --- (35)                                     =           0
 WARNING: original distributed matrix is not allocated
 ** Rank of processor needing largest memory in solve     :       127
 ** Space in MBYTES used by this processor for solve      :       789
 ** Avg. Space in MBYTES per working proc during solve    :       425

 Leaving solve with ...
 Time to build/scatter RHS        =       0.002575
 Time in solution step (fwd/bwd)  =       0.151237
  .. Time in forward (fwd) step   =          0.078892
  .. Time in ScaLAPACK root       =          0.001570
  .. Time in backward (bwd) step  =          0.070756
 Time to gather solution(cent.sol)=       0.000000
 Time to copy/scale dist. solution=       0.000499

 Elapsed time in solve driver=       0.3016
  129 KSP Residual norm 5.714497711838e-05

Entering DMUMPS 5.6.2 from C interface with JOB, N =   3     1237277
      executing #MPI =    128 and #OMP =      2



 ****** SOLVE & CHECK STEP ********

 GLOBAL STATISTICS PRIOR SOLVE PHASE ...........
 Number of right-hand-sides                    =           1
 Blocking factor for multiple rhs              =           1
 ICNTL (9)                                     =           1
  --- (10)                                     =           0
  --- (11)                                     =           0
  --- (20)                                     =          10
  --- (21)                                     =           1
  --- (30)                                     =           0
  --- (35)                                     =           0
 WARNING: original distributed matrix is not allocated
 ** Rank of processor needing largest memory in solve     :       127
 ** Space in MBYTES used by this processor for solve      :       789
 ** Avg. Space in MBYTES per working proc during solve    :       425

 Leaving solve with ...
 Time to build/scatter RHS        =       0.002618
 Time in solution step (fwd/bwd)  =       0.149036
  .. Time in forward (fwd) step   =          0.078801
  .. Time in ScaLAPACK root       =          0.001602
  .. Time in backward (bwd) step  =          0.068608
 Time to gather solution(cent.sol)=       0.000000
 Time to copy/scale dist. solution=       0.000486

 Elapsed time in solve driver=       0.3014
  130 KSP Residual norm 5.290331892693e-05

Entering DMUMPS 5.6.2 from C interface with JOB, N =   3     1237277
      executing #MPI =    128 and #OMP =      2



 ****** SOLVE & CHECK STEP ********

 GLOBAL STATISTICS PRIOR SOLVE PHASE ...........
 Number of right-hand-sides                    =           1
 Blocking factor for multiple rhs              =           1
 ICNTL (9)                                     =           1
  --- (10)                                     =           0
  --- (11)                                     =           0
  --- (20)                                     =          10
  --- (21)                                     =           1
  --- (30)                                     =           0
  --- (35)                                     =           0
 WARNING: original distributed matrix is not allocated
 ** Rank of processor needing largest memory in solve     :       127
 ** Space in MBYTES used by this processor for solve      :       789
 ** Avg. Space in MBYTES per working proc during solve    :       425

 Leaving solve with ...
 Time to build/scatter RHS        =       0.002606
 Time in solution step (fwd/bwd)  =       0.148982
  .. Time in forward (fwd) step   =          0.078988
  .. Time in ScaLAPACK root       =          0.001569
  .. Time in backward (bwd) step  =          0.068405
 Time to gather solution(cent.sol)=       0.000000
 Time to copy/scale dist. solution=       0.000517

 Elapsed time in solve driver=       0.2996
  131 KSP Residual norm 4.981431862419e-05

Entering DMUMPS 5.6.2 from C interface with JOB, N =   3     1237277
      executing #MPI =    128 and #OMP =      2



 ****** SOLVE & CHECK STEP ********

 GLOBAL STATISTICS PRIOR SOLVE PHASE ...........
 Number of right-hand-sides                    =           1
 Blocking factor for multiple rhs              =           1
 ICNTL (9)                                     =           1
  --- (10)                                     =           0
  --- (11)                                     =           0
  --- (20)                                     =          10
  --- (21)                                     =           1
  --- (30)                                     =           0
  --- (35)                                     =           0
 WARNING: original distributed matrix is not allocated
 ** Rank of processor needing largest memory in solve     :       127
 ** Space in MBYTES used by this processor for solve      :       789
 ** Avg. Space in MBYTES per working proc during solve    :       425

 Leaving solve with ...
 Time to build/scatter RHS        =       0.002627
 Time in solution step (fwd/bwd)  =       0.149796
  .. Time in forward (fwd) step   =          0.078453
  .. Time in ScaLAPACK root       =          0.001573
  .. Time in backward (bwd) step  =          0.069748
 Time to gather solution(cent.sol)=       0.000000
 Time to copy/scale dist. solution=       0.000497

 Elapsed time in solve driver=       0.2992
  132 KSP Residual norm 4.819410478143e-05

Entering DMUMPS 5.6.2 from C interface with JOB, N =   3     1237277
      executing #MPI =    128 and #OMP =      2



 ****** SOLVE & CHECK STEP ********

 GLOBAL STATISTICS PRIOR SOLVE PHASE ...........
 Number of right-hand-sides                    =           1
 Blocking factor for multiple rhs              =           1
 ICNTL (9)                                     =           1
  --- (10)                                     =           0
  --- (11)                                     =           0
  --- (20)                                     =          10
  --- (21)                                     =           1
  --- (30)                                     =           0
  --- (35)                                     =           0
 WARNING: original distributed matrix is not allocated
 ** Rank of processor needing largest memory in solve     :       127
 ** Space in MBYTES used by this processor for solve      :       789
 ** Avg. Space in MBYTES per working proc during solve    :       425

 Leaving solve with ...
 Time to build/scatter RHS        =       0.002966
 Time in solution step (fwd/bwd)  =       0.148507
  .. Time in forward (fwd) step   =          0.078987
  .. Time in ScaLAPACK root       =          0.001569
  .. Time in backward (bwd) step  =          0.067930
 Time to gather solution(cent.sol)=       0.000000
 Time to copy/scale dist. solution=       0.000503

 Elapsed time in solve driver=       0.3062
  133 KSP Residual norm 4.688521941995e-05

Entering DMUMPS 5.6.2 from C interface with JOB, N =   3     1237277
      executing #MPI =    128 and #OMP =      2



 ****** SOLVE & CHECK STEP ********

 GLOBAL STATISTICS PRIOR SOLVE PHASE ...........
 Number of right-hand-sides                    =           1
 Blocking factor for multiple rhs              =           1
 ICNTL (9)                                     =           1
  --- (10)                                     =           0
  --- (11)                                     =           0
  --- (20)                                     =          10
  --- (21)                                     =           1
  --- (30)                                     =           0
  --- (35)                                     =           0
 WARNING: original distributed matrix is not allocated
 ** Rank of processor needing largest memory in solve     :       127
 ** Space in MBYTES used by this processor for solve      :       789
 ** Avg. Space in MBYTES per working proc during solve    :       425

 Leaving solve with ...
 Time to build/scatter RHS        =       0.002823
 Time in solution step (fwd/bwd)  =       0.151310
  .. Time in forward (fwd) step   =          0.078674
  .. Time in ScaLAPACK root       =          0.001582
  .. Time in backward (bwd) step  =          0.071021
 Time to gather solution(cent.sol)=       0.000000
 Time to copy/scale dist. solution=       0.000492

 Elapsed time in solve driver=       0.3098
  134 KSP Residual norm 4.552639601691e-05

Entering DMUMPS 5.6.2 from C interface with JOB, N =   3     1237277
      executing #MPI =    128 and #OMP =      2



 ****** SOLVE & CHECK STEP ********

 GLOBAL STATISTICS PRIOR SOLVE PHASE ...........
 Number of right-hand-sides                    =           1
 Blocking factor for multiple rhs              =           1
 ICNTL (9)                                     =           1
  --- (10)                                     =           0
  --- (11)                                     =           0
  --- (20)                                     =          10
  --- (21)                                     =           1
  --- (30)                                     =           0
  --- (35)                                     =           0
 WARNING: original distributed matrix is not allocated
 ** Rank of processor needing largest memory in solve     :       127
 ** Space in MBYTES used by this processor for solve      :       789
 ** Avg. Space in MBYTES per working proc during solve    :       425

 Leaving solve with ...
 Time to build/scatter RHS        =       0.002669
 Time in solution step (fwd/bwd)  =       0.149231
  .. Time in forward (fwd) step   =          0.078783
  .. Time in ScaLAPACK root       =          0.001580
  .. Time in backward (bwd) step  =          0.068846
 Time to gather solution(cent.sol)=       0.000000
 Time to copy/scale dist. solution=       0.000505

 Elapsed time in solve driver=       0.3085
  135 KSP Residual norm 4.332671634740e-05

Entering DMUMPS 5.6.2 from C interface with JOB, N =   3     1237277
      executing #MPI =    128 and #OMP =      2



 ****** SOLVE & CHECK STEP ********

 GLOBAL STATISTICS PRIOR SOLVE PHASE ...........
 Number of right-hand-sides                    =           1
 Blocking factor for multiple rhs              =           1
 ICNTL (9)                                     =           1
  --- (10)                                     =           0
  --- (11)                                     =           0
  --- (20)                                     =          10
  --- (21)                                     =           1
  --- (30)                                     =           0
  --- (35)                                     =           0
 WARNING: original distributed matrix is not allocated
 ** Rank of processor needing largest memory in solve     :       127
 ** Space in MBYTES used by this processor for solve      :       789
 ** Avg. Space in MBYTES per working proc during solve    :       425

 Leaving solve with ...
 Time to build/scatter RHS        =       0.002781
 Time in solution step (fwd/bwd)  =       0.149554
  .. Time in forward (fwd) step   =          0.078605
  .. Time in ScaLAPACK root       =          0.001565
  .. Time in backward (bwd) step  =          0.069363
 Time to gather solution(cent.sol)=       0.000000
 Time to copy/scale dist. solution=       0.000497

 Elapsed time in solve driver=       0.3017
  136 KSP Residual norm 4.018253406402e-05

Entering DMUMPS 5.6.2 from C interface with JOB, N =   3     1237277
      executing #MPI =    128 and #OMP =      2



 ****** SOLVE & CHECK STEP ********

 GLOBAL STATISTICS PRIOR SOLVE PHASE ...........
 Number of right-hand-sides                    =           1
 Blocking factor for multiple rhs              =           1
 ICNTL (9)                                     =           1
  --- (10)                                     =           0
  --- (11)                                     =           0
  --- (20)                                     =          10
  --- (21)                                     =           1
  --- (30)                                     =           0
  --- (35)                                     =           0
 WARNING: original distributed matrix is not allocated
 ** Rank of processor needing largest memory in solve     :       127
 ** Space in MBYTES used by this processor for solve      :       789
 ** Avg. Space in MBYTES per working proc during solve    :       425

 Leaving solve with ...
 Time to build/scatter RHS        =       0.002640
 Time in solution step (fwd/bwd)  =       0.150686
  .. Time in forward (fwd) step   =          0.079369
  .. Time in ScaLAPACK root       =          0.001581
  .. Time in backward (bwd) step  =          0.069714
 Time to gather solution(cent.sol)=       0.000000
 Time to copy/scale dist. solution=       0.000495

 Elapsed time in solve driver=       0.3056
  137 KSP Residual norm 3.527070160755e-05

Entering DMUMPS 5.6.2 from C interface with JOB, N =   3     1237277
      executing #MPI =    128 and #OMP =      2



 ****** SOLVE & CHECK STEP ********

 GLOBAL STATISTICS PRIOR SOLVE PHASE ...........
 Number of right-hand-sides                    =           1
 Blocking factor for multiple rhs              =           1
 ICNTL (9)                                     =           1
  --- (10)                                     =           0
  --- (11)                                     =           0
  --- (20)                                     =          10
  --- (21)                                     =           1
  --- (30)                                     =           0
  --- (35)                                     =           0
 WARNING: original distributed matrix is not allocated
 ** Rank of processor needing largest memory in solve     :       127
 ** Space in MBYTES used by this processor for solve      :       789
 ** Avg. Space in MBYTES per working proc during solve    :       425

 Leaving solve with ...
 Time to build/scatter RHS        =       0.002698
 Time in solution step (fwd/bwd)  =       0.150741
  .. Time in forward (fwd) step   =          0.079451
  .. Time in ScaLAPACK root       =          0.001570
  .. Time in backward (bwd) step  =          0.069698
 Time to gather solution(cent.sol)=       0.000000
 Time to copy/scale dist. solution=       0.000493

 Elapsed time in solve driver=       0.3019
  138 KSP Residual norm 3.164706337122e-05

Entering DMUMPS 5.6.2 from C interface with JOB, N =   3     1237277
      executing #MPI =    128 and #OMP =      2



 ****** SOLVE & CHECK STEP ********

 GLOBAL STATISTICS PRIOR SOLVE PHASE ...........
 Number of right-hand-sides                    =           1
 Blocking factor for multiple rhs              =           1
 ICNTL (9)                                     =           1
  --- (10)                                     =           0
  --- (11)                                     =           0
  --- (20)                                     =          10
  --- (21)                                     =           1
  --- (30)                                     =           0
  --- (35)                                     =           0
 WARNING: original distributed matrix is not allocated
 ** Rank of processor needing largest memory in solve     :       127
 ** Space in MBYTES used by this processor for solve      :       789
 ** Avg. Space in MBYTES per working proc during solve    :       425

 Leaving solve with ...
 Time to build/scatter RHS        =       0.002707
 Time in solution step (fwd/bwd)  =       0.150673
  .. Time in forward (fwd) step   =          0.078220
  .. Time in ScaLAPACK root       =          0.001580
  .. Time in backward (bwd) step  =          0.070855
 Time to gather solution(cent.sol)=       0.000000
 Time to copy/scale dist. solution=       0.000499

 Elapsed time in solve driver=       0.3052
  139 KSP Residual norm 2.824898661068e-05

Entering DMUMPS 5.6.2 from C interface with JOB, N =   3     1237277
      executing #MPI =    128 and #OMP =      2



 ****** SOLVE & CHECK STEP ********

 GLOBAL STATISTICS PRIOR SOLVE PHASE ...........
 Number of right-hand-sides                    =           1
 Blocking factor for multiple rhs              =           1
 ICNTL (9)                                     =           1
  --- (10)                                     =           0
  --- (11)                                     =           0
  --- (20)                                     =          10
  --- (21)                                     =           1
  --- (30)                                     =           0
  --- (35)                                     =           0
 WARNING: original distributed matrix is not allocated
 ** Rank of processor needing largest memory in solve     :       127
 ** Space in MBYTES used by this processor for solve      :       789
 ** Avg. Space in MBYTES per working proc during solve    :       425

 Leaving solve with ...
 Time to build/scatter RHS        =       0.002615
 Time in solution step (fwd/bwd)  =       0.150142
  .. Time in forward (fwd) step   =          0.078476
  .. Time in ScaLAPACK root       =          0.001596
  .. Time in backward (bwd) step  =          0.070049
 Time to gather solution(cent.sol)=       0.000000
 Time to copy/scale dist. solution=       0.000493

 Elapsed time in solve driver=       0.3084
  140 KSP Residual norm 2.522627081748e-05

Entering DMUMPS 5.6.2 from C interface with JOB, N =   3     1237277
      executing #MPI =    128 and #OMP =      2



 ****** SOLVE & CHECK STEP ********

 GLOBAL STATISTICS PRIOR SOLVE PHASE ...........
 Number of right-hand-sides                    =           1
 Blocking factor for multiple rhs              =           1
 ICNTL (9)                                     =           1
  --- (10)                                     =           0
  --- (11)                                     =           0
  --- (20)                                     =          10
  --- (21)                                     =           1
  --- (30)                                     =           0
  --- (35)                                     =           0
 WARNING: original distributed matrix is not allocated
 ** Rank of processor needing largest memory in solve     :       127
 ** Space in MBYTES used by this processor for solve      :       789
 ** Avg. Space in MBYTES per working proc during solve    :       425

 Leaving solve with ...
 Time to build/scatter RHS        =       0.002595
 Time in solution step (fwd/bwd)  =       0.150598
  .. Time in forward (fwd) step   =          0.078277
  .. Time in ScaLAPACK root       =          0.001604
  .. Time in backward (bwd) step  =          0.070682
 Time to gather solution(cent.sol)=       0.000000
 Time to copy/scale dist. solution=       0.000504

 Elapsed time in solve driver=       0.3059
  141 KSP Residual norm 2.284861911091e-05

Entering DMUMPS 5.6.2 from C interface with JOB, N =   3     1237277
      executing #MPI =    128 and #OMP =      2



 ****** SOLVE & CHECK STEP ********

 GLOBAL STATISTICS PRIOR SOLVE PHASE ...........
 Number of right-hand-sides                    =           1
 Blocking factor for multiple rhs              =           1
 ICNTL (9)                                     =           1
  --- (10)                                     =           0
  --- (11)                                     =           0
  --- (20)                                     =          10
  --- (21)                                     =           1
  --- (30)                                     =           0
  --- (35)                                     =           0
 WARNING: original distributed matrix is not allocated
 ** Rank of processor needing largest memory in solve     :       127
 ** Space in MBYTES used by this processor for solve      :       789
 ** Avg. Space in MBYTES per working proc during solve    :       425

 Leaving solve with ...
 Time to build/scatter RHS        =       0.002637
 Time in solution step (fwd/bwd)  =       0.154497
  .. Time in forward (fwd) step   =          0.079093
  .. Time in ScaLAPACK root       =          0.001576
  .. Time in backward (bwd) step  =          0.073808
 Time to gather solution(cent.sol)=       0.000000
 Time to copy/scale dist. solution=       0.000499

 Elapsed time in solve driver=       0.3104
  142 KSP Residual norm 2.087937573232e-05

Entering DMUMPS 5.6.2 from C interface with JOB, N =   3     1237277
      executing #MPI =    128 and #OMP =      2



 ****** SOLVE & CHECK STEP ********

 GLOBAL STATISTICS PRIOR SOLVE PHASE ...........
 Number of right-hand-sides                    =           1
 Blocking factor for multiple rhs              =           1
 ICNTL (9)                                     =           1
  --- (10)                                     =           0
  --- (11)                                     =           0
  --- (20)                                     =          10
  --- (21)                                     =           1
  --- (30)                                     =           0
  --- (35)                                     =           0
 WARNING: original distributed matrix is not allocated
 ** Rank of processor needing largest memory in solve     :       127
 ** Space in MBYTES used by this processor for solve      :       789
 ** Avg. Space in MBYTES per working proc during solve    :       425

 Leaving solve with ...
 Time to build/scatter RHS        =       0.002748
 Time in solution step (fwd/bwd)  =       0.150654
  .. Time in forward (fwd) step   =          0.078498
  .. Time in ScaLAPACK root       =          0.001576
  .. Time in backward (bwd) step  =          0.070559
 Time to gather solution(cent.sol)=       0.000000
 Time to copy/scale dist. solution=       0.000494

 Elapsed time in solve driver=       0.3074
  143 KSP Residual norm 1.889802083714e-05

Entering DMUMPS 5.6.2 from C interface with JOB, N =   3     1237277
      executing #MPI =    128 and #OMP =      2



 ****** SOLVE & CHECK STEP ********

 GLOBAL STATISTICS PRIOR SOLVE PHASE ...........
 Number of right-hand-sides                    =           1
 Blocking factor for multiple rhs              =           1
 ICNTL (9)                                     =           1
  --- (10)                                     =           0
  --- (11)                                     =           0
  --- (20)                                     =          10
  --- (21)                                     =           1
  --- (30)                                     =           0
  --- (35)                                     =           0
 WARNING: original distributed matrix is not allocated
 ** Rank of processor needing largest memory in solve     :       127
 ** Space in MBYTES used by this processor for solve      :       789
 ** Avg. Space in MBYTES per working proc during solve    :       425

 Leaving solve with ...
 Time to build/scatter RHS        =       0.002639
 Time in solution step (fwd/bwd)  =       0.151301
  .. Time in forward (fwd) step   =          0.079046
  .. Time in ScaLAPACK root       =          0.001592
  .. Time in backward (bwd) step  =          0.070640
 Time to gather solution(cent.sol)=       0.000000
 Time to copy/scale dist. solution=       0.000499

 Elapsed time in solve driver=       0.3034
  144 KSP Residual norm 1.759268715628e-05

Entering DMUMPS 5.6.2 from C interface with JOB, N =   3     1237277
      executing #MPI =    128 and #OMP =      2



 ****** SOLVE & CHECK STEP ********

 GLOBAL STATISTICS PRIOR SOLVE PHASE ...........
 Number of right-hand-sides                    =           1
 Blocking factor for multiple rhs              =           1
 ICNTL (9)                                     =           1
  --- (10)                                     =           0
  --- (11)                                     =           0
  --- (20)                                     =          10
  --- (21)                                     =           1
  --- (30)                                     =           0
  --- (35)                                     =           0
 WARNING: original distributed matrix is not allocated
 ** Rank of processor needing largest memory in solve     :       127
 ** Space in MBYTES used by this processor for solve      :       789
 ** Avg. Space in MBYTES per working proc during solve    :       425

 Leaving solve with ...
 Time to build/scatter RHS        =       0.002720
 Time in solution step (fwd/bwd)  =       0.148774
  .. Time in forward (fwd) step   =          0.079372
  .. Time in ScaLAPACK root       =          0.001588
  .. Time in backward (bwd) step  =          0.067793
 Time to gather solution(cent.sol)=       0.000000
 Time to copy/scale dist. solution=       0.000485

 Elapsed time in solve driver=       0.3043
  145 KSP Residual norm 1.674075949344e-05

Entering DMUMPS 5.6.2 from C interface with JOB, N =   3     1237277
      executing #MPI =    128 and #OMP =      2



 ****** SOLVE & CHECK STEP ********

 GLOBAL STATISTICS PRIOR SOLVE PHASE ...........
 Number of right-hand-sides                    =           1
 Blocking factor for multiple rhs              =           1
 ICNTL (9)                                     =           1
  --- (10)                                     =           0
  --- (11)                                     =           0
  --- (20)                                     =          10
  --- (21)                                     =           1
  --- (30)                                     =           0
  --- (35)                                     =           0
 WARNING: original distributed matrix is not allocated
 ** Rank of processor needing largest memory in solve     :       127
 ** Space in MBYTES used by this processor for solve      :       789
 ** Avg. Space in MBYTES per working proc during solve    :       425

 Leaving solve with ...
 Time to build/scatter RHS        =       0.002678
 Time in solution step (fwd/bwd)  =       0.152273
  .. Time in forward (fwd) step   =          0.078867
  .. Time in ScaLAPACK root       =          0.001566
  .. Time in backward (bwd) step  =          0.071820
 Time to gather solution(cent.sol)=       0.000000
 Time to copy/scale dist. solution=       0.000490

 Elapsed time in solve driver=       0.3020
  146 KSP Residual norm 1.566382277114e-05

Entering DMUMPS 5.6.2 from C interface with JOB, N =   3     1237277
      executing #MPI =    128 and #OMP =      2



 ****** SOLVE & CHECK STEP ********

 GLOBAL STATISTICS PRIOR SOLVE PHASE ...........
 Number of right-hand-sides                    =           1
 Blocking factor for multiple rhs              =           1
 ICNTL (9)                                     =           1
  --- (10)                                     =           0
  --- (11)                                     =           0
  --- (20)                                     =          10
  --- (21)                                     =           1
  --- (30)                                     =           0
  --- (35)                                     =           0
 WARNING: original distributed matrix is not allocated
 ** Rank of processor needing largest memory in solve     :       127
 ** Space in MBYTES used by this processor for solve      :       789
 ** Avg. Space in MBYTES per working proc during solve    :       425

 Leaving solve with ...
 Time to build/scatter RHS        =       0.002714
 Time in solution step (fwd/bwd)  =       0.150180
  .. Time in forward (fwd) step   =          0.078965
  .. Time in ScaLAPACK root       =          0.001605
  .. Time in backward (bwd) step  =          0.069591
 Time to gather solution(cent.sol)=       0.000000
 Time to copy/scale dist. solution=       0.000490

 Elapsed time in solve driver=       0.3077
  147 KSP Residual norm 1.442665714254e-05

Entering DMUMPS 5.6.2 from C interface with JOB, N =   3     1237277
      executing #MPI =    128 and #OMP =      2



 ****** SOLVE & CHECK STEP ********

 GLOBAL STATISTICS PRIOR SOLVE PHASE ...........
 Number of right-hand-sides                    =           1
 Blocking factor for multiple rhs              =           1
 ICNTL (9)                                     =           1
  --- (10)                                     =           0
  --- (11)                                     =           0
  --- (20)                                     =          10
  --- (21)                                     =           1
  --- (30)                                     =           0
  --- (35)                                     =           0
 WARNING: original distributed matrix is not allocated
 ** Rank of processor needing largest memory in solve     :       127
 ** Space in MBYTES used by this processor for solve      :       789
 ** Avg. Space in MBYTES per working proc during solve    :       425

 Leaving solve with ...
 Time to build/scatter RHS        =       0.002671
 Time in solution step (fwd/bwd)  =       0.150911
  .. Time in forward (fwd) step   =          0.078740
  .. Time in ScaLAPACK root       =          0.001563
  .. Time in backward (bwd) step  =          0.070582
 Time to gather solution(cent.sol)=       0.000000
 Time to copy/scale dist. solution=       0.000497

 Elapsed time in solve driver=       0.3074
  148 KSP Residual norm 1.315189901234e-05

Entering DMUMPS 5.6.2 from C interface with JOB, N =   3     1237277
      executing #MPI =    128 and #OMP =      2



 ****** SOLVE & CHECK STEP ********

 GLOBAL STATISTICS PRIOR SOLVE PHASE ...........
 Number of right-hand-sides                    =           1
 Blocking factor for multiple rhs              =           1
 ICNTL (9)                                     =           1
  --- (10)                                     =           0
  --- (11)                                     =           0
  --- (20)                                     =          10
  --- (21)                                     =           1
  --- (30)                                     =           0
  --- (35)                                     =           0
 WARNING: original distributed matrix is not allocated
 ** Rank of processor needing largest memory in solve     :       127
 ** Space in MBYTES used by this processor for solve      :       789
 ** Avg. Space in MBYTES per working proc during solve    :       425

 Leaving solve with ...
 Time to build/scatter RHS        =       0.002632
 Time in solution step (fwd/bwd)  =       0.149986
  .. Time in forward (fwd) step   =          0.078321
  .. Time in ScaLAPACK root       =          0.001580
  .. Time in backward (bwd) step  =          0.070065
 Time to gather solution(cent.sol)=       0.000000
 Time to copy/scale dist. solution=       0.000488

 Elapsed time in solve driver=       0.3043
  149 KSP Residual norm 1.206602251745e-05

Entering DMUMPS 5.6.2 from C interface with JOB, N =   3     1237277
      executing #MPI =    128 and #OMP =      2



 ****** SOLVE & CHECK STEP ********

 GLOBAL STATISTICS PRIOR SOLVE PHASE ...........
 Number of right-hand-sides                    =           1
 Blocking factor for multiple rhs              =           1
 ICNTL (9)                                     =           1
  --- (10)                                     =           0
  --- (11)                                     =           0
  --- (20)                                     =          10
  --- (21)                                     =           1
  --- (30)                                     =           0
  --- (35)                                     =           0
 WARNING: original distributed matrix is not allocated
 ** Rank of processor needing largest memory in solve     :       127
 ** Space in MBYTES used by this processor for solve      :       789
 ** Avg. Space in MBYTES per working proc during solve    :       425

 Leaving solve with ...
 Time to build/scatter RHS        =       0.002677
 Time in solution step (fwd/bwd)  =       0.150241
  .. Time in forward (fwd) step   =          0.079123
  .. Time in ScaLAPACK root       =          0.001581
  .. Time in backward (bwd) step  =          0.069516
 Time to gather solution(cent.sol)=       0.000000
 Time to copy/scale dist. solution=       0.000503

 Elapsed time in solve driver=       0.3059
  150 KSP Residual norm 1.112186165090e-05

Entering DMUMPS 5.6.2 from C interface with JOB, N =   3     1237277
      executing #MPI =    128 and #OMP =      2



 ****** SOLVE & CHECK STEP ********

 GLOBAL STATISTICS PRIOR SOLVE PHASE ...........
 Number of right-hand-sides                    =           1
 Blocking factor for multiple rhs              =           1
 ICNTL (9)                                     =           1
  --- (10)                                     =           0
  --- (11)                                     =           0
  --- (20)                                     =          10
  --- (21)                                     =           1
  --- (30)                                     =           0
  --- (35)                                     =           0
 WARNING: original distributed matrix is not allocated
 ** Rank of processor needing largest memory in solve     :       127
 ** Space in MBYTES used by this processor for solve      :       789
 ** Avg. Space in MBYTES per working proc during solve    :       425

 Leaving solve with ...
 Time to build/scatter RHS        =       0.002706
 Time in solution step (fwd/bwd)  =       0.150535
  .. Time in forward (fwd) step   =          0.078443
  .. Time in ScaLAPACK root       =          0.001594
  .. Time in backward (bwd) step  =          0.070479
 Time to gather solution(cent.sol)=       0.000000
 Time to copy/scale dist. solution=       0.000505

 Elapsed time in solve driver=       0.3081
  151 KSP Residual norm 1.001752882955e-05

Entering DMUMPS 5.6.2 from C interface with JOB, N =   3     1237277
      executing #MPI =    128 and #OMP =      2



 ****** SOLVE & CHECK STEP ********

 GLOBAL STATISTICS PRIOR SOLVE PHASE ...........
 Number of right-hand-sides                    =           1
 Blocking factor for multiple rhs              =           1
 ICNTL (9)                                     =           1
  --- (10)                                     =           0
  --- (11)                                     =           0
  --- (20)                                     =          10
  --- (21)                                     =           1
  --- (30)                                     =           0
  --- (35)                                     =           0
 WARNING: original distributed matrix is not allocated
 ** Rank of processor needing largest memory in solve     :       127
 ** Space in MBYTES used by this processor for solve      :       789
 ** Avg. Space in MBYTES per working proc during solve    :       425

 Leaving solve with ...
 Time to build/scatter RHS        =       0.002627
 Time in solution step (fwd/bwd)  =       0.150297
  .. Time in forward (fwd) step   =          0.078429
  .. Time in ScaLAPACK root       =          0.001589
  .. Time in backward (bwd) step  =          0.070260
 Time to gather solution(cent.sol)=       0.000000
 Time to copy/scale dist. solution=       0.000503

 Elapsed time in solve driver=       0.3042
  152 KSP Residual norm 8.555727128650e-06

Entering DMUMPS 5.6.2 from C interface with JOB, N =   3     1237277
      executing #MPI =    128 and #OMP =      2



 ****** SOLVE & CHECK STEP ********

 GLOBAL STATISTICS PRIOR SOLVE PHASE ...........
 Number of right-hand-sides                    =           1
 Blocking factor for multiple rhs              =           1
 ICNTL (9)                                     =           1
  --- (10)                                     =           0
  --- (11)                                     =           0
  --- (20)                                     =          10
  --- (21)                                     =           1
  --- (30)                                     =           0
  --- (35)                                     =           0
 WARNING: original distributed matrix is not allocated
 ** Rank of processor needing largest memory in solve     :       127
 ** Space in MBYTES used by this processor for solve      :       789
 ** Avg. Space in MBYTES per working proc during solve    :       425

 Leaving solve with ...
 Time to build/scatter RHS        =       0.002476
 Time in solution step (fwd/bwd)  =       0.149861
  .. Time in forward (fwd) step   =          0.077925
  .. Time in ScaLAPACK root       =          0.001616
  .. Time in backward (bwd) step  =          0.070270
 Time to gather solution(cent.sol)=       0.000000
 Time to copy/scale dist. solution=       0.000510

 Elapsed time in solve driver=       0.3060
  153 KSP Residual norm 7.431061228019e-06

Entering DMUMPS 5.6.2 from C interface with JOB, N =   3     1237277
      executing #MPI =    128 and #OMP =      2



 ****** SOLVE & CHECK STEP ********

 GLOBAL STATISTICS PRIOR SOLVE PHASE ...........
 Number of right-hand-sides                    =           1
 Blocking factor for multiple rhs              =           1
 ICNTL (9)                                     =           1
  --- (10)                                     =           0
  --- (11)                                     =           0
  --- (20)                                     =          10
  --- (21)                                     =           1
  --- (30)                                     =           0
  --- (35)                                     =           0
 WARNING: original distributed matrix is not allocated
 ** Rank of processor needing largest memory in solve     :       127
 ** Space in MBYTES used by this processor for solve      :       789
 ** Avg. Space in MBYTES per working proc during solve    :       425

 Leaving solve with ...
 Time to build/scatter RHS        =       0.002565
 Time in solution step (fwd/bwd)  =       0.150560
  .. Time in forward (fwd) step   =          0.079367
  .. Time in ScaLAPACK root       =          0.001622
  .. Time in backward (bwd) step  =          0.069552
 Time to gather solution(cent.sol)=       0.000000
 Time to copy/scale dist. solution=       0.000489

 Elapsed time in solve driver=       0.3491
  154 KSP Residual norm 6.792188100532e-06

Entering DMUMPS 5.6.2 from C interface with JOB, N =   3     1237277
      executing #MPI =    128 and #OMP =      2



 ****** SOLVE & CHECK STEP ********

 GLOBAL STATISTICS PRIOR SOLVE PHASE ...........
 Number of right-hand-sides                    =           1
 Blocking factor for multiple rhs              =           1
 ICNTL (9)                                     =           1
  --- (10)                                     =           0
  --- (11)                                     =           0
  --- (20)                                     =          10
  --- (21)                                     =           1
  --- (30)                                     =           0
  --- (35)                                     =           0
 WARNING: original distributed matrix is not allocated
 ** Rank of processor needing largest memory in solve     :       127
 ** Space in MBYTES used by this processor for solve      :       789
 ** Avg. Space in MBYTES per working proc during solve    :       425

 Leaving solve with ...
 Time to build/scatter RHS        =       0.002572
 Time in solution step (fwd/bwd)  =       0.150433
  .. Time in forward (fwd) step   =          0.078286
  .. Time in ScaLAPACK root       =          0.001608
  .. Time in backward (bwd) step  =          0.070508
 Time to gather solution(cent.sol)=       0.000000
 Time to copy/scale dist. solution=       0.000493

 Elapsed time in solve driver=       0.3021
  155 KSP Residual norm 6.131315079162e-06

Entering DMUMPS 5.6.2 from C interface with JOB, N =   3     1237277
      executing #MPI =    128 and #OMP =      2



 ****** SOLVE & CHECK STEP ********

 GLOBAL STATISTICS PRIOR SOLVE PHASE ...........
 Number of right-hand-sides                    =           1
 Blocking factor for multiple rhs              =           1
 ICNTL (9)                                     =           1
  --- (10)                                     =           0
  --- (11)                                     =           0
  --- (20)                                     =          10
  --- (21)                                     =           1
  --- (30)                                     =           0
  --- (35)                                     =           0
 WARNING: original distributed matrix is not allocated
 ** Rank of processor needing largest memory in solve     :       127
 ** Space in MBYTES used by this processor for solve      :       789
 ** Avg. Space in MBYTES per working proc during solve    :       425

 Leaving solve with ...
 Time to build/scatter RHS        =       0.002499
 Time in solution step (fwd/bwd)  =       0.149121
  .. Time in forward (fwd) step   =          0.078072
  .. Time in ScaLAPACK root       =          0.001601
  .. Time in backward (bwd) step  =          0.069424
 Time to gather solution(cent.sol)=       0.000000
 Time to copy/scale dist. solution=       0.000501

 Elapsed time in solve driver=       0.3039
  156 KSP Residual norm 5.284445871922e-06

Entering DMUMPS 5.6.2 from C interface with JOB, N =   3     1237277
      executing #MPI =    128 and #OMP =      2



 ****** SOLVE & CHECK STEP ********

 GLOBAL STATISTICS PRIOR SOLVE PHASE ...........
 Number of right-hand-sides                    =           1
 Blocking factor for multiple rhs              =           1
 ICNTL (9)                                     =           1
  --- (10)                                     =           0
  --- (11)                                     =           0
  --- (20)                                     =          10
  --- (21)                                     =           1
  --- (30)                                     =           0
  --- (35)                                     =           0
 WARNING: original distributed matrix is not allocated
 ** Rank of processor needing largest memory in solve     :       127
 ** Space in MBYTES used by this processor for solve      :       789
 ** Avg. Space in MBYTES per working proc during solve    :       425

 Leaving solve with ...
 Time to build/scatter RHS        =       0.002603
 Time in solution step (fwd/bwd)  =       0.147788
  .. Time in forward (fwd) step   =          0.078166
  .. Time in ScaLAPACK root       =          0.001599
  .. Time in backward (bwd) step  =          0.068002
 Time to gather solution(cent.sol)=       0.000000
 Time to copy/scale dist. solution=       0.000491

 Elapsed time in solve driver=       0.2985
  157 KSP Residual norm 4.296585954687e-06

Entering DMUMPS 5.6.2 from C interface with JOB, N =   3     1237277
      executing #MPI =    128 and #OMP =      2



 ****** SOLVE & CHECK STEP ********

 GLOBAL STATISTICS PRIOR SOLVE PHASE ...........
 Number of right-hand-sides                    =           1
 Blocking factor for multiple rhs              =           1
 ICNTL (9)                                     =           1
  --- (10)                                     =           0
  --- (11)                                     =           0
  --- (20)                                     =          10
  --- (21)                                     =           1
  --- (30)                                     =           0
  --- (35)                                     =           0
 WARNING: original distributed matrix is not allocated
 ** Rank of processor needing largest memory in solve     :       127
 ** Space in MBYTES used by this processor for solve      :       789
 ** Avg. Space in MBYTES per working proc during solve    :       425

 Leaving solve with ...
 Time to build/scatter RHS        =       0.002585
 Time in solution step (fwd/bwd)  =       0.149787
  .. Time in forward (fwd) step   =          0.079151
  .. Time in ScaLAPACK root       =          0.001576
  .. Time in backward (bwd) step  =          0.069040
 Time to gather solution(cent.sol)=       0.000000
 Time to copy/scale dist. solution=       0.000494

 Elapsed time in solve driver=       0.3025
  158 KSP Residual norm 3.605194479674e-06

Entering DMUMPS 5.6.2 from C interface with JOB, N =   3     1237277
      executing #MPI =    128 and #OMP =      2



 ****** SOLVE & CHECK STEP ********

 GLOBAL STATISTICS PRIOR SOLVE PHASE ...........
 Number of right-hand-sides                    =           1
 Blocking factor for multiple rhs              =           1
 ICNTL (9)                                     =           1
  --- (10)                                     =           0
  --- (11)                                     =           0
  --- (20)                                     =          10
  --- (21)                                     =           1
  --- (30)                                     =           0
  --- (35)                                     =           0
 WARNING: original distributed matrix is not allocated
 ** Rank of processor needing largest memory in solve     :       127
 ** Space in MBYTES used by this processor for solve      :       789
 ** Avg. Space in MBYTES per working proc during solve    :       425

 Leaving solve with ...
 Time to build/scatter RHS        =       0.002436
 Time in solution step (fwd/bwd)  =       0.151877
  .. Time in forward (fwd) step   =          0.079088
  .. Time in ScaLAPACK root       =          0.001578
  .. Time in backward (bwd) step  =          0.071188
 Time to gather solution(cent.sol)=       0.000000
 Time to copy/scale dist. solution=       0.000504

 Elapsed time in solve driver=       0.3041
  159 KSP Residual norm 3.148871061395e-06

Entering DMUMPS 5.6.2 from C interface with JOB, N =   3     1237277
      executing #MPI =    128 and #OMP =      2



 ****** SOLVE & CHECK STEP ********

 GLOBAL STATISTICS PRIOR SOLVE PHASE ...........
 Number of right-hand-sides                    =           1
 Blocking factor for multiple rhs              =           1
 ICNTL (9)                                     =           1
  --- (10)                                     =           0
  --- (11)                                     =           0
  --- (20)                                     =          10
  --- (21)                                     =           1
  --- (30)                                     =           0
  --- (35)                                     =           0
 WARNING: original distributed matrix is not allocated
 ** Rank of processor needing largest memory in solve     :       127
 ** Space in MBYTES used by this processor for solve      :       789
 ** Avg. Space in MBYTES per working proc during solve    :       425

 Leaving solve with ...
 Time to build/scatter RHS        =       0.002565
 Time in solution step (fwd/bwd)  =       0.151048
  .. Time in forward (fwd) step   =          0.078331
  .. Time in ScaLAPACK root       =          0.001593
  .. Time in backward (bwd) step  =          0.071099
 Time to gather solution(cent.sol)=       0.000000
 Time to copy/scale dist. solution=       0.000493

 Elapsed time in solve driver=       0.3065
  160 KSP Residual norm 2.800994895439e-06

Entering DMUMPS 5.6.2 from C interface with JOB, N =   3     1237277
      executing #MPI =    128 and #OMP =      2



 ****** SOLVE & CHECK STEP ********

 GLOBAL STATISTICS PRIOR SOLVE PHASE ...........
 Number of right-hand-sides                    =           1
 Blocking factor for multiple rhs              =           1
 ICNTL (9)                                     =           1
  --- (10)                                     =           0
  --- (11)                                     =           0
  --- (20)                                     =          10
  --- (21)                                     =           1
  --- (30)                                     =           0
  --- (35)                                     =           0
 WARNING: original distributed matrix is not allocated
 ** Rank of processor needing largest memory in solve     :       127
 ** Space in MBYTES used by this processor for solve      :       789
 ** Avg. Space in MBYTES per working proc during solve    :       425

 Leaving solve with ...
 Time to build/scatter RHS        =       0.002424
 Time in solution step (fwd/bwd)  =       0.150315
  .. Time in forward (fwd) step   =          0.078612
  .. Time in ScaLAPACK root       =          0.001575
  .. Time in backward (bwd) step  =          0.070107
 Time to gather solution(cent.sol)=       0.000000
 Time to copy/scale dist. solution=       0.000494

 Elapsed time in solve driver=       0.3066
  161 KSP Residual norm 2.537546380373e-06

Entering DMUMPS 5.6.2 from C interface with JOB, N =   3     1237277
      executing #MPI =    128 and #OMP =      2



 ****** SOLVE & CHECK STEP ********

 GLOBAL STATISTICS PRIOR SOLVE PHASE ...........
 Number of right-hand-sides                    =           1
 Blocking factor for multiple rhs              =           1
 ICNTL (9)                                     =           1
  --- (10)                                     =           0
  --- (11)                                     =           0
  --- (20)                                     =          10
  --- (21)                                     =           1
  --- (30)                                     =           0
  --- (35)                                     =           0
 WARNING: original distributed matrix is not allocated
 ** Rank of processor needing largest memory in solve     :       127
 ** Space in MBYTES used by this processor for solve      :       789
 ** Avg. Space in MBYTES per working proc during solve    :       425

 Leaving solve with ...
 Time to build/scatter RHS        =       0.002419
 Time in solution step (fwd/bwd)  =       0.148766
  .. Time in forward (fwd) step   =          0.079107
  .. Time in ScaLAPACK root       =          0.001588
  .. Time in backward (bwd) step  =          0.068039
 Time to gather solution(cent.sol)=       0.000000
 Time to copy/scale dist. solution=       0.000506

 Elapsed time in solve driver=       0.3059
  162 KSP Residual norm 2.362566978191e-06

Entering DMUMPS 5.6.2 from C interface with JOB, N =   3     1237277
      executing #MPI =    128 and #OMP =      2



 ****** SOLVE & CHECK STEP ********

 GLOBAL STATISTICS PRIOR SOLVE PHASE ...........
 Number of right-hand-sides                    =           1
 Blocking factor for multiple rhs              =           1
 ICNTL (9)                                     =           1
  --- (10)                                     =           0
  --- (11)                                     =           0
  --- (20)                                     =          10
  --- (21)                                     =           1
  --- (30)                                     =           0
  --- (35)                                     =           0
 WARNING: original distributed matrix is not allocated
 ** Rank of processor needing largest memory in solve     :       127
 ** Space in MBYTES used by this processor for solve      :       789
 ** Avg. Space in MBYTES per working proc during solve    :       425

 Leaving solve with ...
 Time to build/scatter RHS        =       0.063834
 Time in solution step (fwd/bwd)  =       0.150398
  .. Time in forward (fwd) step   =          0.079543
  .. Time in ScaLAPACK root       =          0.001598
  .. Time in backward (bwd) step  =          0.069232
 Time to gather solution(cent.sol)=       0.000000
 Time to copy/scale dist. solution=       0.000507

 Elapsed time in solve driver=       0.3661
  163 KSP Residual norm 2.183324261471e-06

Entering DMUMPS 5.6.2 from C interface with JOB, N =   3     1237277
      executing #MPI =    128 and #OMP =      2



 ****** SOLVE & CHECK STEP ********

 GLOBAL STATISTICS PRIOR SOLVE PHASE ...........
 Number of right-hand-sides                    =           1
 Blocking factor for multiple rhs              =           1
 ICNTL (9)                                     =           1
  --- (10)                                     =           0
  --- (11)                                     =           0
  --- (20)                                     =          10
  --- (21)                                     =           1
  --- (30)                                     =           0
  --- (35)                                     =           0
 WARNING: original distributed matrix is not allocated
 ** Rank of processor needing largest memory in solve     :       127
 ** Space in MBYTES used by this processor for solve      :       789
 ** Avg. Space in MBYTES per working proc during solve    :       425

 Leaving solve with ...
 Time to build/scatter RHS        =       0.002694
 Time in solution step (fwd/bwd)  =       0.150321
  .. Time in forward (fwd) step   =          0.078444
  .. Time in ScaLAPACK root       =          0.001588
  .. Time in backward (bwd) step  =          0.070264
 Time to gather solution(cent.sol)=       0.000000
 Time to copy/scale dist. solution=       0.000490

 Elapsed time in solve driver=       0.3032
  164 KSP Residual norm 1.939145117316e-06

Entering DMUMPS 5.6.2 from C interface with JOB, N =   3     1237277
      executing #MPI =    128 and #OMP =      2



 ****** SOLVE & CHECK STEP ********

 GLOBAL STATISTICS PRIOR SOLVE PHASE ...........
 Number of right-hand-sides                    =           1
 Blocking factor for multiple rhs              =           1
 ICNTL (9)                                     =           1
  --- (10)                                     =           0
  --- (11)                                     =           0
  --- (20)                                     =          10
  --- (21)                                     =           1
  --- (30)                                     =           0
  --- (35)                                     =           0
 WARNING: original distributed matrix is not allocated
 ** Rank of processor needing largest memory in solve     :       127
 ** Space in MBYTES used by this processor for solve      :       789
 ** Avg. Space in MBYTES per working proc during solve    :       425

 Leaving solve with ...
 Time to build/scatter RHS        =       0.002752
 Time in solution step (fwd/bwd)  =       0.148567
  .. Time in forward (fwd) step   =          0.077697
  .. Time in ScaLAPACK root       =          0.001595
  .. Time in backward (bwd) step  =          0.069256
 Time to gather solution(cent.sol)=       0.000000
 Time to copy/scale dist. solution=       0.000504

 Elapsed time in solve driver=       0.3023
  165 KSP Residual norm 1.613299164708e-06

Entering DMUMPS 5.6.2 from C interface with JOB, N =   3     1237277
      executing #MPI =    128 and #OMP =      2



 ****** SOLVE & CHECK STEP ********

 GLOBAL STATISTICS PRIOR SOLVE PHASE ...........
 Number of right-hand-sides                    =           1
 Blocking factor for multiple rhs              =           1
 ICNTL (9)                                     =           1
  --- (10)                                     =           0
  --- (11)                                     =           0
  --- (20)                                     =          10
  --- (21)                                     =           1
  --- (30)                                     =           0
  --- (35)                                     =           0
 WARNING: original distributed matrix is not allocated
 ** Rank of processor needing largest memory in solve     :       127
 ** Space in MBYTES used by this processor for solve      :       789
 ** Avg. Space in MBYTES per working proc during solve    :       425

 Leaving solve with ...
 Time to build/scatter RHS        =       0.002742
 Time in solution step (fwd/bwd)  =       0.152823
  .. Time in forward (fwd) step   =          0.079164
  .. Time in ScaLAPACK root       =          0.001579
  .. Time in backward (bwd) step  =          0.072057
 Time to gather solution(cent.sol)=       0.000000
 Time to copy/scale dist. solution=       0.000495

 Elapsed time in solve driver=       0.3087
  166 KSP Residual norm 1.323986887073e-06

Entering DMUMPS 5.6.2 from C interface with JOB, N =   3     1237277
      executing #MPI =    128 and #OMP =      2



 ****** SOLVE & CHECK STEP ********

 GLOBAL STATISTICS PRIOR SOLVE PHASE ...........
 Number of right-hand-sides                    =           1
 Blocking factor for multiple rhs              =           1
 ICNTL (9)                                     =           1
  --- (10)                                     =           0
  --- (11)                                     =           0
  --- (20)                                     =          10
  --- (21)                                     =           1
  --- (30)                                     =           0
  --- (35)                                     =           0
 WARNING: original distributed matrix is not allocated
 ** Rank of processor needing largest memory in solve     :       127
 ** Space in MBYTES used by this processor for solve      :       789
 ** Avg. Space in MBYTES per working proc during solve    :       425

 Leaving solve with ...
 Time to build/scatter RHS        =       0.002629
 Time in solution step (fwd/bwd)  =       0.152256
  .. Time in forward (fwd) step   =          0.078343
  .. Time in ScaLAPACK root       =          0.001587
  .. Time in backward (bwd) step  =          0.072307
 Time to gather solution(cent.sol)=       0.000000
 Time to copy/scale dist. solution=       0.000495

 Elapsed time in solve driver=       0.3069
  167 KSP Residual norm 1.090801154778e-06

Entering DMUMPS 5.6.2 from C interface with JOB, N =   3     1237277
      executing #MPI =    128 and #OMP =      2



 ****** SOLVE & CHECK STEP ********

 GLOBAL STATISTICS PRIOR SOLVE PHASE ...........
 Number of right-hand-sides                    =           1
 Blocking factor for multiple rhs              =           1
 ICNTL (9)                                     =           1
  --- (10)                                     =           0
  --- (11)                                     =           0
  --- (20)                                     =          10
  --- (21)                                     =           1
  --- (30)                                     =           0
  --- (35)                                     =           0
 WARNING: original distributed matrix is not allocated
 ** Rank of processor needing largest memory in solve     :       127
 ** Space in MBYTES used by this processor for solve      :       789
 ** Avg. Space in MBYTES per working proc during solve    :       425

 Leaving solve with ...
 Time to build/scatter RHS        =       0.002678
 Time in solution step (fwd/bwd)  =       0.150461
  .. Time in forward (fwd) step   =          0.078616
  .. Time in ScaLAPACK root       =          0.001552
  .. Time in backward (bwd) step  =          0.070273
 Time to gather solution(cent.sol)=       0.000000
 Time to copy/scale dist. solution=       0.000489

 Elapsed time in solve driver=       0.3041
  168 KSP Residual norm 9.602038762695e-07

Entering DMUMPS 5.6.2 from C interface with JOB, N =   3     1237277
      executing #MPI =    128 and #OMP =      2



 ****** SOLVE & CHECK STEP ********

 GLOBAL STATISTICS PRIOR SOLVE PHASE ...........
 Number of right-hand-sides                    =           1
 Blocking factor for multiple rhs              =           1
 ICNTL (9)                                     =           1
  --- (10)                                     =           0
  --- (11)                                     =           0
  --- (20)                                     =          10
  --- (21)                                     =           1
  --- (30)                                     =           0
  --- (35)                                     =           0
 WARNING: original distributed matrix is not allocated
 ** Rank of processor needing largest memory in solve     :       127
 ** Space in MBYTES used by this processor for solve      :       789
 ** Avg. Space in MBYTES per working proc during solve    :       425

 Leaving solve with ...
 Time to build/scatter RHS        =       0.002820
 Time in solution step (fwd/bwd)  =       0.152074
  .. Time in forward (fwd) step   =          0.079288
  .. Time in ScaLAPACK root       =          0.001599
  .. Time in backward (bwd) step  =          0.071158
 Time to gather solution(cent.sol)=       0.000000
 Time to copy/scale dist. solution=       0.000492

 Elapsed time in solve driver=       0.3113
  169 KSP Residual norm 8.324213410483e-07

Entering DMUMPS 5.6.2 from C interface with JOB, N =   3     1237277
      executing #MPI =    128 and #OMP =      2



 ****** SOLVE & CHECK STEP ********

 GLOBAL STATISTICS PRIOR SOLVE PHASE ...........
 Number of right-hand-sides                    =           1
 Blocking factor for multiple rhs              =           1
 ICNTL (9)                                     =           1
  --- (10)                                     =           0
  --- (11)                                     =           0
  --- (20)                                     =          10
  --- (21)                                     =           1
  --- (30)                                     =           0
  --- (35)                                     =           0
 WARNING: original distributed matrix is not allocated
 ** Rank of processor needing largest memory in solve     :       127
 ** Space in MBYTES used by this processor for solve      :       789
 ** Avg. Space in MBYTES per working proc during solve    :       425

 Leaving solve with ...
 Time to build/scatter RHS        =       0.002686
 Time in solution step (fwd/bwd)  =       0.151981
  .. Time in forward (fwd) step   =          0.078548
  .. Time in ScaLAPACK root       =          0.001574
  .. Time in backward (bwd) step  =          0.071839
 Time to gather solution(cent.sol)=       0.000000
 Time to copy/scale dist. solution=       0.000491

 Elapsed time in solve driver=       0.3061
  170 KSP Residual norm 6.790697387814e-07

Entering DMUMPS 5.6.2 from C interface with JOB, N =   3     1237277
      executing #MPI =    128 and #OMP =      2



 ****** SOLVE & CHECK STEP ********

 GLOBAL STATISTICS PRIOR SOLVE PHASE ...........
 Number of right-hand-sides                    =           1
 Blocking factor for multiple rhs              =           1
 ICNTL (9)                                     =           1
  --- (10)                                     =           0
  --- (11)                                     =           0
  --- (20)                                     =          10
  --- (21)                                     =           1
  --- (30)                                     =           0
  --- (35)                                     =           0
 WARNING: original distributed matrix is not allocated
 ** Rank of processor needing largest memory in solve     :       127
 ** Space in MBYTES used by this processor for solve      :       789
 ** Avg. Space in MBYTES per working proc during solve    :       425

 Leaving solve with ...
 Time to build/scatter RHS        =       0.002701
 Time in solution step (fwd/bwd)  =       0.153376
  .. Time in forward (fwd) step   =          0.078074
  .. Time in ScaLAPACK root       =          0.001582
  .. Time in backward (bwd) step  =          0.073694
 Time to gather solution(cent.sol)=       0.000000
 Time to copy/scale dist. solution=       0.000486

 Elapsed time in solve driver=       0.3071
  171 KSP Residual norm 5.626462977421e-07

Entering DMUMPS 5.6.2 from C interface with JOB, N =   3     1237277
      executing #MPI =    128 and #OMP =      2



 ****** SOLVE & CHECK STEP ********

 GLOBAL STATISTICS PRIOR SOLVE PHASE ...........
 Number of right-hand-sides                    =           1
 Blocking factor for multiple rhs              =           1
 ICNTL (9)                                     =           1
  --- (10)                                     =           0
  --- (11)                                     =           0
  --- (20)                                     =          10
  --- (21)                                     =           1
  --- (30)                                     =           0
  --- (35)                                     =           0
 WARNING: original distributed matrix is not allocated
 ** Rank of processor needing largest memory in solve     :       127
 ** Space in MBYTES used by this processor for solve      :       789
 ** Avg. Space in MBYTES per working proc during solve    :       425

 Leaving solve with ...
 Time to build/scatter RHS        =       0.002611
 Time in solution step (fwd/bwd)  =       0.150674
  .. Time in forward (fwd) step   =          0.078722
  .. Time in ScaLAPACK root       =          0.001559
  .. Time in backward (bwd) step  =          0.070374
 Time to gather solution(cent.sol)=       0.000000
 Time to copy/scale dist. solution=       0.000490

 Elapsed time in solve driver=       0.3035
  172 KSP Residual norm 4.947121598751e-07

Entering DMUMPS 5.6.2 from C interface with JOB, N =   3     1237277
      executing #MPI =    128 and #OMP =      2



 ****** SOLVE & CHECK STEP ********

 GLOBAL STATISTICS PRIOR SOLVE PHASE ...........
 Number of right-hand-sides                    =           1
 Blocking factor for multiple rhs              =           1
 ICNTL (9)                                     =           1
  --- (10)                                     =           0
  --- (11)                                     =           0
  --- (20)                                     =          10
  --- (21)                                     =           1
  --- (30)                                     =           0
  --- (35)                                     =           0
 WARNING: original distributed matrix is not allocated
 ** Rank of processor needing largest memory in solve     :       127
 ** Space in MBYTES used by this processor for solve      :       789
 ** Avg. Space in MBYTES per working proc during solve    :       425

 Leaving solve with ...
 Time to build/scatter RHS        =       0.002851
 Time in solution step (fwd/bwd)  =       0.149729
  .. Time in forward (fwd) step   =          0.078673
  .. Time in ScaLAPACK root       =          0.001598
  .. Time in backward (bwd) step  =          0.069433
 Time to gather solution(cent.sol)=       0.000000
 Time to copy/scale dist. solution=       0.000505

 Elapsed time in solve driver=       0.3021
  173 KSP Residual norm 4.433502987916e-07

Entering DMUMPS 5.6.2 from C interface with JOB, N =   3     1237277
      executing #MPI =    128 and #OMP =      2



 ****** SOLVE & CHECK STEP ********

 GLOBAL STATISTICS PRIOR SOLVE PHASE ...........
 Number of right-hand-sides                    =           1
 Blocking factor for multiple rhs              =           1
 ICNTL (9)                                     =           1
  --- (10)                                     =           0
  --- (11)                                     =           0
  --- (20)                                     =          10
  --- (21)                                     =           1
  --- (30)                                     =           0
  --- (35)                                     =           0
 WARNING: original distributed matrix is not allocated
 ** Rank of processor needing largest memory in solve     :       127
 ** Space in MBYTES used by this processor for solve      :       789
 ** Avg. Space in MBYTES per working proc during solve    :       425

 Leaving solve with ...
 Time to build/scatter RHS        =       0.002582
 Time in solution step (fwd/bwd)  =       0.150568
  .. Time in forward (fwd) step   =          0.077659
  .. Time in ScaLAPACK root       =          0.001560
  .. Time in backward (bwd) step  =          0.071328
 Time to gather solution(cent.sol)=       0.000000
 Time to copy/scale dist. solution=       0.000495

 Elapsed time in solve driver=       0.3038
  174 KSP Residual norm 3.960227585644e-07

Entering DMUMPS 5.6.2 from C interface with JOB, N =   3     1237277
      executing #MPI =    128 and #OMP =      2



 ****** SOLVE & CHECK STEP ********

 GLOBAL STATISTICS PRIOR SOLVE PHASE ...........
 Number of right-hand-sides                    =           1
 Blocking factor for multiple rhs              =           1
 ICNTL (9)                                     =           1
  --- (10)                                     =           0
  --- (11)                                     =           0
  --- (20)                                     =          10
  --- (21)                                     =           1
  --- (30)                                     =           0
  --- (35)                                     =           0
 WARNING: original distributed matrix is not allocated
 ** Rank of processor needing largest memory in solve     :       127
 ** Space in MBYTES used by this processor for solve      :       789
 ** Avg. Space in MBYTES per working proc during solve    :       425

 Leaving solve with ...
 Time to build/scatter RHS        =       0.002602
 Time in solution step (fwd/bwd)  =       0.150650
  .. Time in forward (fwd) step   =          0.078357
  .. Time in ScaLAPACK root       =          0.001574
  .. Time in backward (bwd) step  =          0.070699
 Time to gather solution(cent.sol)=       0.000000
 Time to copy/scale dist. solution=       0.000498

 Elapsed time in solve driver=       0.3049
  175 KSP Residual norm 3.422668467743e-07

Entering DMUMPS 5.6.2 from C interface with JOB, N =   3     1237277
      executing #MPI =    128 and #OMP =      2



 ****** SOLVE & CHECK STEP ********

 GLOBAL STATISTICS PRIOR SOLVE PHASE ...........
 Number of right-hand-sides                    =           1
 Blocking factor for multiple rhs              =           1
 ICNTL (9)                                     =           1
  --- (10)                                     =           0
  --- (11)                                     =           0
  --- (20)                                     =          10
  --- (21)                                     =           1
  --- (30)                                     =           0
  --- (35)                                     =           0
 WARNING: original distributed matrix is not allocated
 ** Rank of processor needing largest memory in solve     :       127
 ** Space in MBYTES used by this processor for solve      :       789
 ** Avg. Space in MBYTES per working proc during solve    :       425

 Leaving solve with ...
 Time to build/scatter RHS        =       0.002656
 Time in solution step (fwd/bwd)  =       0.151382
  .. Time in forward (fwd) step   =          0.078449
  .. Time in ScaLAPACK root       =          0.001590
  .. Time in backward (bwd) step  =          0.071310
 Time to gather solution(cent.sol)=       0.000000
 Time to copy/scale dist. solution=       0.000506

 Elapsed time in solve driver=       0.3115
  176 KSP Residual norm 2.890191811446e-07

Entering DMUMPS 5.6.2 from C interface with JOB, N =   3     1237277
      executing #MPI =    128 and #OMP =      2



 ****** SOLVE & CHECK STEP ********

 GLOBAL STATISTICS PRIOR SOLVE PHASE ...........
 Number of right-hand-sides                    =           1
 Blocking factor for multiple rhs              =           1
 ICNTL (9)                                     =           1
  --- (10)                                     =           0
  --- (11)                                     =           0
  --- (20)                                     =          10
  --- (21)                                     =           1
  --- (30)                                     =           0
  --- (35)                                     =           0
 WARNING: original distributed matrix is not allocated
 ** Rank of processor needing largest memory in solve     :       127
 ** Space in MBYTES used by this processor for solve      :       789
 ** Avg. Space in MBYTES per working proc during solve    :       425

 Leaving solve with ...
 Time to build/scatter RHS        =       0.002663
 Time in solution step (fwd/bwd)  =       0.151063
  .. Time in forward (fwd) step   =          0.078933
  .. Time in ScaLAPACK root       =          0.001585
  .. Time in backward (bwd) step  =          0.070522
 Time to gather solution(cent.sol)=       0.000000
 Time to copy/scale dist. solution=       0.000509

 Elapsed time in solve driver=       0.3021
  177 KSP Residual norm 2.361769956591e-07

Entering DMUMPS 5.6.2 from C interface with JOB, N =   3     1237277
      executing #MPI =    128 and #OMP =      2



 ****** SOLVE & CHECK STEP ********

 GLOBAL STATISTICS PRIOR SOLVE PHASE ...........
 Number of right-hand-sides                    =           1
 Blocking factor for multiple rhs              =           1
 ICNTL (9)                                     =           1
  --- (10)                                     =           0
  --- (11)                                     =           0
  --- (20)                                     =          10
  --- (21)                                     =           1
  --- (30)                                     =           0
  --- (35)                                     =           0
 WARNING: original distributed matrix is not allocated
 ** Rank of processor needing largest memory in solve     :       127
 ** Space in MBYTES used by this processor for solve      :       789
 ** Avg. Space in MBYTES per working proc during solve    :       425

 Leaving solve with ...
 Time to build/scatter RHS        =       0.002622
 Time in solution step (fwd/bwd)  =       0.150069
  .. Time in forward (fwd) step   =          0.078877
  .. Time in ScaLAPACK root       =          0.001572
  .. Time in backward (bwd) step  =          0.069599
 Time to gather solution(cent.sol)=       0.000000
 Time to copy/scale dist. solution=       0.000493

 Elapsed time in solve driver=       0.3000
  178 KSP Residual norm 1.994083781967e-07

Entering DMUMPS 5.6.2 from C interface with JOB, N =   3     1237277
      executing #MPI =    128 and #OMP =      2



 ****** SOLVE & CHECK STEP ********

 GLOBAL STATISTICS PRIOR SOLVE PHASE ...........
 Number of right-hand-sides                    =           1
 Blocking factor for multiple rhs              =           1
 ICNTL (9)                                     =           1
  --- (10)                                     =           0
  --- (11)                                     =           0
  --- (20)                                     =          10
  --- (21)                                     =           1
  --- (30)                                     =           0
  --- (35)                                     =           0
 WARNING: original distributed matrix is not allocated
 ** Rank of processor needing largest memory in solve     :       127
 ** Space in MBYTES used by this processor for solve      :       789
 ** Avg. Space in MBYTES per working proc during solve    :       425

 Leaving solve with ...
 Time to build/scatter RHS        =       0.002595
 Time in solution step (fwd/bwd)  =       0.148552
  .. Time in forward (fwd) step   =          0.078048
  .. Time in ScaLAPACK root       =          0.001581
  .. Time in backward (bwd) step  =          0.068903
 Time to gather solution(cent.sol)=       0.000000
 Time to copy/scale dist. solution=       0.000488

 Elapsed time in solve driver=       0.3042
  179 KSP Residual norm 1.764816072476e-07

Entering DMUMPS 5.6.2 from C interface with JOB, N =   3     1237277
      executing #MPI =    128 and #OMP =      2



 ****** SOLVE & CHECK STEP ********

 GLOBAL STATISTICS PRIOR SOLVE PHASE ...........
 Number of right-hand-sides                    =           1
 Blocking factor for multiple rhs              =           1
 ICNTL (9)                                     =           1
  --- (10)                                     =           0
  --- (11)                                     =           0
  --- (20)                                     =          10
  --- (21)                                     =           1
  --- (30)                                     =           0
  --- (35)                                     =           0
 WARNING: original distributed matrix is not allocated
 ** Rank of processor needing largest memory in solve     :       127
 ** Space in MBYTES used by this processor for solve      :       789
 ** Avg. Space in MBYTES per working proc during solve    :       425

 Leaving solve with ...
 Time to build/scatter RHS        =       0.002634
 Time in solution step (fwd/bwd)  =       0.150982
  .. Time in forward (fwd) step   =          0.079225
  .. Time in ScaLAPACK root       =          0.001606
  .. Time in backward (bwd) step  =          0.070128
 Time to gather solution(cent.sol)=       0.000000
 Time to copy/scale dist. solution=       0.000518

 Elapsed time in solve driver=       0.3046
  180 KSP Residual norm 1.570306638779e-07

Entering DMUMPS 5.6.2 from C interface with JOB, N =   3     1237277
      executing #MPI =    128 and #OMP =      2



 ****** SOLVE & CHECK STEP ********

 GLOBAL STATISTICS PRIOR SOLVE PHASE ...........
 Number of right-hand-sides                    =           1
 Blocking factor for multiple rhs              =           1
 ICNTL (9)                                     =           1
  --- (10)                                     =           0
  --- (11)                                     =           0
  --- (20)                                     =          10
  --- (21)                                     =           1
  --- (30)                                     =           0
  --- (35)                                     =           0
 WARNING: original distributed matrix is not allocated
 ** Rank of processor needing largest memory in solve     :       127
 ** Space in MBYTES used by this processor for solve      :       789
 ** Avg. Space in MBYTES per working proc during solve    :       425

 Leaving solve with ...
 Time to build/scatter RHS        =       0.002643
 Time in solution step (fwd/bwd)  =       0.151408
  .. Time in forward (fwd) step   =          0.079306
  .. Time in ScaLAPACK root       =          0.001568
  .. Time in backward (bwd) step  =          0.070514
 Time to gather solution(cent.sol)=       0.000000
 Time to copy/scale dist. solution=       0.000507

 Elapsed time in solve driver=       0.3072
  181 KSP Residual norm 1.403143550662e-07

Entering DMUMPS 5.6.2 from C interface with JOB, N =   3     1237277
      executing #MPI =    128 and #OMP =      2



 ****** SOLVE & CHECK STEP ********

 GLOBAL STATISTICS PRIOR SOLVE PHASE ...........
 Number of right-hand-sides                    =           1
 Blocking factor for multiple rhs              =           1
 ICNTL (9)                                     =           1
  --- (10)                                     =           0
  --- (11)                                     =           0
  --- (20)                                     =          10
  --- (21)                                     =           1
  --- (30)                                     =           0
  --- (35)                                     =           0
 WARNING: original distributed matrix is not allocated
 ** Rank of processor needing largest memory in solve     :       127
 ** Space in MBYTES used by this processor for solve      :       789
 ** Avg. Space in MBYTES per working proc during solve    :       425

 Leaving solve with ...
 Time to build/scatter RHS        =       0.002671
 Time in solution step (fwd/bwd)  =       0.149657
  .. Time in forward (fwd) step   =          0.078618
  .. Time in ScaLAPACK root       =          0.001620
  .. Time in backward (bwd) step  =          0.069399
 Time to gather solution(cent.sol)=       0.000000
 Time to copy/scale dist. solution=       0.000491

 Elapsed time in solve driver=       0.3012
  182 KSP Residual norm 1.258741820227e-07

Entering DMUMPS 5.6.2 from C interface with JOB, N =   3     1237277
      executing #MPI =    128 and #OMP =      2



 ****** SOLVE & CHECK STEP ********

 GLOBAL STATISTICS PRIOR SOLVE PHASE ...........
 Number of right-hand-sides                    =           1
 Blocking factor for multiple rhs              =           1
 ICNTL (9)                                     =           1
  --- (10)                                     =           0
  --- (11)                                     =           0
  --- (20)                                     =          10
  --- (21)                                     =           1
  --- (30)                                     =           0
  --- (35)                                     =           0
 WARNING: original distributed matrix is not allocated
 ** Rank of processor needing largest memory in solve     :       127
 ** Space in MBYTES used by this processor for solve      :       789
 ** Avg. Space in MBYTES per working proc during solve    :       425

 Leaving solve with ...
 Time to build/scatter RHS        =       0.002570
 Time in solution step (fwd/bwd)  =       0.148509
  .. Time in forward (fwd) step   =          0.078146
  .. Time in ScaLAPACK root       =          0.001587
  .. Time in backward (bwd) step  =          0.068748
 Time to gather solution(cent.sol)=       0.000000
 Time to copy/scale dist. solution=       0.000498

 Elapsed time in solve driver=       0.3049
  183 KSP Residual norm 1.105321453303e-07

Entering DMUMPS 5.6.2 from C interface with JOB, N =   3     1237277
      executing #MPI =    128 and #OMP =      2



 ****** SOLVE & CHECK STEP ********

 GLOBAL STATISTICS PRIOR SOLVE PHASE ...........
 Number of right-hand-sides                    =           1
 Blocking factor for multiple rhs              =           1
 ICNTL (9)                                     =           1
  --- (10)                                     =           0
  --- (11)                                     =           0
  --- (20)                                     =          10
  --- (21)                                     =           1
  --- (30)                                     =           0
  --- (35)                                     =           0
 WARNING: original distributed matrix is not allocated
 ** Rank of processor needing largest memory in solve     :       127
 ** Space in MBYTES used by this processor for solve      :       789
 ** Avg. Space in MBYTES per working proc during solve    :       425

 Leaving solve with ...
 Time to build/scatter RHS        =       0.002379
 Time in solution step (fwd/bwd)  =       0.149714
  .. Time in forward (fwd) step   =          0.079198
  .. Time in ScaLAPACK root       =          0.001592
  .. Time in backward (bwd) step  =          0.068901
 Time to gather solution(cent.sol)=       0.000000
 Time to copy/scale dist. solution=       0.000498

 Elapsed time in solve driver=       0.2945
  184 KSP Residual norm 9.315572336236e-08

Entering DMUMPS 5.6.2 from C interface with JOB, N =   3     1237277
      executing #MPI =    128 and #OMP =      2



 ****** SOLVE & CHECK STEP ********

 GLOBAL STATISTICS PRIOR SOLVE PHASE ...........
 Number of right-hand-sides                    =           1
 Blocking factor for multiple rhs              =           1
 ICNTL (9)                                     =           1
  --- (10)                                     =           0
  --- (11)                                     =           0
  --- (20)                                     =          10
  --- (21)                                     =           1
  --- (30)                                     =           0
  --- (35)                                     =           0
 WARNING: original distributed matrix is not allocated
 ** Rank of processor needing largest memory in solve     :       127
 ** Space in MBYTES used by this processor for solve      :       789
 ** Avg. Space in MBYTES per working proc during solve    :       425

 Leaving solve with ...
 Time to build/scatter RHS        =       0.002231
 Time in solution step (fwd/bwd)  =       0.149441
  .. Time in forward (fwd) step   =          0.078158
  .. Time in ScaLAPACK root       =          0.001562
  .. Time in backward (bwd) step  =          0.069698
 Time to gather solution(cent.sol)=       0.000000
 Time to copy/scale dist. solution=       0.000499

 Elapsed time in solve driver=       0.3002
  185 KSP Residual norm 8.280005023952e-08

Entering DMUMPS 5.6.2 from C interface with JOB, N =   3     1237277
      executing #MPI =    128 and #OMP =      2



 ****** SOLVE & CHECK STEP ********

 GLOBAL STATISTICS PRIOR SOLVE PHASE ...........
 Number of right-hand-sides                    =           1
 Blocking factor for multiple rhs              =           1
 ICNTL (9)                                     =           1
  --- (10)                                     =           0
  --- (11)                                     =           0
  --- (20)                                     =          10
  --- (21)                                     =           1
  --- (30)                                     =           0
  --- (35)                                     =           0
 WARNING: original distributed matrix is not allocated
 ** Rank of processor needing largest memory in solve     :       127
 ** Space in MBYTES used by this processor for solve      :       789
 ** Avg. Space in MBYTES per working proc during solve    :       425

 Leaving solve with ...
 Time to build/scatter RHS        =       0.002263
 Time in solution step (fwd/bwd)  =       0.150550
  .. Time in forward (fwd) step   =          0.079087
  .. Time in ScaLAPACK root       =          0.001593
  .. Time in backward (bwd) step  =          0.069850
 Time to gather solution(cent.sol)=       0.000000
 Time to copy/scale dist. solution=       0.000491

 Elapsed time in solve driver=       0.3050
  186 KSP Residual norm 7.434624253510e-08

Entering DMUMPS 5.6.2 from C interface with JOB, N =   3     1237277
      executing #MPI =    128 and #OMP =      2



 ****** SOLVE & CHECK STEP ********

 GLOBAL STATISTICS PRIOR SOLVE PHASE ...........
 Number of right-hand-sides                    =           1
 Blocking factor for multiple rhs              =           1
 ICNTL (9)                                     =           1
  --- (10)                                     =           0
  --- (11)                                     =           0
  --- (20)                                     =          10
  --- (21)                                     =           1
  --- (30)                                     =           0
  --- (35)                                     =           0
 WARNING: original distributed matrix is not allocated
 ** Rank of processor needing largest memory in solve     :       127
 ** Space in MBYTES used by this processor for solve      :       789
 ** Avg. Space in MBYTES per working proc during solve    :       425

 Leaving solve with ...
 Time to build/scatter RHS        =       0.002502
 Time in solution step (fwd/bwd)  =       0.150418
  .. Time in forward (fwd) step   =          0.079063
  .. Time in ScaLAPACK root       =          0.001599
  .. Time in backward (bwd) step  =          0.069736
 Time to gather solution(cent.sol)=       0.000000
 Time to copy/scale dist. solution=       0.000501

 Elapsed time in solve driver=       0.2965
  187 KSP Residual norm 6.721814854844e-08

Entering DMUMPS 5.6.2 from C interface with JOB, N =   3     1237277
      executing #MPI =    128 and #OMP =      2



 ****** SOLVE & CHECK STEP ********

 GLOBAL STATISTICS PRIOR SOLVE PHASE ...........
 Number of right-hand-sides                    =           1
 Blocking factor for multiple rhs              =           1
 ICNTL (9)                                     =           1
  --- (10)                                     =           0
  --- (11)                                     =           0
  --- (20)                                     =          10
  --- (21)                                     =           1
  --- (30)                                     =           0
  --- (35)                                     =           0
 WARNING: original distributed matrix is not allocated
 ** Rank of processor needing largest memory in solve     :       127
 ** Space in MBYTES used by this processor for solve      :       789
 ** Avg. Space in MBYTES per working proc during solve    :       425

 Leaving solve with ...
 Time to build/scatter RHS        =       0.002367
 Time in solution step (fwd/bwd)  =       0.150038
  .. Time in forward (fwd) step   =          0.078848
  .. Time in ScaLAPACK root       =          0.001587
  .. Time in backward (bwd) step  =          0.069584
 Time to gather solution(cent.sol)=       0.000000
 Time to copy/scale dist. solution=       0.000499

 Elapsed time in solve driver=       0.2992
  188 KSP Residual norm 6.373902882883e-08

Entering DMUMPS 5.6.2 from C interface with JOB, N =   3     1237277
      executing #MPI =    128 and #OMP =      2



 ****** SOLVE & CHECK STEP ********

 GLOBAL STATISTICS PRIOR SOLVE PHASE ...........
 Number of right-hand-sides                    =           1
 Blocking factor for multiple rhs              =           1
 ICNTL (9)                                     =           1
  --- (10)                                     =           0
  --- (11)                                     =           0
  --- (20)                                     =          10
  --- (21)                                     =           1
  --- (30)                                     =           0
  --- (35)                                     =           0
 WARNING: original distributed matrix is not allocated
 ** Rank of processor needing largest memory in solve     :       127
 ** Space in MBYTES used by this processor for solve      :       789
 ** Avg. Space in MBYTES per working proc during solve    :       425

 Leaving solve with ...
 Time to build/scatter RHS        =       0.002542
 Time in solution step (fwd/bwd)  =       0.151333
  .. Time in forward (fwd) step   =          0.078970
  .. Time in ScaLAPACK root       =          0.001602
  .. Time in backward (bwd) step  =          0.070740
 Time to gather solution(cent.sol)=       0.000000
 Time to copy/scale dist. solution=       0.000489

 Elapsed time in solve driver=       0.2986
  189 KSP Residual norm 6.044214568428e-08

Entering DMUMPS 5.6.2 from C interface with JOB, N =   3     1237277
      executing #MPI =    128 and #OMP =      2



 ****** SOLVE & CHECK STEP ********

 GLOBAL STATISTICS PRIOR SOLVE PHASE ...........
 Number of right-hand-sides                    =           1
 Blocking factor for multiple rhs              =           1
 ICNTL (9)                                     =           1
  --- (10)                                     =           0
  --- (11)                                     =           0
  --- (20)                                     =          10
  --- (21)                                     =           1
  --- (30)                                     =           0
  --- (35)                                     =           0
 WARNING: original distributed matrix is not allocated
 ** Rank of processor needing largest memory in solve     :       127
 ** Space in MBYTES used by this processor for solve      :       789
 ** Avg. Space in MBYTES per working proc during solve    :       425

 Leaving solve with ...
 Time to build/scatter RHS        =       0.002453
 Time in solution step (fwd/bwd)  =       0.150414
  .. Time in forward (fwd) step   =          0.079151
  .. Time in ScaLAPACK root       =          0.001573
  .. Time in backward (bwd) step  =          0.069657
 Time to gather solution(cent.sol)=       0.000000
 Time to copy/scale dist. solution=       0.000502

 Elapsed time in solve driver=       0.2988
  190 KSP Residual norm 5.702013446209e-08

Entering DMUMPS 5.6.2 from C interface with JOB, N =   3     1237277
      executing #MPI =    128 and #OMP =      2



 ****** SOLVE & CHECK STEP ********

 GLOBAL STATISTICS PRIOR SOLVE PHASE ...........
 Number of right-hand-sides                    =           1
 Blocking factor for multiple rhs              =           1
 ICNTL (9)                                     =           1
  --- (10)                                     =           0
  --- (11)                                     =           0
  --- (20)                                     =          10
  --- (21)                                     =           1
  --- (30)                                     =           0
  --- (35)                                     =           0
 WARNING: original distributed matrix is not allocated
 ** Rank of processor needing largest memory in solve     :       127
 ** Space in MBYTES used by this processor for solve      :       789
 ** Avg. Space in MBYTES per working proc during solve    :       425

 Leaving solve with ...
 Time to build/scatter RHS        =       0.002577
 Time in solution step (fwd/bwd)  =       0.150254
  .. Time in forward (fwd) step   =          0.078425
  .. Time in ScaLAPACK root       =          0.001561
  .. Time in backward (bwd) step  =          0.070243
 Time to gather solution(cent.sol)=       0.000000
 Time to copy/scale dist. solution=       0.000490

 Elapsed time in solve driver=       0.2956
  191 KSP Residual norm 5.243863681454e-08

Entering DMUMPS 5.6.2 from C interface with JOB, N =   3     1237277
      executing #MPI =    128 and #OMP =      2



 ****** SOLVE & CHECK STEP ********

 GLOBAL STATISTICS PRIOR SOLVE PHASE ...........
 Number of right-hand-sides                    =           1
 Blocking factor for multiple rhs              =           1
 ICNTL (9)                                     =           1
  --- (10)                                     =           0
  --- (11)                                     =           0
  --- (20)                                     =          10
  --- (21)                                     =           1
  --- (30)                                     =           0
  --- (35)                                     =           0
 WARNING: original distributed matrix is not allocated
 ** Rank of processor needing largest memory in solve     :       127
 ** Space in MBYTES used by this processor for solve      :       789
 ** Avg. Space in MBYTES per working proc during solve    :       425

 Leaving solve with ...
 Time to build/scatter RHS        =       0.002318
 Time in solution step (fwd/bwd)  =       0.152106
  .. Time in forward (fwd) step   =          0.079336
  .. Time in ScaLAPACK root       =          0.001582
  .. Time in backward (bwd) step  =          0.071168
 Time to gather solution(cent.sol)=       0.000000
 Time to copy/scale dist. solution=       0.000493

 Elapsed time in solve driver=       0.3014
  192 KSP Residual norm 4.687398230107e-08

Entering DMUMPS 5.6.2 from C interface with JOB, N =   3     1237277
      executing #MPI =    128 and #OMP =      2



 ****** SOLVE & CHECK STEP ********

 GLOBAL STATISTICS PRIOR SOLVE PHASE ...........
 Number of right-hand-sides                    =           1
 Blocking factor for multiple rhs              =           1
 ICNTL (9)                                     =           1
  --- (10)                                     =           0
  --- (11)                                     =           0
  --- (20)                                     =          10
  --- (21)                                     =           1
  --- (30)                                     =           0
  --- (35)                                     =           0
 WARNING: original distributed matrix is not allocated
 ** Rank of processor needing largest memory in solve     :       127
 ** Space in MBYTES used by this processor for solve      :       789
 ** Avg. Space in MBYTES per working proc during solve    :       425

 Leaving solve with ...
 Time to build/scatter RHS        =       0.002646
 Time in solution step (fwd/bwd)  =       0.150487
  .. Time in forward (fwd) step   =          0.078474
  .. Time in ScaLAPACK root       =          0.001596
  .. Time in backward (bwd) step  =          0.070396
 Time to gather solution(cent.sol)=       0.000000
 Time to copy/scale dist. solution=       0.000487

 Elapsed time in solve driver=       0.3041
  193 KSP Residual norm 4.208380288726e-08

Entering DMUMPS 5.6.2 from C interface with JOB, N =   3     1237277
      executing #MPI =    128 and #OMP =      2



 ****** SOLVE & CHECK STEP ********

 GLOBAL STATISTICS PRIOR SOLVE PHASE ...........
 Number of right-hand-sides                    =           1
 Blocking factor for multiple rhs              =           1
 ICNTL (9)                                     =           1
  --- (10)                                     =           0
  --- (11)                                     =           0
  --- (20)                                     =          10
  --- (21)                                     =           1
  --- (30)                                     =           0
  --- (35)                                     =           0
 WARNING: original distributed matrix is not allocated
 ** Rank of processor needing largest memory in solve     :       127
 ** Space in MBYTES used by this processor for solve      :       789
 ** Avg. Space in MBYTES per working proc during solve    :       425

 Leaving solve with ...
 Time to build/scatter RHS        =       0.002663
 Time in solution step (fwd/bwd)  =       0.150321
  .. Time in forward (fwd) step   =          0.078917
  .. Time in ScaLAPACK root       =          0.001571
  .. Time in backward (bwd) step  =          0.069808
 Time to gather solution(cent.sol)=       0.000000
 Time to copy/scale dist. solution=       0.000505

 Elapsed time in solve driver=       0.3031
  194 KSP Residual norm 3.718582579124e-08

Entering DMUMPS 5.6.2 from C interface with JOB, N =   3     1237277
      executing #MPI =    128 and #OMP =      2



 ****** SOLVE & CHECK STEP ********

 GLOBAL STATISTICS PRIOR SOLVE PHASE ...........
 Number of right-hand-sides                    =           1
 Blocking factor for multiple rhs              =           1
 ICNTL (9)                                     =           1
  --- (10)                                     =           0
  --- (11)                                     =           0
  --- (20)                                     =          10
  --- (21)                                     =           1
  --- (30)                                     =           0
  --- (35)                                     =           0
 WARNING: original distributed matrix is not allocated
 ** Rank of processor needing largest memory in solve     :       127
 ** Space in MBYTES used by this processor for solve      :       789
 ** Avg. Space in MBYTES per working proc during solve    :       425

 Leaving solve with ...
 Time to build/scatter RHS        =       0.002590
 Time in solution step (fwd/bwd)  =       0.149932
  .. Time in forward (fwd) step   =          0.080221
  .. Time in ScaLAPACK root       =          0.001597
  .. Time in backward (bwd) step  =          0.068088
 Time to gather solution(cent.sol)=       0.000000
 Time to copy/scale dist. solution=       0.000492

 Elapsed time in solve driver=       0.3062
  195 KSP Residual norm 3.310052797536e-08
KSP Object: 128 MPI processes
  type: gmres
    restart=2000, using Classical (unmodified) Gram-Schmidt Orthogonalization with no iterative refinement
    happy breakdown tolerance 1e-30
  maximum iterations=10000, initial guess is zero
  tolerances: relative=1e-07, absolute=1e-50, divergence=10000.
  left preconditioning
  using PRECONDITIONED norm type for convergence test
PC Object: 128 MPI processes
  type: lu
    out-of-place factorization
    tolerance for zero pivot 2.22045e-14
    matrix ordering: external
    factor fill ratio given 0., needed 0.
      Factored matrix follows:
        Mat Object: 128 MPI processes
          type: mumps
          rows=1237277, cols=1237277
          package used to perform factorization: mumps
          total: nonzeros=-1097967296, allocated nonzeros=-1097967296
            MUMPS run parameters:
              Use -ksp_view ::ascii_info_detail to display information for all processes
              RINFOG(1) (global estimated flops for the elimination after analysis): 8.9101e+12
              RINFOG(2) (global estimated flops for the assembly after factorization): 1.0809e+10
              RINFOG(3) (global estimated flops for the elimination after factorization): 8.90927e+12
              (RINFOG(12) RINFOG(13))*2^INFOG(34) (determinant): (0.,0.)*(2^0)
              INFOG(3) (estimated real workspace for factors on all processors after analysis): -3213
              INFOG(4) (estimated integer workspace for factors on all processors after analysis): 21216834
              INFOG(5) (estimated maximum front size in the complete tree): 8712
              INFOG(6) (number of nodes in the complete tree): 15585
              INFOG(7) (ordering option effectively used after analysis): 3
              INFOG(8) (structural symmetry in percent of the permuted matrix after analysis): -1
              INFOG(9) (total real/complex workspace to store the matrix factors after factorization): -3197
              INFOG(10) (total integer space store the matrix factors after factorization): 20401194
              INFOG(11) (order of largest frontal matrix after factorization): 8709
              INFOG(12) (number of off-diagonal pivots): 0
              INFOG(13) (number of delayed pivots after factorization): 0
              INFOG(14) (number of memory compress after factorization): 202
              INFOG(15) (number of steps of iterative refinement after solution): 0
              INFOG(16) (estimated size (in MB) of all MUMPS internal data for factorization after analysis: value on the most memory consuming processor): 930
              INFOG(17) (estimated size of all MUMPS internal data for factorization after analysis: sum over all processors): 71987
              INFOG(18) (size of all MUMPS internal data allocated during factorization: value on the most memory consuming processor): 930
              INFOG(19) (size of all MUMPS internal data allocated during factorization: sum over all processors): 71987
              INFOG(20) (estimated number of entries in the factors): -3197
              INFOG(21) (size in MB of memory effectively used during factorization - value on the most memory consuming processor): 678
              INFOG(22) (size in MB of memory effectively used during factorization - sum over all processors): 57641
              INFOG(23) (after analysis: value of ICNTL(6) effectively used): 0
              INFOG(24) (after analysis: value of ICNTL(12) effectively used): 1
              INFOG(25) (after factorization: number of pivots modified by static pivoting): 0
              INFOG(28) (after factorization: number of null pivots encountered): 0
              INFOG(29) (after factorization: effective number of entries in the factors (sum over all processors)): -3197
              INFOG(30, 31) (after solution: size in Mbytes of memory used during solution phase): 789, 54434
              INFOG(32) (after analysis: type of analysis done): 1
              INFOG(33) (value used for ICNTL(8)): 7
              INFOG(34) (exponent of the determinant if determinant is requested): 0
              INFOG(35) (after factorization: number of entries taking into account BLR factor compression - sum over all processors): -3197
              INFOG(36) (after analysis: estimated size of all MUMPS internal data for running BLR in-core - value on the most memory consuming processor): 0
              INFOG(37) (after analysis: estimated size of all MUMPS internal data for running BLR in-core - sum over all processors): 0
              INFOG(38) (after analysis: estimated size of all MUMPS internal data for running BLR out-of-core - value on the most memory consuming processor): 0
              INFOG(39) (after analysis: estimated size of all MUMPS internal data for running BLR out-of-core - sum over all processors): 0
  linear system matrix followed by preconditioner matrix:
  Mat Object: 128 MPI processes
    type: mpiaij
    rows=1237277, cols=1237277
    total: nonzeros=49824155, allocated nonzeros=175740734
    total number of mallocs used during MatSetValues calls=0
      not using I-node (on process 0) routines
  Mat Object: 128 MPI processes
    type: mpiaij
    rows=1237277, cols=1237277
    total: nonzeros=33192601, allocated nonzeros=175740734
    total number of mallocs used during MatSetValues calls=0
      not using I-node (on process 0) routines
 evaluateResidual called.
 Beginning preallocation for whichMatrix =            3
 Running populateMatrix with whichMatrix =            3
 Time to pre-assemble residual f1 matrix:   0.37442179399977249       seconds.
 Time to assemble residual f1 matrix:   0.21851547400001436       seconds.
 # of nonzeros in residual f1 matrix:    49824155 , allocated:   175740734 , mallocs:           0  (should be 0)
--------- Completed iteration    1 of SNES -----------------------------------
--------- Residual function norm:  2.6486078E-06 -----------------------------
 Linear iteration (KSP) converged.  KSPConvergedReason =            2
   KSP_CONVERGED_RTOL: Norm decreased by rtol.
 Computing diagnostics.
 Initializing f0
    FSADensityPerturbation:     1.6320535613402705E-015
    FSABFlow:                  -5.4251449601761008
    max and min Mach #:        -6.3667694323325447E-002  -6.8803011300117595E-002
    FSAPressurePerturbation:   -7.0359846766430753E-015
    NTV:                        0.0000000000000000
    particleFlux_vm0_psiHat     3.2684619154379297E-018
    particleFlux_vm_psiHat      2.2757283698118318E-005
    classicalParticleFlux       0.0000000000000000
    classicalHeatFlux           9.6963735786926775E-005
    momentumFlux_vm0_psiHat     0.0000000000000000
    momentumFlux_vm_psiHat      8.2662990106536786E-007
    heatFlux_vm0_psiHat         3.4638618284576561E-018
    heatFlux_vm_psiHat          2.3716476795148988E-004
    particle source            -3.1124395436163460E-007
    heat source                -1.6045675678165043E-004
 FSABjHat (bootstrap current):   -5.4251449601761008
 Saving diagnostics to h5 file for iteration            1
 Done with the main solve.  Time to solve:    116.68368374800002       seconds.

Entering DMUMPS 5.6.2 from C interface with JOB =  -2
      executing #MPI =    128 and #OMP =      2
 Goodbye!
